ticker,verdict,mos,confidence,alpha_score,explainability,tensions,bull_case,bear_case,key_assumptions,changes_call,note,crosscheck_class,crosscheck_cause
NATCOPHARM,BUY,0.972387725748791,high,51.9,Weakly-justified,claims market is +97% wrong on a liquid name,model sees +97% to blended fair value; trades 12x vs sector-normal 30x,TENSION: claims market is +97% wrong on a liquid name,Rests on: sector-derived discount rate (PHARMA); statement-derived growth/margins; terminal reinvestment at mature returns.,"Call flips if the model MoS crosses the band edges (±10–15pp), if quality legs deteriorate, or on a data-confidence downgrade.",,Engine-should-have-abstained,engine-rich: exit-multiple/sector-P-E leg inflation (VAL-01 family)
GODFRYPHLP,BUY,0.9685432668880027,high,47.2,Weakly-justified,claims market is +97% wrong on a liquid name,model sees +97% to blended fair value; returns on equity of 20% evidence a real franchise; trades 22x vs sector-normal 42x,TENSION: claims market is +97% wrong on a liquid name,Rests on: sector-derived discount rate (CONSUMER); statement-derived growth/margins; terminal reinvestment at mature returns.,"Call flips if the model MoS crosses the band edges (±10–15pp), if quality legs deteriorate, or on a data-confidence downgrade.",,Dir-agree-magnitude-off,engine-rich: thin-margin name on rich sector multiples (VAL-01/AWL-class)
AWL,BUY,0.9120234307550004,high,53.4,Weakly-justified,claims market is +91% wrong on a liquid name,model sees +91% to blended fair value; trades 23x vs sector-normal 42x; street consensus +74%,thin 9% returns on equity; TENSION: claims market is +91% wrong on a liquid name,Rests on: sector-derived discount rate (CONSUMER); statement-derived growth/margins; terminal reinvestment at mature returns.,"Call flips if the model MoS crosses the band edges (±10–15pp), if quality legs deteriorate, or on a data-confidence downgrade.",,Disagree,engine-rich: thin-margin name on rich sector multiples (VAL-01/AWL-class)
KKCL,BUY,0.8876043198664012,medium,59.2,Weakly-justified,claims market is +89% wrong on a liquid name,model sees +89% to blended fair value; returns on equity of 16% evidence a real franchise; trades 21x vs sector-normal 38x; street consensus +37%,TENSION: claims market is +89% wrong on a liquid name,Rests on: sector-derived discount rate (CONSUMER_DISC); statement-derived growth/margins; terminal reinvestment at mature returns.,"Call flips if the model MoS crosses the band edges (±10–15pp), if quality legs deteriorate, or on a data-confidence downgrade.",,Disagree,engine-rich: exit-multiple/sector-P-E leg inflation (VAL-01 family)
GENUSPOWER,BUY,0.858350951797276,medium,61.5,Weakly-justified,claims market is +86% wrong on a liquid name,model sees +86% to blended fair value; returns on equity of 25% evidence a real franchise; trades 15x vs sector-normal 28x; street consensus +40%,TENSION: claims market is +86% wrong on a liquid name,Rests on: sector-derived discount rate (MANUFACTURING); statement-derived growth/margins; terminal reinvestment at mature returns.,"Call flips if the model MoS crosses the band edges (±10–15pp), if quality legs deteriorate, or on a data-confidence downgrade.",,Disagree,engine-rich: exit-multiple/sector-P-E leg inflation (VAL-01 family)
COALINDIA,BUY,0.8354643649219108,high,80.7,Weakly-justified,claims market is +84% wrong on a liquid name,model sees +84% to blended fair value; returns on equity of 26% evidence a real franchise; trades 8x vs sector-normal 12x; Alpha Score 81 (multi-factor support); street consensus +9%,TENSION: claims market is +84% wrong on a liquid name,Rests on: sector-derived discount rate (ENERGY); statement-derived growth/margins; terminal reinvestment at mature returns.,"Call flips if the model MoS crosses the band edges (±10–15pp), if quality legs deteriorate, or on a data-confidence downgrade.",,Dir-agree-magnitude-off,engine-rich: thin-margin name on rich sector multiples (VAL-01/AWL-class)
KPITTECH,BUY,0.7708772013080868,high,52.0,Weakly-justified,claims market is +77% wrong on a liquid name,model sees +77% to blended fair value; returns on equity of 18% evidence a real franchise; street consensus +46%,TENSION: claims market is +77% wrong on a liquid name,Rests on: sector-derived discount rate (IT_SERVICES); statement-derived growth/margins; terminal reinvestment at mature returns.,"Call flips if the model MoS crosses the band edges (±10–15pp), if quality legs deteriorate, or on a data-confidence downgrade.",,Disagree,engine-rich: exit-multiple/sector-P-E leg inflation (VAL-01 family)
BLS,BUY,0.7651939727345547,high,53.7,Weakly-justified,claims market is +77% wrong on a liquid name,model sees +77% to blended fair value; returns on equity of 29% evidence a real franchise; trades 14x vs sector-normal 42x; street consensus +41%,TENSION: claims market is +77% wrong on a liquid name,Rests on: sector-derived discount rate (CONSUMER); statement-derived growth/margins; terminal reinvestment at mature returns.,"Call flips if the model MoS crosses the band edges (±10–15pp), if quality legs deteriorate, or on a data-confidence downgrade.",,Engine-should-have-abstained,engine-bearish: compounder growth/CAP caps (VAL-02)
SAMHI,BUY,0.7443942849015301,medium,60.6,Weakly-justified,claims market is +74% wrong on a liquid name,model sees +74% to blended fair value; returns on equity of 26% evidence a real franchise; trades 6x vs sector-normal 38x; street consensus +83%,TENSION: claims market is +74% wrong on a liquid name,Rests on: sector-derived discount rate (CONSUMER_DISC); statement-derived growth/margins; terminal reinvestment at mature returns.,"Call flips if the model MoS crosses the band edges (±10–15pp), if quality legs deteriorate, or on a data-confidence downgrade.",,Engine-should-have-abstained,engine-bearish: compounder growth/CAP caps (VAL-02)
CESC,BUY,0.7427650038435465,high,59.6,Weakly-justified,claims market is +74% wrong on a liquid name,model sees +74% to blended fair value; street consensus +30%,TENSION: claims market is +74% wrong on a liquid name,Rests on: sector-derived discount rate (UTILITIES); statement-derived growth/margins; terminal reinvestment at mature returns.,"Call flips if the model MoS crosses the band edges (±10–15pp), if quality legs deteriorate, or on a data-confidence downgrade.",,Disagree,engine-rich: exit-multiple/sector-P-E leg inflation (VAL-01 family)
INFY,BUY,0.6431217327460126,high,58.4,Weakly-justified,claims market is +64% wrong on a liquid name,model sees +64% to blended fair value; returns on equity of 32% evidence a real franchise; trades 15x vs sector-normal 25x; street consensus +26%,TENSION: claims market is +64% wrong on a liquid name,Rests on: sector-derived discount rate (IT_SERVICES); statement-derived growth/margins; terminal reinvestment at mature returns.,"Call flips if the model MoS crosses the band edges (±10–15pp), if quality legs deteriorate, or on a data-confidence downgrade.",,Agree,
WEBELSOLAR,BUY,0.6188829625313877,medium,51.6,Weakly-justified,claims market is +62% wrong on a liquid name,model sees +62% to blended fair value; returns on equity of 48% evidence a real franchise; trades 15x vs sector-normal 28x,TENSION: claims market is +62% wrong on a liquid name,Rests on: sector-derived discount rate (MANUFACTURING); statement-derived growth/margins; terminal reinvestment at mature returns.,"Call flips if the model MoS crosses the band edges (±10–15pp), if quality legs deteriorate, or on a data-confidence downgrade.",,Engine-should-have-abstained,engine-rich: exit-multiple/sector-P-E leg inflation (VAL-01 family)
SONATSOFTW,BUY,0.5537245360726016,high,39.9,Weakly-justified,own Alpha Score 40 (weak) contradicts the buy,model sees +55% to blended fair value; returns on equity of 24% evidence a real franchise; trades 18x vs sector-normal 25x; street consensus +6%,TENSION: own Alpha Score 40 (weak) contradicts the buy,Rests on: sector-derived discount rate (IT_SERVICES); statement-derived growth/margins; terminal reinvestment at mature returns.,"Call flips if the model MoS crosses the band edges (±10–15pp), if quality legs deteriorate, or on a data-confidence downgrade.",,Adjacent,
CHALET,BUY,0.5161624458332322,high,60.2,Justified,,model sees +52% to blended fair value; returns on equity of 17% evidence a real franchise; trades 29x vs sector-normal 42x; street consensus +16%,—,Rests on: sector-derived discount rate (CONSUMER); statement-derived growth/margins; terminal reinvestment at mature returns.,"Call flips if the model MoS crosses the band edges (±10–15pp), if quality legs deteriorate, or on a data-confidence downgrade.",,Engine-should-have-abstained,engine-rich: exit-multiple/sector-P-E leg inflation (VAL-01 family)
WIPRO,BUY,0.51603813001542,high,50.9,Justified,,model sees +52% to blended fair value; trades 14x vs sector-normal 25x,—,Rests on: sector-derived discount rate (IT_SERVICES); statement-derived growth/margins; terminal reinvestment at mature returns.,"Call flips if the model MoS crosses the band edges (±10–15pp), if quality legs deteriorate, or on a data-confidence downgrade.",,Disagree,engine-rich: exit-multiple/sector-P-E leg inflation (VAL-01 family)
HCLTECH,BUY,0.51582593183737,high,51.4,Justified,,model sees +52% to blended fair value; returns on equity of 22% evidence a real franchise; trades 20x vs sector-normal 25x,—,Rests on: sector-derived discount rate (IT_SERVICES); statement-derived growth/margins; terminal reinvestment at mature returns.,"Call flips if the model MoS crosses the band edges (±10–15pp), if quality legs deteriorate, or on a data-confidence downgrade.",,Disagree,engine-rich: thin-margin name on rich sector multiples (VAL-01/AWL-class)
TCS,BUY,0.45964158064104527,high,55.5,Justified,,model sees +46% to blended fair value; returns on equity of 46% evidence a real franchise; trades 17x vs sector-normal 25x; street consensus +6%,—,Rests on: sector-derived discount rate (IT_SERVICES); statement-derived growth/margins; terminal reinvestment at mature returns.,"Call flips if the model MoS crosses the band edges (±10–15pp), if quality legs deteriorate, or on a data-confidence downgrade.",,Dir-agree-magnitude-off,engine-rich: thin-margin name on rich sector multiples (VAL-01/AWL-class)
INDIAMART,BUY,0.4123336281763823,high,59.7,Justified,,model sees +41% to blended fair value; returns on equity of 20% evidence a real franchise; trades 24x vs sector-normal 42x; street consensus +21%,—,Rests on: sector-derived discount rate (CONSUMER); statement-derived growth/margins; terminal reinvestment at mature returns.,"Call flips if the model MoS crosses the band edges (±10–15pp), if quality legs deteriorate, or on a data-confidence downgrade.",,Dir-agree-magnitude-off,threshold/judgment difference (<0.30 gap)
EMAMILTD,BUY,0.39971887793351596,high,62.0,Justified,,model sees +40% to blended fair value; returns on equity of 27% evidence a real franchise; trades 23x vs sector-normal 42x; street consensus +36%,—,Rests on: sector-derived discount rate (CONSUMER); statement-derived growth/margins; terminal reinvestment at mature returns.,"Call flips if the model MoS crosses the band edges (±10–15pp), if quality legs deteriorate, or on a data-confidence downgrade.",,Adjacent,
LEMONTREE,BUY,0.3866425073574831,high,60.0,Justified,,model sees +39% to blended fair value; returns on equity of 21% evidence a real franchise; street consensus +37%,—,Rests on: sector-derived discount rate (CONSUMER); statement-derived growth/margins; terminal reinvestment at mature returns.,"Call flips if the model MoS crosses the band edges (±10–15pp), if quality legs deteriorate, or on a data-confidence downgrade.",,Disagree,engine-rich: exit-multiple/sector-P-E leg inflation (VAL-01 family)
HEXT,BUY,0.37872605265784887,high,44.9,Justified,,model sees +38% to blended fair value; returns on equity of 20% evidence a real franchise; street consensus +41%,—,Rests on: sector-derived discount rate (IT_SERVICES); statement-derived growth/margins; terminal reinvestment at mature returns.,"Call flips if the model MoS crosses the band edges (±10–15pp), if quality legs deteriorate, or on a data-confidence downgrade.",,Disagree,engine-rich: exit-multiple/sector-P-E leg inflation (VAL-01 family)
GPPL,BUY,0.37664434331120106,medium,67.8,Justified,,model sees +38% to blended fair value; returns on equity of 22% evidence a real franchise; trades 14x vs sector-normal 26x; Alpha Score 68 (multi-factor support); street consensus +14%,—,Rests on: sector-derived discount rate (LOGISTICS); statement-derived growth/margins; terminal reinvestment at mature returns.,"Call flips if the model MoS crosses the band edges (±10–15pp), if quality legs deteriorate, or on a data-confidence downgrade.",,Disagree,engine-rich: exit-multiple/sector-P-E leg inflation (VAL-01 family)
INDUSTOWER,BUY,0.3752775665454349,high,66.5,Justified,,model sees +38% to blended fair value; returns on equity of 18% evidence a real franchise; trades 15x vs sector-normal 32x; Alpha Score 66 (multi-factor support); street consensus +12%,—,Rests on: sector-derived discount rate (TELECOM); statement-derived growth/margins; terminal reinvestment at mature returns.,"Call flips if the model MoS crosses the band edges (±10–15pp), if quality legs deteriorate, or on a data-confidence downgrade.",,Dir-agree-magnitude-off,engine-rich: thin-margin name on rich sector multiples (VAL-01/AWL-class)
LUPIN,BUY,0.35638257925447075,high,73.8,Justified,,model sees +36% to blended fair value; returns on equity of 24% evidence a real franchise; trades 21x vs sector-normal 30x; Alpha Score 74 (multi-factor support),—,Rests on: sector-derived discount rate (PHARMA); statement-derived growth/margins; terminal reinvestment at mature returns.,"Call flips if the model MoS crosses the band edges (±10–15pp), if quality legs deteriorate, or on a data-confidence downgrade.",,Agree,
ZENSARTECH,BUY,0.3195680664330415,high,45.8,Justified,,model sees +32% to blended fair value; returns on equity of 16% evidence a real franchise; trades 15x vs sector-normal 25x; street consensus +17%,—,Rests on: sector-derived discount rate (IT_SERVICES); statement-derived growth/margins; terminal reinvestment at mature returns.,"Call flips if the model MoS crosses the band edges (±10–15pp), if quality legs deteriorate, or on a data-confidence downgrade.",,Dir-agree-magnitude-off,threshold/judgment difference (<0.30 gap)
ZYDUSLIFE,BUY,0.31904984573079315,high,67.6,Justified,,model sees +32% to blended fair value; returns on equity of 19% evidence a real franchise; trades 23x vs sector-normal 30x; Alpha Score 68 (multi-factor support),—,Rests on: sector-derived discount rate (PHARMA); statement-derived growth/margins; terminal reinvestment at mature returns.,"Call flips if the model MoS crosses the band edges (±10–15pp), if quality legs deteriorate, or on a data-confidence downgrade.",,Disagree,engine-rich: thin-margin name on rich sector multiples (VAL-01/AWL-class)
NMDC,BUY,0.2520328125508649,high,74.0,Justified,,model sees +25% to blended fair value; returns on equity of 22% evidence a real franchise; Alpha Score 74 (multi-factor support); street consensus +7%,—,Rests on: sector-derived discount rate (METAL); statement-derived growth/margins; terminal reinvestment at mature returns.,"Call flips if the model MoS crosses the band edges (±10–15pp), if quality legs deteriorate, or on a data-confidence downgrade.",,Disagree,engine-rich: thin-margin name on rich sector multiples (VAL-01/AWL-class)
CRIZAC,BUY,0.2241588377981403,medium,60.0,Justified,,model sees +22% to blended fair value; returns on equity of 37% evidence a real franchise; trades 15x vs sector-normal 28x; street consensus +110%,—,Rests on: sector-derived discount rate (MANUFACTURING); statement-derived growth/margins; terminal reinvestment at mature returns.,"Call flips if the model MoS crosses the band edges (±10–15pp), if quality legs deteriorate, or on a data-confidence downgrade.",,Disagree,engine-rich: exit-multiple/sector-P-E leg inflation (VAL-01 family)
GRINFRA,ACCUMULATE,0.9301256545643602,medium,59.8,Weakly-justified,claims market is +93% wrong on a liquid name,model sees +93% to blended fair value; trades 10x vs sector-normal 15x; street consensus +61%,thin 10% returns on equity; TENSION: claims market is +93% wrong on a liquid name,Rests on: sector-derived discount rate (CONSTRUCTION); statement-derived growth/margins; terminal reinvestment at mature returns.,"Call flips if the model MoS crosses the band edges (±10–15pp), if quality legs deteriorate, or on a data-confidence downgrade.",,Disagree,engine-rich: exit-multiple/sector-P-E leg inflation (VAL-01 family)
MASTEK,ACCUMULATE,0.877417539602734,medium,50.3,Weakly-justified,claims market is +88% wrong on a liquid name,model sees +88% to blended fair value; trades 14x vs sector-normal 25x; street consensus +15%,TENSION: claims market is +88% wrong on a liquid name,Rests on: sector-derived discount rate (IT_SERVICES); statement-derived growth/margins; terminal reinvestment at mature returns.,"Call flips if the model MoS crosses the band edges (±10–15pp), if quality legs deteriorate, or on a data-confidence downgrade.",,Dir-agree-magnitude-off,engine-rich: exit-multiple/sector-P-E leg inflation (VAL-01 family)
LGBBROSLTD,ACCUMULATE,0.829988576919325,medium,64.0,Weakly-justified,claims market is +83% wrong on a liquid name,model sees +83% to blended fair value; trades 15x vs sector-normal 32x; street consensus +33%,TENSION: claims market is +83% wrong on a liquid name,Rests on: sector-derived discount rate (CAPITAL_GOODS); statement-derived growth/margins; terminal reinvestment at mature returns.,"Call flips if the model MoS crosses the band edges (±10–15pp), if quality legs deteriorate, or on a data-confidence downgrade.",,Disagree,engine-rich: exit-multiple/sector-P-E leg inflation (VAL-01 family)
PNGJL,ACCUMULATE,0.7904349053044782,medium,64.4,Weakly-justified,claims market is +79% wrong on a liquid name,model sees +79% to blended fair value; returns on equity of 21% evidence a real franchise; trades 20x vs sector-normal 38x; street consensus +38%,TENSION: claims market is +79% wrong on a liquid name,Rests on: sector-derived discount rate (CONSUMER_DISC); statement-derived growth/margins; terminal reinvestment at mature returns.,"Call flips if the model MoS crosses the band edges (±10–15pp), if quality legs deteriorate, or on a data-confidence downgrade.",,Engine-should-have-abstained,engine-rich: thin-margin name on rich sector multiples (VAL-01/AWL-class)
REDINGTON,ACCUMULATE,0.7882281286149788,high,50.0,Unjustifiable,net margin 1.1% — fragile economics for conviction upside | claims market is +79% wrong on a liquid name,model sees +79% to blended fair value; street consensus +13%,TENSION: net margin 1.1% — fragile economics for conviction upside; TENSION: claims market is +79% wrong on a liquid name,Rests on: sector-derived discount rate (DISTRIBUTION); statement-derived growth/margins; terminal reinvestment at mature returns.,"Call flips if the model MoS crosses the band edges (±10–15pp), if quality legs deteriorate, or on a data-confidence downgrade.",,Disagree,engine-rich: thin-margin name on rich sector multiples (VAL-01/AWL-class)
LTFOODS,ACCUMULATE,0.7822627992996695,high,46.3,Weakly-justified,claims market is +78% wrong on a liquid name,model sees +78% to blended fair value; trades 21x vs sector-normal 42x; street consensus +30%,TENSION: claims market is +78% wrong on a liquid name,Rests on: sector-derived discount rate (CONSUMER); statement-derived growth/margins; terminal reinvestment at mature returns.,"Call flips if the model MoS crosses the band edges (±10–15pp), if quality legs deteriorate, or on a data-confidence downgrade.",,Dir-agree-magnitude-off,engine-rich: exit-multiple/sector-P-E leg inflation (VAL-01 family)
PATELENG,ACCUMULATE,0.7746016734121137,medium,50.2,Unjustifiable,single-digit ROE 6% under a buy call | claims market is +77% wrong on a liquid name,model sees +77% to blended fair value; trades 10x vs sector-normal 15x; street consensus +12%,thin 6% returns on equity; TENSION: single-digit ROE 6% under a buy call; TENSION: claims market is +77% wrong on a liquid name,Rests on: sector-derived discount rate (CONSTRUCTION); statement-derived growth/margins; terminal reinvestment at mature returns.,"Call flips if the model MoS crosses the band edges (±10–15pp), if quality legs deteriorate, or on a data-confidence downgrade.",,Disagree,engine-rich: exit-multiple/sector-P-E leg inflation (VAL-01 family)
JUSTDIAL,ACCUMULATE,0.758337022157543,medium,45.7,Weakly-justified,claims market is +76% wrong on a liquid name,model sees +76% to blended fair value; trades 13x vs sector-normal 25x; street consensus +28%,thin 10% returns on equity; TENSION: claims market is +76% wrong on a liquid name,Rests on: sector-derived discount rate (IT_SERVICES); statement-derived growth/margins; terminal reinvestment at mature returns.,"Call flips if the model MoS crosses the band edges (±10–15pp), if quality legs deteriorate, or on a data-confidence downgrade.",,Adjacent,
COROMANDEL,ACCUMULATE,0.742875305899026,high,54.6,Weakly-justified,claims market is +74% wrong on a liquid name,model sees +74% to blended fair value; returns on equity of 15% evidence a real franchise; street consensus +19%,TENSION: claims market is +74% wrong on a liquid name,Rests on: sector-derived discount rate (CHEMICALS); statement-derived growth/margins; terminal reinvestment at mature returns.,"Call flips if the model MoS crosses the band edges (±10–15pp), if quality legs deteriorate, or on a data-confidence downgrade.",,Disagree,engine-rich: exit-multiple/sector-P-E leg inflation (VAL-01 family)
BPCL,ACCUMULATE,0.7048989643179114,medium,66.0,Weakly-justified,claims market is +70% wrong on a liquid name,model sees +70% to blended fair value; returns on equity of 26% evidence a real franchise; trades 5x vs sector-normal 12x; Alpha Score 66 (multi-factor support); street consensus +9%,TENSION: claims market is +70% wrong on a liquid name,Rests on: sector-derived discount rate (ENERGY); statement-derived growth/margins; terminal reinvestment at mature returns.,"Call flips if the model MoS crosses the band edges (±10–15pp), if quality legs deteriorate, or on a data-confidence downgrade.",,Dir-agree-magnitude-off,engine-rich: exit-multiple/sector-P-E leg inflation (VAL-01 family)
BALMLAWRIE,ACCUMULATE,0.7018439919232233,medium,58.8,Weakly-justified,claims market is +70% wrong on a liquid name,model sees +70% to blended fair value; trades 11x vs sector-normal 28x,thin 10% returns on equity; TENSION: claims market is +70% wrong on a liquid name,Rests on: sector-derived discount rate (MANUFACTURING); statement-derived growth/margins; terminal reinvestment at mature returns.,"Call flips if the model MoS crosses the band edges (±10–15pp), if quality legs deteriorate, or on a data-confidence downgrade.",,Disagree,engine-rich: exit-multiple/sector-P-E leg inflation (VAL-01 family)
SBIN,ACCUMULATE,0.68349698865689,high,70.1,Weakly-justified,claims market is +68% wrong on a liquid name,model sees +68% to blended fair value; trades 11x vs sector-normal 16x; Alpha Score 70 (multi-factor support); street consensus +16%,TENSION: claims market is +68% wrong on a liquid name,Rests on: sector-derived discount rate (BANK); statement-derived growth/margins; terminal book-multiple economics.,"Call flips if the model MoS crosses the band edges (±10–15pp), if quality legs deteriorate, or on a data-confidence downgrade.",,Engine-should-have-abstained,engine-bearish: terminal-ROE cap forbids premium book multiples (VAL-02-fin)
KNRCON,ACCUMULATE,0.6571798777147871,medium,48.4,Weakly-justified,claims market is +66% wrong on a liquid name,model sees +66% to blended fair value; trades 8x vs sector-normal 15x; street consensus +22%,thin 8% returns on equity; TENSION: claims market is +66% wrong on a liquid name,Rests on: sector-derived discount rate (CONSTRUCTION); statement-derived growth/margins; terminal reinvestment at mature returns.,"Call flips if the model MoS crosses the band edges (±10–15pp), if quality legs deteriorate, or on a data-confidence downgrade.",,Adjacent,
PNB,ACCUMULATE,0.6224575127655444,high,65.0,Weakly-justified,claims market is +62% wrong on a liquid name,model sees +62% to blended fair value; trades 7x vs sector-normal 16x; Alpha Score 65 (multi-factor support); street consensus +14%,TENSION: claims market is +62% wrong on a liquid name,Rests on: sector-derived discount rate (BANK); statement-derived growth/margins; terminal book-multiple economics.,"Call flips if the model MoS crosses the band edges (±10–15pp), if quality legs deteriorate, or on a data-confidence downgrade.",,Engine-should-have-abstained,engine-bearish: terminal-ROE cap forbids premium book multiples (VAL-02-fin)
BANKINDIA,ACCUMULATE,0.6201736171478894,high,64.5,Weakly-justified,claims market is +62% wrong on a liquid name,model sees +62% to blended fair value; trades 6x vs sector-normal 16x; street consensus +7%,TENSION: claims market is +62% wrong on a liquid name,Rests on: sector-derived discount rate (BANK); statement-derived growth/margins; terminal book-multiple economics.,"Call flips if the model MoS crosses the band edges (±10–15pp), if quality legs deteriorate, or on a data-confidence downgrade.",,Agree,
JKIL,ACCUMULATE,0.5957846448975664,medium,54.0,Justified,,model sees +60% to blended fair value; trades 10x vs sector-normal 15x; street consensus +39%,—,Rests on: sector-derived discount rate (CONSTRUCTION); statement-derived growth/margins; terminal reinvestment at mature returns.,"Call flips if the model MoS crosses the band edges (±10–15pp), if quality legs deteriorate, or on a data-confidence downgrade.",,Disagree,engine-rich: exit-multiple/sector-P-E leg inflation (VAL-01 family)
KRISHANA,ACCUMULATE,0.5773369366241755,medium,69.3,Justified,,model sees +58% to blended fair value; returns on equity of 32% evidence a real franchise; Alpha Score 69 (multi-factor support),—,Rests on: sector-derived discount rate (CHEMICALS); statement-derived growth/margins; terminal reinvestment at mature returns.,"Call flips if the model MoS crosses the band edges (±10–15pp), if quality legs deteriorate, or on a data-confidence downgrade.",,Disagree,engine-rich: exit-multiple/sector-P-E leg inflation (VAL-01 family)
RAYMOND,ACCUMULATE,0.5595967725577297,medium,56.3,Justified,,model sees +56% to blended fair value; returns on equity of 19% evidence a real franchise; trades 13x vs sector-normal 20x,—,Rests on: sector-derived discount rate (REALTY); statement-derived growth/margins; terminal reinvestment at mature returns.,"Call flips if the model MoS crosses the band edges (±10–15pp), if quality legs deteriorate, or on a data-confidence downgrade.",,Disagree,engine-rich: thin-margin name on rich sector multiples (VAL-01/AWL-class)
KPIGREEN,ACCUMULATE,0.5465652485805131,medium,50.8,Justified,,model sees +55% to blended fair value; returns on equity of 17% evidence a real franchise,—,Rests on: sector-derived discount rate (UTILITIES); statement-derived growth/margins; terminal reinvestment at mature returns.,"Call flips if the model MoS crosses the band edges (±10–15pp), if quality legs deteriorate, or on a data-confidence downgrade.",,Disagree,engine-rich: exit-multiple/sector-P-E leg inflation (VAL-01 family)
J&KBANK,ACCUMULATE,0.5290796693926391,high,70.2,Justified,,model sees +53% to blended fair value; trades 8x vs sector-normal 16x; Alpha Score 70 (multi-factor support); street consensus +10%,—,Rests on: sector-derived discount rate (BANK); statement-derived growth/margins; terminal book-multiple economics.,"Call flips if the model MoS crosses the band edges (±10–15pp), if quality legs deteriorate, or on a data-confidence downgrade.",,Agree,
INDIANB,ACCUMULATE,0.5280918851466232,high,71.3,Justified,,model sees +53% to blended fair value; trades 10x vs sector-normal 16x; Alpha Score 71 (multi-factor support); street consensus +18%,—,Rests on: sector-derived discount rate (BANK); statement-derived growth/margins; terminal book-multiple economics.,"Call flips if the model MoS crosses the band edges (±10–15pp), if quality legs deteriorate, or on a data-confidence downgrade.",,Dir-agree-magnitude-off,threshold/judgment difference (<0.30 gap)
BSOFT,ACCUMULATE,0.5118322931452087,high,53.6,Justified,,model sees +51% to blended fair value; trades 16x vs sector-normal 25x; street consensus +36%,—,Rests on: sector-derived discount rate (IT_SERVICES); statement-derived growth/margins; terminal reinvestment at mature returns.,"Call flips if the model MoS crosses the band edges (±10–15pp), if quality legs deteriorate, or on a data-confidence downgrade.",,Adjacent,
EIDPARRY,ACCUMULATE,0.5038251390914832,high,53.6,Weakly-justified,single-digit ROE 7% under a buy call,model sees +50% to blended fair value; trades 22x vs sector-normal 42x; street consensus +56%,thin 7% returns on equity; TENSION: single-digit ROE 7% under a buy call,Rests on: sector-derived discount rate (CONSUMER); statement-derived growth/margins; terminal reinvestment at mature returns.,"Call flips if the model MoS crosses the band edges (±10–15pp), if quality legs deteriorate, or on a data-confidence downgrade.",,Disagree,engine-rich: exit-multiple/sector-P-E leg inflation (VAL-01 family)
DDEVPLSTIK,ACCUMULATE,0.4921630924180703,medium,64.3,Justified,,model sees +49% to blended fair value; returns on equity of 20% evidence a real franchise; trades 15x vs sector-normal 28x; street consensus +32%,—,Rests on: sector-derived discount rate (MANUFACTURING); statement-derived growth/margins; terminal reinvestment at mature returns.,"Call flips if the model MoS crosses the band edges (±10–15pp), if quality legs deteriorate, or on a data-confidence downgrade.",,Disagree,engine-rich: exit-multiple/sector-P-E leg inflation (VAL-01 family)
RAYMONDREL,ACCUMULATE,0.4908872772882638,medium,43.6,Justified,,model sees +49% to blended fair value; returns on equity of 19% evidence a real franchise; trades 15x vs sector-normal 20x,—,Rests on: sector-derived discount rate (REALTY); statement-derived growth/margins; terminal reinvestment at mature returns.,"Call flips if the model MoS crosses the band edges (±10–15pp), if quality legs deteriorate, or on a data-confidence downgrade.",,Disagree,engine-rich: thin-margin name on rich sector multiples (VAL-01/AWL-class)
WEWORK,ACCUMULATE,0.4857261836148823,medium,65.0,Justified,,model sees +49% to blended fair value; returns on equity of 50% evidence a real franchise; Alpha Score 65 (multi-factor support); street consensus +23%,63x earnings vs sector-normal 20x,Rests on: sector-derived discount rate (REALTY); statement-derived growth/margins; terminal reinvestment at mature returns.,"Call flips if the model MoS crosses the band edges (±10–15pp), if quality legs deteriorate, or on a data-confidence downgrade.",,Engine-should-have-abstained,engine-rich: thin-margin name on rich sector multiples (VAL-01/AWL-class)
SHAKTIPUMP,ACCUMULATE,0.43202171741322853,medium,37.3,Weakly-justified,own Alpha Score 37 (weak) contradicts the buy,model sees +43% to blended fair value; returns on equity of 15% evidence a real franchise,TENSION: own Alpha Score 37 (weak) contradicts the buy,Rests on: sector-derived discount rate (CAPITAL_GOODS); statement-derived growth/margins; terminal reinvestment at mature returns.,"Call flips if the model MoS crosses the band edges (±10–15pp), if quality legs deteriorate, or on a data-confidence downgrade.",,Disagree,engine-rich: exit-multiple/sector-P-E leg inflation (VAL-01 family)
EIEL,ACCUMULATE,0.4281047517504901,medium,43.4,Justified,,model sees +43% to blended fair value; returns on equity of 15% evidence a real franchise,21x earnings vs sector-normal 15x,Rests on: sector-derived discount rate (UTILITIES); statement-derived growth/margins; terminal reinvestment at mature returns.,"Call flips if the model MoS crosses the band edges (±10–15pp), if quality legs deteriorate, or on a data-confidence downgrade.",,Disagree,engine-rich: exit-multiple/sector-P-E leg inflation (VAL-01 family)
JKTYRE,ACCUMULATE,0.40638887339469854,high,58.6,Justified,,model sees +41% to blended fair value; trades 15x vs sector-normal 24x; street consensus +21%,—,Rests on: sector-derived discount rate (AUTO); statement-derived growth/margins; terminal reinvestment at mature returns.,"Call flips if the model MoS crosses the band edges (±10–15pp), if quality legs deteriorate, or on a data-confidence downgrade.",,Disagree,engine-rich: thin-margin name on rich sector multiples (VAL-01/AWL-class)
M&M,ACCUMULATE,0.398104951411124,high,66.4,Justified,,model sees +40% to blended fair value; returns on equity of 20% evidence a real franchise; Alpha Score 66 (multi-factor support),—,Rests on: sector-derived discount rate (AUTO); statement-derived growth/margins; terminal reinvestment at mature returns.,"Call flips if the model MoS crosses the band edges (±10–15pp), if quality legs deteriorate, or on a data-confidence downgrade.",,Adjacent,
CANFINHOME,ACCUMULATE,0.3782825368408697,high,76.4,Justified,,model sees +38% to blended fair value; returns on equity of 18% evidence a real franchise; trades 11x vs sector-normal 18x; Alpha Score 76 (multi-factor support); street consensus +21%,—,Rests on: sector-derived discount rate (NBFC); statement-derived growth/margins; terminal book-multiple economics.,"Call flips if the model MoS crosses the band edges (±10–15pp), if quality legs deteriorate, or on a data-confidence downgrade.",,Agree,
AGI,ACCUMULATE,0.3707039375068763,medium,57.8,Justified,,model sees +37% to blended fair value; trades 13x vs sector-normal 28x; street consensus +119%,—,Rests on: sector-derived discount rate (MANUFACTURING); statement-derived growth/margins; terminal reinvestment at mature returns.,"Call flips if the model MoS crosses the band edges (±10–15pp), if quality legs deteriorate, or on a data-confidence downgrade.",,Disagree,engine-rich: exit-multiple/sector-P-E leg inflation (VAL-01 family)
JYOTHYLAB,ACCUMULATE,0.340284515324987,medium,55.9,Justified,,model sees +34% to blended fair value; returns on equity of 21% evidence a real franchise; trades 22x vs sector-normal 42x; street consensus +48%,—,Rests on: sector-derived discount rate (CONSUMER); statement-derived growth/margins; terminal reinvestment at mature returns.,"Call flips if the model MoS crosses the band edges (±10–15pp), if quality legs deteriorate, or on a data-confidence downgrade.",,Dir-agree-magnitude-off,threshold/judgment difference (<0.30 gap)
VADILALIND,ACCUMULATE,0.3266235217688051,medium,64.5,Justified,,model sees +33% to blended fair value; returns on equity of 18% evidence a real franchise; trades 31x vs sector-normal 42x,—,Rests on: sector-derived discount rate (CONSUMER); statement-derived growth/margins; terminal reinvestment at mature returns.,"Call flips if the model MoS crosses the band edges (±10–15pp), if quality legs deteriorate, or on a data-confidence downgrade.",,Disagree,engine-rich: exit-multiple/sector-P-E leg inflation (VAL-01 family)
ACC,ACCUMULATE,0.32539937591521073,high,56.8,Justified,,model sees +33% to blended fair value; trades 12x vs sector-normal 24x; street consensus +29%,—,Rests on: sector-derived discount rate (CEMENT); statement-derived growth/margins; terminal reinvestment at mature returns.,"Call flips if the model MoS crosses the band edges (±10–15pp), if quality legs deteriorate, or on a data-confidence downgrade.",,Disagree,engine-rich: thin-margin name on rich sector multiples (VAL-01/AWL-class)
ABLBL,ACCUMULATE,0.3232372370395611,high,48.7,Justified,,model sees +32% to blended fair value; returns on equity of 24% evidence a real franchise; trades 34x vs sector-normal 42x,—,Rests on: sector-derived discount rate (CONSUMER); statement-derived growth/margins; terminal reinvestment at mature returns.,"Call flips if the model MoS crosses the band edges (±10–15pp), if quality legs deteriorate, or on a data-confidence downgrade.",,Adjacent,
FSL,ACCUMULATE,0.3156215229317665,high,40.3,Justified,,model sees +32% to blended fair value; returns on equity of 15% evidence a real franchise; street consensus +10%,—,Rests on: sector-derived discount rate (MANUFACTURING); statement-derived growth/margins; terminal reinvestment at mature returns.,"Call flips if the model MoS crosses the band edges (±10–15pp), if quality legs deteriorate, or on a data-confidence downgrade.",,Disagree,engine-rich: exit-multiple/sector-P-E leg inflation (VAL-01 family)
CYIENT,ACCUMULATE,0.30966755714101935,high,42.2,Justified,,model sees +31% to blended fair value; street consensus +28%,thin 8% returns on equity,Rests on: sector-derived discount rate (IT_SERVICES); statement-derived growth/margins; terminal reinvestment at mature returns.,"Call flips if the model MoS crosses the band edges (±10–15pp), if quality legs deteriorate, or on a data-confidence downgrade.",,Disagree,engine-rich: exit-multiple/sector-P-E leg inflation (VAL-01 family)
SHARDAMOTR,ACCUMULATE,0.30190783445645797,medium,58.8,Justified,,model sees +30% to blended fair value; returns on equity of 26% evidence a real franchise; trades 15x vs sector-normal 28x,—,Rests on: sector-derived discount rate (MANUFACTURING); statement-derived growth/margins; terminal reinvestment at mature returns.,"Call flips if the model MoS crosses the band edges (±10–15pp), if quality legs deteriorate, or on a data-confidence downgrade.",,Disagree,engine-rich: exit-multiple/sector-P-E leg inflation (VAL-01 family)
DRREDDY,ACCUMULATE,0.2786659755841595,high,61.2,Justified,,model sees +28% to blended fair value; street consensus +10%,—,Rests on: sector-derived discount rate (PHARMA); statement-derived growth/margins; terminal reinvestment at mature returns.,"Call flips if the model MoS crosses the band edges (±10–15pp), if quality legs deteriorate, or on a data-confidence downgrade.",,Agree,
CCL,ACCUMULATE,0.2742199706751291,high,62.9,Justified,,model sees +27% to blended fair value; returns on equity of 17% evidence a real franchise,—,Rests on: sector-derived discount rate (CONSUMER); statement-derived growth/margins; terminal reinvestment at mature returns.,"Call flips if the model MoS crosses the band edges (±10–15pp), if quality legs deteriorate, or on a data-confidence downgrade.",,Engine-should-have-abstained,engine-rich: exit-multiple/sector-P-E leg inflation (VAL-01 family)
INDRAMEDCO,ACCUMULATE,0.2592311284932355,medium,56.8,Justified,,model sees +26% to blended fair value; returns on equity of 25% evidence a real franchise; trades 19x vs sector-normal 30x; street consensus +48%,—,Rests on: sector-derived discount rate (PHARMA); statement-derived growth/margins; terminal reinvestment at mature returns.,"Call flips if the model MoS crosses the band edges (±10–15pp), if quality legs deteriorate, or on a data-confidence downgrade.",,Agree,
TANLA,ACCUMULATE,0.25520978218857754,medium,52.4,Justified,,model sees +26% to blended fair value; returns on equity of 20% evidence a real franchise; trades 15x vs sector-normal 32x; street consensus +23%,—,Rests on: sector-derived discount rate (TELECOM); statement-derived growth/margins; terminal reinvestment at mature returns.,"Call flips if the model MoS crosses the band edges (±10–15pp), if quality legs deteriorate, or on a data-confidence downgrade.",,Agree,
AURIONPRO,ACCUMULATE,0.2516966856975089,medium,40.1,Justified,,model sees +25% to blended fair value; street consensus +11%,—,Rests on: sector-derived discount rate (IT_SERVICES); statement-derived growth/margins; terminal reinvestment at mature returns.,"Call flips if the model MoS crosses the band edges (±10–15pp), if quality legs deteriorate, or on a data-confidence downgrade.",,Disagree,engine-rich: exit-multiple/sector-P-E leg inflation (VAL-01 family)
SHARDACROP,ACCUMULATE,0.2288048997495497,medium,62.7,Justified,,model sees +23% to blended fair value; returns on equity of 22% evidence a real franchise; trades 12x vs sector-normal 26x; street consensus +41%,—,Rests on: sector-derived discount rate (CHEMICALS); statement-derived growth/margins; terminal reinvestment at mature returns.,"Call flips if the model MoS crosses the band edges (±10–15pp), if quality legs deteriorate, or on a data-confidence downgrade.",,Engine-should-have-abstained,engine-bearish: trough extrapolation + AVOID asymmetry (VAL-10)
LTM,ACCUMULATE,0.22026812239066756,high,48.9,Justified,,model sees +22% to blended fair value; returns on equity of 21% evidence a real franchise; street consensus +12%,—,Rests on: sector-derived discount rate (IT_SERVICES); statement-derived growth/margins; terminal reinvestment at mature returns.,"Call flips if the model MoS crosses the band edges (±10–15pp), if quality legs deteriorate, or on a data-confidence downgrade.",,Disagree,engine-rich: thin-margin name on rich sector multiples (VAL-01/AWL-class)
AIIL,ACCUMULATE,0.19990449054899223,high,52.9,Justified,,model sees +20% to blended fair value; trades 9x vs sector-normal 18x,—,Rests on: sector-derived discount rate (NBFC); statement-derived growth/margins; terminal book-multiple economics.,"Call flips if the model MoS crosses the band edges (±10–15pp), if quality legs deteriorate, or on a data-confidence downgrade.",,Engine-should-have-abstained,engine-rich: lender RI above my justified-P/B (review forecast ROE)
NH,ACCUMULATE,0.199852053384534,high,50.0,Justified,,model sees +20% to blended fair value; returns on equity of 18% evidence a real franchise,51x earnings vs sector-normal 30x,Rests on: sector-derived discount rate (PHARMA); statement-derived growth/margins; terminal reinvestment at mature returns.,"Call flips if the model MoS crosses the band edges (±10–15pp), if quality legs deteriorate, or on a data-confidence downgrade.",,Engine-should-have-abstained,engine-rich: exit-multiple/sector-P-E leg inflation (VAL-01 family)
MANYAVAR,ACCUMULATE,0.19975445763242977,medium,53.9,Justified,,model sees +20% to blended fair value; returns on equity of 19% evidence a real franchise; trades 26x vs sector-normal 38x; street consensus +92%,—,Rests on: sector-derived discount rate (CONSUMER_DISC); statement-derived growth/margins; terminal reinvestment at mature returns.,"Call flips if the model MoS crosses the band edges (±10–15pp), if quality legs deteriorate, or on a data-confidence downgrade.",,Disagree,engine-rich: thin-margin name on rich sector multiples (VAL-01/AWL-class)
BAJAJHLDNG,ACCUMULATE,0.1809367581178994,medium,57.8,Justified,,model sees +18% to blended fair value; trades 12x vs sector-normal 18x,—,Rests on: sector-derived discount rate (NBFC); statement-derived growth/margins; terminal book-multiple economics.,"Call flips if the model MoS crosses the band edges (±10–15pp), if quality legs deteriorate, or on a data-confidence downgrade.",,Disagree,engine-rich: lender RI above my justified-P/B (review forecast ROE)
KARURVYSYA,ACCUMULATE,0.17477243229542636,high,69.7,Justified,,model sees +17% to blended fair value; returns on equity of 18% evidence a real franchise; trades 12x vs sector-normal 16x; Alpha Score 70 (multi-factor support); street consensus +16%,—,Rests on: sector-derived discount rate (BANK); statement-derived growth/margins; terminal book-multiple economics.,"Call flips if the model MoS crosses the band edges (±10–15pp), if quality legs deteriorate, or on a data-confidence downgrade.",,Dir-agree-magnitude-off,threshold/judgment difference (<0.30 gap)
WELCORP,ACCUMULATE,0.15732505348546919,high,62.7,Justified,,model sees +16% to blended fair value; returns on equity of 18% evidence a real franchise,—,Rests on: sector-derived discount rate (CAPITAL_GOODS); statement-derived growth/margins; terminal reinvestment at mature returns.,"Call flips if the model MoS crosses the band edges (±10–15pp), if quality legs deteriorate, or on a data-confidence downgrade.",,Disagree,engine-rich: exit-multiple/sector-P-E leg inflation (VAL-01 family)
MPSLTD,ACCUMULATE,0.15556246237370377,medium,48.4,Justified,,model sees +16% to blended fair value; returns on equity of 29% evidence a real franchise; street consensus +41%,—,Rests on: sector-derived discount rate (IT_SERVICES); statement-derived growth/margins; terminal reinvestment at mature returns.,"Call flips if the model MoS crosses the band edges (±10–15pp), if quality legs deteriorate, or on a data-confidence downgrade.",,Agree,
MUTHOOTFIN,ACCUMULATE,0.14179778211970068,high,74.7,Justified,,model sees +14% to blended fair value; returns on equity of 27% evidence a real franchise; trades 11x vs sector-normal 18x; Alpha Score 75 (multi-factor support); street consensus +26%,—,Rests on: sector-derived discount rate (NBFC); statement-derived growth/margins; terminal book-multiple economics.,"Call flips if the model MoS crosses the band edges (±10–15pp), if quality legs deteriorate, or on a data-confidence downgrade.",,Dir-agree-magnitude-off,threshold/judgment difference (<0.30 gap)
EIHOTEL,ACCUMULATE,0.13422470878334194,high,44.5,Justified,,model sees +13% to blended fair value; trades 33x vs sector-normal 42x; street consensus +8%,—,Rests on: sector-derived discount rate (CONSUMER); statement-derived growth/margins; terminal reinvestment at mature returns.,"Call flips if the model MoS crosses the band edges (±10–15pp), if quality legs deteriorate, or on a data-confidence downgrade.",,Disagree,engine-rich: exit-multiple/sector-P-E leg inflation (VAL-01 family)
GOLDIAM,ACCUMULATE,0.12197168200558707,medium,59.7,Justified,,model sees +12% to blended fair value; returns on equity of 15% evidence a real franchise; trades 23x vs sector-normal 38x,—,Rests on: sector-derived discount rate (CONSUMER_DISC); statement-derived growth/margins; terminal reinvestment at mature returns.,"Call flips if the model MoS crosses the band edges (±10–15pp), if quality legs deteriorate, or on a data-confidence downgrade.",,Disagree,engine-rich: thin-margin name on rich sector multiples (VAL-01/AWL-class)
MPHASIS,ACCUMULATE,0.11988339013078672,high,52.5,Justified,,model sees +12% to blended fair value; returns on equity of 17% evidence a real franchise; street consensus +11%,—,Rests on: sector-derived discount rate (IT_SERVICES); statement-derived growth/margins; terminal reinvestment at mature returns.,"Call flips if the model MoS crosses the band edges (±10–15pp), if quality legs deteriorate, or on a data-confidence downgrade.",,Adjacent,
ECLERX,ACCUMULATE,0.11751775809445907,high,43.5,Justified,,model sees +12% to blended fair value; returns on equity of 28% evidence a real franchise,—,Rests on: sector-derived discount rate (MANUFACTURING); statement-derived growth/margins; terminal reinvestment at mature returns.,"Call flips if the model MoS crosses the band edges (±10–15pp), if quality legs deteriorate, or on a data-confidence downgrade.",,Engine-should-have-abstained,engine-rich: exit-multiple/sector-P-E leg inflation (VAL-01 family)
MGL,ACCUMULATE,0.10610192965337015,high,57.6,Justified,,model sees +11% to blended fair value; street consensus +21%,—,Rests on: sector-derived discount rate (ENERGY); statement-derived growth/margins; terminal reinvestment at mature returns.,"Call flips if the model MoS crosses the band edges (±10–15pp), if quality legs deteriorate, or on a data-confidence downgrade.",,Adjacent,
LTTS,ACCUMULATE,0.10228408394702394,high,46.3,Justified,,model sees +10% to blended fair value; returns on equity of 19% evidence a real franchise; street consensus +9%,—,Rests on: sector-derived discount rate (IT_SERVICES); statement-derived growth/margins; terminal reinvestment at mature returns.,"Call flips if the model MoS crosses the band edges (±10–15pp), if quality legs deteriorate, or on a data-confidence downgrade.",,Engine-should-have-abstained,engine-rich: exit-multiple/sector-P-E leg inflation (VAL-01 family)
WAAREEENER,ACCUMULATE,0.10142358721594513,high,63.9,Justified,,model sees +10% to blended fair value; returns on equity of 27% evidence a real franchise; trades 22x vs sector-normal 32x; street consensus +20%,—,Rests on: sector-derived discount rate (CAPITAL_GOODS); statement-derived growth/margins; terminal reinvestment at mature returns.,"Call flips if the model MoS crosses the band edges (±10–15pp), if quality legs deteriorate, or on a data-confidence downgrade.",,Adjacent,
PETRONET,ACCUMULATE,0.08321276450471447,high,67.6,Justified,,model sees +8% to blended fair value; returns on equity of 18% evidence a real franchise; Alpha Score 68 (multi-factor support); street consensus +16%,—,Rests on: sector-derived discount rate (ENERGY); statement-derived growth/margins; terminal reinvestment at mature returns.,"Call flips if the model MoS crosses the band edges (±10–15pp), if quality legs deteriorate, or on a data-confidence downgrade.",,Adjacent,
PREMIERENE,ACCUMULATE,0.07575625290351547,high,63.6,Justified,,model sees +8% to blended fair value; returns on equity of 35% evidence a real franchise; street consensus +7%,—,Rests on: sector-derived discount rate (CAPITAL_GOODS); statement-derived growth/margins; terminal reinvestment at mature returns.,"Call flips if the model MoS crosses the band edges (±10–15pp), if quality legs deteriorate, or on a data-confidence downgrade.",,Disagree,engine-rich: thin-margin name on rich sector multiples (VAL-01/AWL-class)
WAAREERTL,ACCUMULATE,0.07526131644586447,medium,58.4,Justified,,model sees +8% to blended fair value; returns on equity of 51% evidence a real franchise,22x earnings vs sector-normal 15x,Rests on: sector-derived discount rate (UTILITIES); statement-derived growth/margins; terminal reinvestment at mature returns.,"Call flips if the model MoS crosses the band edges (±10–15pp), if quality legs deteriorate, or on a data-confidence downgrade.",,Disagree,engine-rich: exit-multiple/sector-P-E leg inflation (VAL-01 family)
SANOFI,ACCUMULATE,0.06588332698813522,medium,67.6,Justified,,model sees +7% to blended fair value; returns on equity of 63% evidence a real franchise; Alpha Score 68 (multi-factor support); street consensus +72%,33x earnings vs sector-normal 25x,Rests on: sector-derived discount rate (IT_SERVICES); statement-derived growth/margins; terminal reinvestment at mature returns.,"Call flips if the model MoS crosses the band edges (±10–15pp), if quality legs deteriorate, or on a data-confidence downgrade.",,Disagree,threshold/judgment difference (<0.30 gap)
GILLETTE,ACCUMULATE,0.060140219727772934,high,63.2,Justified,,model sees +6% to blended fair value; returns on equity of 69% evidence a real franchise; street consensus +35%,—,Rests on: sector-derived discount rate (CONSUMER); statement-derived growth/margins; terminal reinvestment at mature returns.,"Call flips if the model MoS crosses the band edges (±10–15pp), if quality legs deteriorate, or on a data-confidence downgrade.",,Adjacent,
PGHL,ACCUMULATE,0.05213189631393012,medium,75.9,Justified,,model sees +5% to blended fair value; returns on equity of 62% evidence a real franchise; Alpha Score 76 (multi-factor support),35x earnings vs sector-normal 25x,Rests on: sector-derived discount rate (IT_SERVICES); statement-derived growth/margins; terminal reinvestment at mature returns.,"Call flips if the model MoS crosses the band edges (±10–15pp), if quality legs deteriorate, or on a data-confidence downgrade.",,Disagree,threshold/judgment difference (<0.30 gap)
RPTECH,HOLD,0.6037542194309103,medium,68.6,Weakly-justified,HOLD label with model +60% from fair,model sees +60% to blended fair value; trades 18x vs sector-normal 25x; Alpha Score 69 (multi-factor support); TENSION: HOLD label with model +60% from fair,—,Rests on: sector-derived discount rate (IT_SERVICES); statement-derived growth/margins; terminal reinvestment at mature returns.,"Call flips if the model MoS crosses the band edges (±10–15pp), if quality legs deteriorate, or on a data-confidence downgrade.",,Adjacent,
PNCINFRA,HOLD,0.5753255480962972,medium,47.6,Weakly-justified,HOLD label with model +58% from fair,model sees +58% to blended fair value; trades 8x vs sector-normal 15x; street consensus +13%; TENSION: HOLD label with model +58% from fair,—,Rests on: sector-derived discount rate (CONSTRUCTION); statement-derived growth/margins; terminal reinvestment at mature returns.,"Call flips if the model MoS crosses the band edges (±10–15pp), if quality legs deteriorate, or on a data-confidence downgrade.",,Adjacent,
NFL,HOLD,0.5621447290482179,medium,48.9,Weakly-justified,HOLD label with model +56% from fair,model sees +56% to blended fair value; trades 17x vs sector-normal 26x; TENSION: HOLD label with model +56% from fair,thin 7% returns on equity,Rests on: sector-derived discount rate (CHEMICALS); statement-derived growth/margins; terminal reinvestment at mature returns.,"Call flips if the model MoS crosses the band edges (±10–15pp), if quality legs deteriorate, or on a data-confidence downgrade.",,Adjacent,
RCF,HOLD,0.5570529563500598,medium,49.5,Weakly-justified,HOLD label with model +56% from fair,model sees +56% to blended fair value; trades 16x vs sector-normal 26x; TENSION: HOLD label with model +56% from fair,thin 8% returns on equity,Rests on: sector-derived discount rate (CHEMICALS); statement-derived growth/margins; terminal reinvestment at mature returns.,"Call flips if the model MoS crosses the band edges (±10–15pp), if quality legs deteriorate, or on a data-confidence downgrade.",,Adjacent,
STYRENIX,HOLD,0.5424810370718797,medium,52.1,Weakly-justified,HOLD label with model +54% from fair,model sees +54% to blended fair value; TENSION: HOLD label with model +54% from fair,—,Rests on: sector-derived discount rate (CHEMICALS); statement-derived growth/margins; terminal reinvestment at mature returns.,"Call flips if the model MoS crosses the band edges (±10–15pp), if quality legs deteriorate, or on a data-confidence downgrade.",,Adjacent,
GSFC,HOLD,0.5265612770808346,medium,51.1,Weakly-justified,HOLD label with model +53% from fair,model sees +53% to blended fair value; trades 9x vs sector-normal 26x; TENSION: HOLD label with model +53% from fair,thin 5% returns on equity,Rests on: sector-derived discount rate (CHEMICALS); statement-derived growth/margins; terminal reinvestment at mature returns.,"Call flips if the model MoS crosses the band edges (±10–15pp), if quality legs deteriorate, or on a data-confidence downgrade.",,Dir-agree-magnitude-off,engine-rich: exit-multiple/sector-P-E leg inflation (VAL-01 family)
NCC,HOLD,0.5224542824581055,high,57.9,Weakly-justified,HOLD label with model +52% from fair,model sees +52% to blended fair value; street consensus +40%; TENSION: HOLD label with model +52% from fair,thin 9% returns on equity,Rests on: sector-derived discount rate (CONSTRUCTION); statement-derived growth/margins; terminal reinvestment at mature returns.,"Call flips if the model MoS crosses the band edges (±10–15pp), if quality legs deteriorate, or on a data-confidence downgrade.",,Adjacent,
THOMASCOOK,HOLD,0.513475933089119,medium,37.8,Weakly-justified,HOLD label with model +51% from fair,model sees +51% to blended fair value; trades 22x vs sector-normal 28x; street consensus +27%; TENSION: HOLD label with model +51% from fair,thin 8% returns on equity,Rests on: sector-derived discount rate (MANUFACTURING); statement-derived growth/margins; terminal reinvestment at mature returns.,"Call flips if the model MoS crosses the band edges (±10–15pp), if quality legs deteriorate, or on a data-confidence downgrade.",,Adjacent,
GODREJAGRO,HOLD,0.5035021812815352,medium,55.6,Weakly-justified,HOLD label with model +50% from fair,model sees +50% to blended fair value; returns on equity of 22% evidence a real franchise; trades 23x vs sector-normal 42x; street consensus +36%; TENSION: HOLD label with model +50% from fair,—,Rests on: sector-derived discount rate (CONSUMER); statement-derived growth/margins; terminal reinvestment at mature returns.,"Call flips if the model MoS crosses the band edges (±10–15pp), if quality legs deteriorate, or on a data-confidence downgrade.",,Adjacent,
SOUTHBANK,HOLD,0.48581250846846447,medium,66.5,Weakly-justified,HOLD label with model +49% from fair,model sees +49% to blended fair value; trades 8x vs sector-normal 16x; Alpha Score 66 (multi-factor support); TENSION: HOLD label with model +49% from fair,—,Rests on: sector-derived discount rate (BANK); statement-derived growth/margins; terminal book-multiple economics.,"Call flips if the model MoS crosses the band edges (±10–15pp), if quality legs deteriorate, or on a data-confidence downgrade.",,Adjacent,
SIS,HOLD,0.46507535902925146,medium,54.6,Weakly-justified,HOLD label with model +47% from fair,model sees +47% to blended fair value; TENSION: HOLD label with model +47% from fair,45x earnings vs sector-normal 28x; thin 5% returns on equity,Rests on: sector-derived discount rate (MANUFACTURING); statement-derived growth/margins; terminal reinvestment at mature returns.,"Call flips if the model MoS crosses the band edges (±10–15pp), if quality legs deteriorate, or on a data-confidence downgrade.",,Engine-should-have-abstained,uncomparable
TMB,HOLD,0.4381851350546579,medium,72.3,Weakly-justified,HOLD label with model +44% from fair,model sees +44% to blended fair value; trades 9x vs sector-normal 16x; Alpha Score 72 (multi-factor support); TENSION: HOLD label with model +44% from fair,—,Rests on: sector-derived discount rate (BANK); statement-derived growth/margins; terminal book-multiple economics.,"Call flips if the model MoS crosses the band edges (±10–15pp), if quality legs deteriorate, or on a data-confidence downgrade.",,Adjacent,
PGIL,HOLD,0.41523080478664315,medium,53.6,Weakly-justified,HOLD label with model +42% from fair,model sees +42% to blended fair value; returns on equity of 18% evidence a real franchise; street consensus +18%; TENSION: HOLD label with model +42% from fair,—,Rests on: sector-derived discount rate (CONSUMER_DISC); statement-derived growth/margins; terminal reinvestment at mature returns.,"Call flips if the model MoS crosses the band edges (±10–15pp), if quality legs deteriorate, or on a data-confidence downgrade.",,Adjacent,
TRANSRAILL,HOLD,0.3634112015071901,medium,46.6,Weakly-justified,HOLD label with model +36% from fair,model sees +36% to blended fair value; returns on equity of 18% evidence a real franchise; TENSION: HOLD label with model +36% from fair,—,Rests on: sector-derived discount rate (CONSTRUCTION); statement-derived growth/margins; terminal reinvestment at mature returns.,"Call flips if the model MoS crosses the band edges (±10–15pp), if quality legs deteriorate, or on a data-confidence downgrade.",,Adjacent,
JKLAKSHMI,HOLD,0.34189173714156024,medium,49.9,Weakly-justified,HOLD label with model +34% from fair,model sees +34% to blended fair value; trades 17x vs sector-normal 24x; street consensus +31%; TENSION: HOLD label with model +34% from fair,—,Rests on: sector-derived discount rate (CEMENT); statement-derived growth/margins; terminal reinvestment at mature returns.,"Call flips if the model MoS crosses the band edges (±10–15pp), if quality legs deteriorate, or on a data-confidence downgrade.",,Adjacent,
PARAGMILK,HOLD,0.31874611936004316,medium,51.9,Weakly-justified,HOLD label with model +32% from fair,model sees +32% to blended fair value; trades 20x vs sector-normal 42x; street consensus +23%; TENSION: HOLD label with model +32% from fair,—,Rests on: sector-derived discount rate (CONSUMER); statement-derived growth/margins; terminal reinvestment at mature returns.,"Call flips if the model MoS crosses the band edges (±10–15pp), if quality legs deteriorate, or on a data-confidence downgrade.",,Adjacent,
GNFC,HOLD,0.312910215855304,medium,60.4,Weakly-justified,HOLD label with model +31% from fair,model sees +31% to blended fair value; trades 9x vs sector-normal 26x; TENSION: HOLD label with model +31% from fair,thin 9% returns on equity,Rests on: sector-derived discount rate (CHEMICALS); statement-derived growth/margins; terminal reinvestment at mature returns.,"Call flips if the model MoS crosses the band edges (±10–15pp), if quality legs deteriorate, or on a data-confidence downgrade.",,Dir-agree-magnitude-off,threshold/judgment difference (<0.30 gap)
BIRLACORPN,HOLD,0.3064410879795036,medium,44.8,Weakly-justified,HOLD label with model +31% from fair,model sees +31% to blended fair value; trades 14x vs sector-normal 24x; street consensus +23%; TENSION: HOLD label with model +31% from fair,thin 8% returns on equity,Rests on: sector-derived discount rate (CEMENT); statement-derived growth/margins; terminal reinvestment at mature returns.,"Call flips if the model MoS crosses the band edges (±10–15pp), if quality legs deteriorate, or on a data-confidence downgrade.",,Adjacent,
PACEDIGITK,HOLD,0.3016925665541092,medium,68.7,Weakly-justified,HOLD label with model +30% from fair,model sees +30% to blended fair value; Alpha Score 69 (multi-factor support); TENSION: HOLD label with model +30% from fair,—,Rests on: sector-derived discount rate (CONSTRUCTION); statement-derived growth/margins; terminal reinvestment at mature returns.,"Call flips if the model MoS crosses the band edges (±10–15pp), if quality legs deteriorate, or on a data-confidence downgrade.",,Adjacent,
AUTOAXLES,HOLD,0.27995132150867014,medium,60.8,Weakly-justified,HOLD label with model +28% from fair,model sees +28% to blended fair value; trades 17x vs sector-normal 24x; street consensus +18%; TENSION: HOLD label with model +28% from fair,—,Rests on: sector-derived discount rate (AUTO); statement-derived growth/margins; terminal reinvestment at mature returns.,"Call flips if the model MoS crosses the band edges (±10–15pp), if quality legs deteriorate, or on a data-confidence downgrade.",,Adjacent,
ROSSARI,HOLD,0.2796051916233402,medium,45.8,Weakly-justified,HOLD label with model +28% from fair,model sees +28% to blended fair value; trades 20x vs sector-normal 26x; TENSION: HOLD label with model +28% from fair,—,Rests on: sector-derived discount rate (CHEMICALS); statement-derived growth/margins; terminal reinvestment at mature returns.,"Call flips if the model MoS crosses the band edges (±10–15pp), if quality legs deteriorate, or on a data-confidence downgrade.",,Adjacent,
GAEL,HOLD,0.2781268178326297,medium,67.5,Weakly-justified,HOLD label with model +28% from fair,model sees +28% to blended fair value; trades 22x vs sector-normal 42x; Alpha Score 68 (multi-factor support); street consensus +35%; TENSION: HOLD label with model +28% from fair,thin 9% returns on equity,Rests on: sector-derived discount rate (CONSUMER); statement-derived growth/margins; terminal reinvestment at mature returns.,"Call flips if the model MoS crosses the band edges (±10–15pp), if quality legs deteriorate, or on a data-confidence downgrade.",,Adjacent,
DALMIASUG,HOLD,0.2768654129656697,medium,45.7,Weakly-justified,HOLD label with model +28% from fair,model sees +28% to blended fair value; trades 13x vs sector-normal 42x; street consensus +22%; TENSION: HOLD label with model +28% from fair,thin 7% returns on equity,Rests on: sector-derived discount rate (CONSUMER); statement-derived growth/margins; terminal reinvestment at mature returns.,"Call flips if the model MoS crosses the band edges (±10–15pp), if quality legs deteriorate, or on a data-confidence downgrade.",,Adjacent,
GALAXYSURF,HOLD,0.26315056733962217,medium,49.8,Weakly-justified,HOLD label with model +26% from fair,model sees +26% to blended fair value; street consensus +18%; TENSION: HOLD label with model +26% from fair,thin 10% returns on equity,Rests on: sector-derived discount rate (CHEMICALS); statement-derived growth/margins; terminal reinvestment at mature returns.,"Call flips if the model MoS crosses the band edges (±10–15pp), if quality legs deteriorate, or on a data-confidence downgrade.",,Adjacent,
DEEPAKFERT,HOLD,0.2562452382449368,high,39.5,Weakly-justified,HOLD label with model +26% from fair,model sees +26% to blended fair value; street consensus +7%; TENSION: HOLD label with model +26% from fair,—,Rests on: sector-derived discount rate (CHEMICALS); statement-derived growth/margins; terminal reinvestment at mature returns.,"Call flips if the model MoS crosses the band edges (±10–15pp), if quality legs deteriorate, or on a data-confidence downgrade.",,Adjacent,
UFLEX,HOLD,0.2506912622592877,medium,43.7,Weakly-justified,HOLD label with model +25% from fair,model sees +25% to blended fair value; trades 10x vs sector-normal 28x; TENSION: HOLD label with model +25% from fair,thin 4% returns on equity,Rests on: sector-derived discount rate (MANUFACTURING); statement-derived growth/margins; terminal reinvestment at mature returns.,"Call flips if the model MoS crosses the band edges (±10–15pp), if quality legs deteriorate, or on a data-confidence downgrade.",,Adjacent,
MRPL,HOLD,0.2397595796254485,high,44.6,Justified,,model sees +24% to blended fair value,16x earnings vs sector-normal 12x; street -13%,Rests on: sector-derived discount rate (ENERGY); statement-derived growth/margins; terminal reinvestment at mature returns.,"Call flips if the model MoS crosses the band edges (±10–15pp), if quality legs deteriorate, or on a data-confidence downgrade.",,Adjacent,
WSTCSTPAPR,HOLD,0.2236975924644782,medium,46.5,Justified,,model sees +22% to blended fair value,23x earnings vs sector-normal 12x; thin 4% returns on equity,Rests on: sector-derived discount rate (PAPER); statement-derived growth/margins; terminal reinvestment at mature returns.,"Call flips if the model MoS crosses the band edges (±10–15pp), if quality legs deteriorate, or on a data-confidence downgrade.",,Adjacent,
ICICIPRULI,HOLD,0.22058823529411775,medium,56.2,Justified,,model sees +22% to blended fair value; street consensus +37%,47x earnings vs sector-normal 24x,Rests on: sector-derived discount rate (INSURANCE); statement-derived growth/margins; terminal book-multiple economics.,"Call flips if the model MoS crosses the band edges (±10–15pp), if quality legs deteriorate, or on a data-confidence downgrade.",,Adjacent,
KTKBANK,HOLD,0.2191770825603426,medium,61.5,Justified,,model sees +22% to blended fair value; trades 8x vs sector-normal 16x,thin 10% returns on equity; street -9%,Rests on: sector-derived discount rate (BANK); statement-derived growth/margins; terminal book-multiple economics.,"Call flips if the model MoS crosses the band edges (±10–15pp), if quality legs deteriorate, or on a data-confidence downgrade.",,Adjacent,
CMRGREEN,HOLD,0.21502426185426177,medium,66.5,Justified,,model sees +22% to blended fair value; Alpha Score 66 (multi-factor support),22x earnings vs sector-normal 11x,Rests on: sector-derived discount rate (METAL); statement-derived growth/margins; terminal reinvestment at mature returns.,"Call flips if the model MoS crosses the band edges (±10–15pp), if quality legs deteriorate, or on a data-confidence downgrade.",,Adjacent,
VIKRAMSOLR,HOLD,0.21087168962218,medium,49.7,Justified,,model sees +21% to blended fair value; trades 14x vs sector-normal 28x,—,Rests on: sector-derived discount rate (MANUFACTURING); statement-derived growth/margins; terminal reinvestment at mature returns.,"Call flips if the model MoS crosses the band edges (±10–15pp), if quality legs deteriorate, or on a data-confidence downgrade.",,Dir-agree-magnitude-off,threshold/judgment difference (<0.30 gap)
SAMBHV,HOLD,0.2061268896425117,medium,47.1,Justified,,model sees +21% to blended fair value,—,Rests on: sector-derived discount rate (MANUFACTURING); statement-derived growth/margins; terminal reinvestment at mature returns.,"Call flips if the model MoS crosses the band edges (±10–15pp), if quality legs deteriorate, or on a data-confidence downgrade.",,Adjacent,
CSBBANK,HOLD,0.20512126909838313,medium,47.3,Justified,,model sees +21% to blended fair value; trades 10x vs sector-normal 16x; street consensus +17%,—,Rests on: sector-derived discount rate (BANK); statement-derived growth/margins; terminal book-multiple economics.,"Call flips if the model MoS crosses the band edges (±10–15pp), if quality legs deteriorate, or on a data-confidence downgrade.",,Adjacent,
UPL,HOLD,0.19618217634880822,high,42.9,Justified,,model sees +20% to blended fair value; street consensus +24%,thin 6% returns on equity,Rests on: sector-derived discount rate (CHEMICALS); statement-derived growth/margins; terminal reinvestment at mature returns.,"Call flips if the model MoS crosses the band edges (±10–15pp), if quality legs deteriorate, or on a data-confidence downgrade.",,Adjacent,
REDTAPE,HOLD,0.19295300309479996,medium,59.7,Justified,,model sees +19% to blended fair value; returns on equity of 24% evidence a real franchise,—,Rests on: sector-derived discount rate (CONSUMER_DISC); statement-derived growth/margins; terminal reinvestment at mature returns.,"Call flips if the model MoS crosses the band edges (±10–15pp), if quality legs deteriorate, or on a data-confidence downgrade.",,Adjacent,
ADVENZYMES,HOLD,0.1905883240963127,medium,59.1,Justified,,model sees +19% to blended fair value; street consensus +17%,—,Rests on: sector-derived discount rate (IT_SERVICES); statement-derived growth/margins; terminal reinvestment at mature returns.,"Call flips if the model MoS crosses the band edges (±10–15pp), if quality legs deteriorate, or on a data-confidence downgrade.",,Adjacent,
VRLLOG,HOLD,0.18945237399880524,medium,65.5,Justified,,model sees +19% to blended fair value; returns on equity of 21% evidence a real franchise; trades 17x vs sector-normal 26x; Alpha Score 66 (multi-factor support); street consensus +43%,—,Rests on: sector-derived discount rate (LOGISTICS); statement-derived growth/margins; terminal reinvestment at mature returns.,"Call flips if the model MoS crosses the band edges (±10–15pp), if quality legs deteriorate, or on a data-confidence downgrade.",,Method-limited-unchecked,
PCJEWELLER,HOLD,0.1890589397535533,medium,32.7,Justified,,model sees +19% to blended fair value; trades 12x vs sector-normal 38x,thin 9% returns on equity,Rests on: sector-derived discount rate (CONSUMER_DISC); statement-derived growth/margins; terminal reinvestment at mature returns.,"Call flips if the model MoS crosses the band edges (±10–15pp), if quality legs deteriorate, or on a data-confidence downgrade.",,Adjacent,
HNDFDS,HOLD,0.18589529373140862,medium,64.4,Justified,,model sees +19% to blended fair value; street consensus +49%,—,Rests on: sector-derived discount rate (CONSUMER); statement-derived growth/margins; terminal reinvestment at mature returns.,"Call flips if the model MoS crosses the band edges (±10–15pp), if quality legs deteriorate, or on a data-confidence downgrade.",,Adjacent,
KDDL,HOLD,0.1751985415953,medium,47.7,Justified,,model sees +18% to blended fair value,—,Rests on: sector-derived discount rate (CONSUMER_DISC); statement-derived growth/margins; terminal reinvestment at mature returns.,"Call flips if the model MoS crosses the band edges (±10–15pp), if quality legs deteriorate, or on a data-confidence downgrade.",,Adjacent,
JKPAPER,HOLD,0.17472972489764318,medium,42.2,Justified,,model sees +17% to blended fair value; street consensus +38%,25x earnings vs sector-normal 12x; thin 5% returns on equity,Rests on: sector-derived discount rate (PAPER); statement-derived growth/margins; terminal reinvestment at mature returns.,"Call flips if the model MoS crosses the band edges (±10–15pp), if quality legs deteriorate, or on a data-confidence downgrade.",,Adjacent,
AJMERA,HOLD,0.1722714331635906,medium,48.1,Justified,,model sees +17% to blended fair value; street consensus +39%,—,Rests on: sector-derived discount rate (CONSTRUCTION); statement-derived growth/margins; terminal reinvestment at mature returns.,"Call flips if the model MoS crosses the band edges (±10–15pp), if quality legs deteriorate, or on a data-confidence downgrade.",,Adjacent,
EPIGRAL,HOLD,0.17163371779143824,medium,54.0,Justified,,model sees +17% to blended fair value; trades 14x vs sector-normal 26x; street consensus +148%,—,Rests on: sector-derived discount rate (CHEMICALS); statement-derived growth/margins; terminal reinvestment at mature returns.,"Call flips if the model MoS crosses the band edges (±10–15pp), if quality legs deteriorate, or on a data-confidence downgrade.",,Dir-agree-magnitude-off,threshold/judgment difference (<0.30 gap)
KSL,HOLD,0.1691523682069067,medium,56.6,Justified,,model sees +17% to blended fair value; trades 16x vs sector-normal 28x,—,Rests on: sector-derived discount rate (MANUFACTURING); statement-derived growth/margins; terminal reinvestment at mature returns.,"Call flips if the model MoS crosses the band edges (±10–15pp), if quality legs deteriorate, or on a data-confidence downgrade.",,Adjacent,
RELIANCE,HOLD,0.16620372855090215,medium,56.0,Justified,,model sees +17% to blended fair value; street consensus +28%,22x earnings vs sector-normal 12x,Rests on: sector-derived discount rate (ENERGY); statement-derived growth/margins; terminal reinvestment at mature returns.,"Call flips if the model MoS crosses the band edges (±10–15pp), if quality legs deteriorate, or on a data-confidence downgrade.",,Adjacent,
EMIL,HOLD,0.1630067719001482,medium,41.5,Justified,,model sees +16% to blended fair value; street consensus +31%,thin 7% returns on equity,Rests on: sector-derived discount rate (CONSUMER_DISC); statement-derived growth/margins; terminal reinvestment at mature returns.,"Call flips if the model MoS crosses the band edges (±10–15pp), if quality legs deteriorate, or on a data-confidence downgrade.",,Adjacent,
CENTRALBK,HOLD,0.1530851796908016,high,60.4,Justified,,model sees +15% to blended fair value; trades 6x vs sector-normal 16x,—,Rests on: sector-derived discount rate (BANK); statement-derived growth/margins; terminal book-multiple economics.,"Call flips if the model MoS crosses the band edges (±10–15pp), if quality legs deteriorate, or on a data-confidence downgrade.",,Adjacent,
SANGHVIMOV,HOLD,0.14939428142333358,medium,60.8,Justified,,model sees +15% to blended fair value; trades 20x vs sector-normal 28x,—,Rests on: sector-derived discount rate (MANUFACTURING); statement-derived growth/margins; terminal reinvestment at mature returns.,"Call flips if the model MoS crosses the band edges (±10–15pp), if quality legs deteriorate, or on a data-confidence downgrade.",,Engine-should-have-abstained,engine-rich: exit-multiple/sector-P-E leg inflation (VAL-01 family)
SAGILITY,HOLD,0.14406287966047024,high,57.4,Justified,,model sees +14% to blended fair value; street consensus +50%,thin 10% returns on equity,Rests on: sector-derived discount rate (IT_SERVICES); statement-derived growth/margins; terminal reinvestment at mature returns.,"Call flips if the model MoS crosses the band edges (±10–15pp), if quality legs deteriorate, or on a data-confidence downgrade.",,Adjacent,
ICICIBANK,HOLD,0.13575295157931755,high,61.8,Justified,,model sees +14% to blended fair value; street consensus +17%,—,Rests on: sector-derived discount rate (BANK); statement-derived growth/margins; terminal book-multiple economics.,"Call flips if the model MoS crosses the band edges (±10–15pp), if quality legs deteriorate, or on a data-confidence downgrade.",,Adjacent,
SANATHAN,HOLD,0.13340075657314632,medium,43.8,Justified,,model sees +13% to blended fair value; street consensus +18%,thin 4% returns on equity,Rests on: sector-derived discount rate (CONSUMER_DISC); statement-derived growth/margins; terminal reinvestment at mature returns.,"Call flips if the model MoS crosses the band edges (±10–15pp), if quality legs deteriorate, or on a data-confidence downgrade.",,Adjacent,
FIVESTAR,HOLD,0.12681468412502636,high,44.2,Justified,,model sees +13% to blended fair value; street consensus +33%,—,Rests on: sector-derived discount rate (NBFC); statement-derived growth/margins; terminal book-multiple economics.,"Call flips if the model MoS crosses the band edges (±10–15pp), if quality legs deteriorate, or on a data-confidence downgrade.",,Adjacent,
MAITHANALL,HOLD,0.12483829722576219,medium,54.7,Justified,,model sees +12% to blended fair value; trades 7x vs sector-normal 11x,—,Rests on: sector-derived discount rate (METAL); statement-derived growth/margins; terminal reinvestment at mature returns.,"Call flips if the model MoS crosses the band edges (±10–15pp), if quality legs deteriorate, or on a data-confidence downgrade.",,Adjacent,
DCBBANK,HOLD,0.12407209192964926,medium,57.8,Justified,,model sees +12% to blended fair value; trades 8x vs sector-normal 16x; street consensus +19%,—,Rests on: sector-derived discount rate (BANK); statement-derived growth/margins; terminal book-multiple economics.,"Call flips if the model MoS crosses the band edges (±10–15pp), if quality legs deteriorate, or on a data-confidence downgrade.",,Adjacent,
MAHSEAMLES,HOLD,0.12229995057274275,medium,60.1,Justified,,model sees +12% to blended fair value,—,Rests on: sector-derived discount rate (METAL); statement-derived growth/margins; terminal reinvestment at mature returns.,"Call flips if the model MoS crosses the band edges (±10–15pp), if quality legs deteriorate, or on a data-confidence downgrade.",,Adjacent,
JINDALSAW,HOLD,0.12174113901658451,high,46.3,Justified,,model sees +12% to blended fair value; trades 18x vs sector-normal 32x,thin 7% returns on equity,Rests on: sector-derived discount rate (CAPITAL_GOODS); statement-derived growth/margins; terminal reinvestment at mature returns.,"Call flips if the model MoS crosses the band edges (±10–15pp), if quality legs deteriorate, or on a data-confidence downgrade.",,Adjacent,
REFEX,HOLD,0.11975088275725196,medium,41.1,Justified,,model sees +12% to blended fair value; returns on equity of 16% evidence a real franchise; trades 17x vs sector-normal 26x,—,Rests on: sector-derived discount rate (CHEMICALS); statement-derived growth/margins; terminal reinvestment at mature returns.,"Call flips if the model MoS crosses the band edges (±10–15pp), if quality legs deteriorate, or on a data-confidence downgrade.",,Dir-agree-magnitude-off,threshold/judgment difference (<0.30 gap)
CEATLTD,HOLD,0.11429631420993666,high,57.6,Justified,,model sees +11% to blended fair value; street consensus +9%,—,Rests on: sector-derived discount rate (AUTO); statement-derived growth/margins; terminal reinvestment at mature returns.,"Call flips if the model MoS crosses the band edges (±10–15pp), if quality legs deteriorate, or on a data-confidence downgrade.",,Adjacent,
NIACL,HOLD,0.11401886598793065,medium,38.6,Justified,,model sees +11% to blended fair value,thin 4% returns on equity; street -6%,Rests on: sector-derived discount rate (INSURANCE); statement-derived growth/margins; terminal book-multiple economics.,"Call flips if the model MoS crosses the band edges (±10–15pp), if quality legs deteriorate, or on a data-confidence downgrade.",,Engine-should-have-abstained,uncomparable
BALRAMCHIN,HOLD,0.10716669898606282,high,40.3,Justified,,model sees +11% to blended fair value; trades 33x vs sector-normal 42x,thin 9% returns on equity,Rests on: sector-derived discount rate (CONSUMER); statement-derived growth/margins; terminal reinvestment at mature returns.,"Call flips if the model MoS crosses the band edges (±10–15pp), if quality legs deteriorate, or on a data-confidence downgrade.",,Adjacent,
FLAIR,HOLD,0.106621174082098,medium,64.7,Justified,,model sees +11% to blended fair value; trades 20x vs sector-normal 28x; street consensus +74%,—,Rests on: sector-derived discount rate (MANUFACTURING); statement-derived growth/margins; terminal reinvestment at mature returns.,"Call flips if the model MoS crosses the band edges (±10–15pp), if quality legs deteriorate, or on a data-confidence downgrade.",,Engine-should-have-abstained,engine-rich: exit-multiple/sector-P-E leg inflation (VAL-01 family)
PDSL,HOLD,0.10396173728246111,medium,40.7,Justified,,model sees +10% to blended fair value; street consensus +81%,—,Rests on: sector-derived discount rate (CONSUMER_DISC); statement-derived growth/margins; terminal reinvestment at mature returns.,"Call flips if the model MoS crosses the band edges (±10–15pp), if quality legs deteriorate, or on a data-confidence downgrade.",,Adjacent,
SANDHAR,HOLD,0.09765171496614851,medium,68.4,Justified,,model sees +10% to blended fair value; trades 18x vs sector-normal 24x; Alpha Score 68 (multi-factor support); street consensus +29%,—,Rests on: sector-derived discount rate (AUTO); statement-derived growth/margins; terminal reinvestment at mature returns.,"Call flips if the model MoS crosses the band edges (±10–15pp), if quality legs deteriorate, or on a data-confidence downgrade.",,Adjacent,
JUNIPER,HOLD,0.09003824332453801,medium,36.5,Justified,,model sees +9% to blended fair value,thin 5% returns on equity,Rests on: sector-derived discount rate (CONSUMER_DISC); statement-derived growth/margins; terminal reinvestment at mature returns.,"Call flips if the model MoS crosses the band edges (±10–15pp), if quality legs deteriorate, or on a data-confidence downgrade.",,Adjacent,
BRIGADE,HOLD,0.07394533151807617,high,44.9,Justified,,model sees +7% to blended fair value; street consensus +37%,29x earnings vs sector-normal 20x,Rests on: sector-derived discount rate (REALTY); statement-derived growth/margins; terminal reinvestment at mature returns.,"Call flips if the model MoS crosses the band edges (±10–15pp), if quality legs deteriorate, or on a data-confidence downgrade.",,Adjacent,
PATANJALI,HOLD,0.06403487046481203,high,68.5,Justified,,model sees +6% to blended fair value; trades 21x vs sector-normal 42x; Alpha Score 68 (multi-factor support); street consensus +72%,—,Rests on: sector-derived discount rate (CONSUMER); statement-derived growth/margins; terminal reinvestment at mature returns.,"Call flips if the model MoS crosses the band edges (±10–15pp), if quality legs deteriorate, or on a data-confidence downgrade.",,Adjacent,
AARTIDRUGS,HOLD,0.059629077644259926,medium,40.1,Justified,,model sees +6% to blended fair value; trades 19x vs sector-normal 25x; street consensus +6%,—,Rests on: sector-derived discount rate (IT_SERVICES); statement-derived growth/margins; terminal reinvestment at mature returns.,"Call flips if the model MoS crosses the band edges (±10–15pp), if quality legs deteriorate, or on a data-confidence downgrade.",,Adjacent,
VENTIVE,HOLD,0.05623180945207016,medium,52.0,Justified,,model sees +6% to blended fair value; street consensus +39%,thin 9% returns on equity,Rests on: sector-derived discount rate (CONSUMER_DISC); statement-derived growth/margins; terminal reinvestment at mature returns.,"Call flips if the model MoS crosses the band edges (±10–15pp), if quality legs deteriorate, or on a data-confidence downgrade.",,Adjacent,
QUESS,HOLD,0.04810313932562578,medium,52.9,Justified,,model sees +5% to blended fair value; returns on equity of 19% evidence a real franchise; trades 20x vs sector-normal 28x,—,Rests on: sector-derived discount rate (MANUFACTURING); statement-derived growth/margins; terminal reinvestment at mature returns.,"Call flips if the model MoS crosses the band edges (±10–15pp), if quality legs deteriorate, or on a data-confidence downgrade.",,Engine-should-have-abstained,engine-rich: thin-margin name on rich sector multiples (VAL-01/AWL-class)
POWERMECH,HOLD,0.048028813364939214,medium,51.2,Justified,,model sees +5% to blended fair value; returns on equity of 16% evidence a real franchise; street consensus +32%,22x earnings vs sector-normal 15x,Rests on: sector-derived discount rate (CONSTRUCTION); statement-derived growth/margins; terminal reinvestment at mature returns.,"Call flips if the model MoS crosses the band edges (±10–15pp), if quality legs deteriorate, or on a data-confidence downgrade.",,Adjacent,
INDGN,HOLD,0.04636789335190088,high,57.1,Justified,,model sees +5% to blended fair value; street consensus +18%,—,Rests on: sector-derived discount rate (PHARMA); statement-derived growth/margins; terminal reinvestment at mature returns.,"Call flips if the model MoS crosses the band edges (±10–15pp), if quality legs deteriorate, or on a data-confidence downgrade.",,Adjacent,
APOLLOTYRE,HOLD,0.04567000779845312,high,59.0,Justified,,model sees +5% to blended fair value; street consensus +11%,thin 8% returns on equity,Rests on: sector-derived discount rate (AUTO); statement-derived growth/margins; terminal reinvestment at mature returns.,"Call flips if the model MoS crosses the band edges (±10–15pp), if quality legs deteriorate, or on a data-confidence downgrade.",,Adjacent,
EMMVEE,HOLD,0.04439184723443674,high,56.4,Justified,,model sees +4% to blended fair value; returns on equity of 29% evidence a real franchise; trades 20x vs sector-normal 32x,—,Rests on: sector-derived discount rate (CAPITAL_GOODS); statement-derived growth/margins; terminal reinvestment at mature returns.,"Call flips if the model MoS crosses the band edges (±10–15pp), if quality legs deteriorate, or on a data-confidence downgrade.",,Agree,
BBL,HOLD,0.04211327720863242,medium,45.3,Justified,,model sees +4% to blended fair value,thin 6% returns on equity,Rests on: sector-derived discount rate (MANUFACTURING); statement-derived growth/margins; terminal reinvestment at mature returns.,"Call flips if the model MoS crosses the band edges (±10–15pp), if quality legs deteriorate, or on a data-confidence downgrade.",,Adjacent,
DATAMATICS,HOLD,0.039010854618406435,medium,53.3,Justified,,model sees +4% to blended fair value,—,Rests on: sector-derived discount rate (IT_SERVICES); statement-derived growth/margins; terminal reinvestment at mature returns.,"Call flips if the model MoS crosses the band edges (±10–15pp), if quality legs deteriorate, or on a data-confidence downgrade.",,Adjacent,
NTPC,HOLD,0.03736547700387298,high,77.5,Justified,,model sees +4% to blended fair value; Alpha Score 78 (multi-factor support); street consensus +28%,—,Rests on: sector-derived discount rate (UTILITIES); statement-derived growth/margins; terminal reinvestment at mature returns.,"Call flips if the model MoS crosses the band edges (±10–15pp), if quality legs deteriorate, or on a data-confidence downgrade.",,Engine-should-have-abstained,engine-bearish: level bias (VAL-02 family)
DODLA,HOLD,0.030376560758980098,medium,62.8,Justified,,model sees +3% to blended fair value; returns on equity of 16% evidence a real franchise; trades 24x vs sector-normal 42x; street consensus +44%,—,Rests on: sector-derived discount rate (CONSUMER); statement-derived growth/margins; terminal reinvestment at mature returns.,"Call flips if the model MoS crosses the band edges (±10–15pp), if quality legs deteriorate, or on a data-confidence downgrade.",,Adjacent,
SKFINDIA,HOLD,0.024646743083559824,medium,56.3,Justified,,model sees +2% to blended fair value; returns on equity of 20% evidence a real franchise; street consensus +97%,—,Rests on: sector-derived discount rate (MANUFACTURING); statement-derived growth/margins; terminal reinvestment at mature returns.,"Call flips if the model MoS crosses the band edges (±10–15pp), if quality legs deteriorate, or on a data-confidence downgrade.",,Engine-should-have-abstained,engine-rich: exit-multiple/sector-P-E leg inflation (VAL-01 family)
ELECON,HOLD,0.024411191857116283,high,49.8,Justified,,model sees +2% to blended fair value; street consensus +27%,—,Rests on: sector-derived discount rate (CAPITAL_GOODS); statement-derived growth/margins; terminal reinvestment at mature returns.,"Call flips if the model MoS crosses the band edges (±10–15pp), if quality legs deteriorate, or on a data-confidence downgrade.",,Adjacent,
HEROMOTOCO,HOLD,0.02001593119947366,high,71.5,Justified,,model sees +2% to blended fair value; returns on equity of 27% evidence a real franchise; trades 17x vs sector-normal 24x; Alpha Score 72 (multi-factor support); street consensus +20%,—,Rests on: sector-derived discount rate (AUTO); statement-derived growth/margins; terminal reinvestment at mature returns.,"Call flips if the model MoS crosses the band edges (±10–15pp), if quality legs deteriorate, or on a data-confidence downgrade.",,Engine-should-have-abstained,engine-rich: exit-multiple/sector-P-E leg inflation (VAL-01 family)
GULFOILLUB,HOLD,0.011595175007646438,medium,67.2,Justified,,model sees +1% to blended fair value; returns on equity of 22% evidence a real franchise; Alpha Score 67 (multi-factor support); street consensus +57%,—,Rests on: sector-derived discount rate (ENERGY); statement-derived growth/margins; terminal reinvestment at mature returns.,"Call flips if the model MoS crosses the band edges (±10–15pp), if quality legs deteriorate, or on a data-confidence downgrade.",,Adjacent,
ESCORTS,HOLD,0.0072390986224924354,high,54.8,Justified,,model sees +1% to blended fair value; trades 24x vs sector-normal 32x; street consensus +19%,—,Rests on: sector-derived discount rate (CAPITAL_GOODS); statement-derived growth/margins; terminal reinvestment at mature returns.,"Call flips if the model MoS crosses the band edges (±10–15pp), if quality legs deteriorate, or on a data-confidence downgrade.",,Adjacent,
AUROPHARMA,HOLD,0.006643241659714829,high,59.9,Justified,,model sees +1% to blended fair value,thin 9% returns on equity,Rests on: sector-derived discount rate (PHARMA); statement-derived growth/margins; terminal reinvestment at mature returns.,"Call flips if the model MoS crosses the band edges (±10–15pp), if quality legs deteriorate, or on a data-confidence downgrade.",,Adjacent,
HDFCLIFE,HOLD,0.0014184397163119762,medium,45.8,Justified,,model sees +0% to blended fair value; street consensus +35%,64x earnings vs sector-normal 24x,Rests on: sector-derived discount rate (INSURANCE); statement-derived growth/margins; terminal book-multiple economics.,"Call flips if the model MoS crosses the band edges (±10–15pp), if quality legs deteriorate, or on a data-confidence downgrade.",,Adjacent,
PGHH,HOLD,-1.545216754946313e-06,medium,63.4,Justified,,returns on equity of 114% evidence a real franchise; trades 33x vs sector-normal 42x; street consensus +24%,model reads the price 0% above fair value,Rests on: sector-derived discount rate (CONSUMER); statement-derived growth/margins; terminal reinvestment at mature returns.,"Call flips if the model MoS crosses the band edges (±10–15pp), if quality legs deteriorate, or on a data-confidence downgrade.",,Adjacent,
IGL,HOLD,-0.0008967597566217815,high,56.5,Justified,,street consensus +29%,model reads the price 0% above fair value,Rests on: sector-derived discount rate (ENERGY); statement-derived growth/margins; terminal reinvestment at mature returns.,"Call flips if the model MoS crosses the band edges (±10–15pp), if quality legs deteriorate, or on a data-confidence downgrade.",,Adjacent,
AXISBANK,HOLD,-0.001982746342273862,high,69.0,Justified,,Alpha Score 69 (multi-factor support); street consensus +19%,model reads the price 0% above fair value,Rests on: sector-derived discount rate (BANK); statement-derived growth/margins; terminal book-multiple economics.,"Call flips if the model MoS crosses the band edges (±10–15pp), if quality legs deteriorate, or on a data-confidence downgrade.",,Adjacent,
KALYANKJIL,HOLD,-0.002258164181456785,high,40.1,Justified,,returns on equity of 21% evidence a real franchise; street consensus +16%,model reads the price 0% above fair value,Rests on: sector-derived discount rate (CONSUMER_DISC); statement-derived growth/margins; terminal reinvestment at mature returns.,"Call flips if the model MoS crosses the band edges (±10–15pp), if quality legs deteriorate, or on a data-confidence downgrade.",,Engine-should-have-abstained,engine-rich: thin-margin name on rich sector multiples (VAL-01/AWL-class)
APTUS,HOLD,-0.004170990010624538,high,54.0,Justified,,returns on equity of 19% evidence a real franchise; street consensus +30%,model reads the price 0% above fair value,Rests on: sector-derived discount rate (NBFC); statement-derived growth/margins; terminal book-multiple economics.,"Call flips if the model MoS crosses the band edges (±10–15pp), if quality legs deteriorate, or on a data-confidence downgrade.",,Agree,
PITTIENG,HOLD,-0.00698060203872367,medium,50.4,Justified,,street consensus +14%,model reads the price 1% above fair value,Rests on: sector-derived discount rate (MANUFACTURING); statement-derived growth/margins; terminal reinvestment at mature returns.,"Call flips if the model MoS crosses the band edges (±10–15pp), if quality legs deteriorate, or on a data-confidence downgrade.",,Adjacent,
GICRE,HOLD,-0.007498589780047212,medium,71.7,Justified,,returns on equity of 15% evidence a real franchise; trades 7x vs sector-normal 24x; Alpha Score 72 (multi-factor support); street consensus +26%,model reads the price 1% above fair value,Rests on: sector-derived discount rate (INSURANCE); statement-derived growth/margins; terminal book-multiple economics.,"Call flips if the model MoS crosses the band edges (±10–15pp), if quality legs deteriorate, or on a data-confidence downgrade.",,Adjacent,
AJAXENGG,HOLD,-0.01027814922912036,medium,52.3,Justified,,returns on equity of 16% evidence a real franchise; street consensus +38%,model reads the price 1% above fair value,Rests on: sector-derived discount rate (CAPITAL_GOODS); statement-derived growth/margins; terminal reinvestment at mature returns.,"Call flips if the model MoS crosses the band edges (±10–15pp), if quality legs deteriorate, or on a data-confidence downgrade.",,Method-limited-unchecked,
HERITGFOOD,HOLD,-0.01093660598029277,medium,49.1,Justified,,trades 20x vs sector-normal 28x; street consensus +29%,model reads the price 1% above fair value,Rests on: sector-derived discount rate (MANUFACTURING); statement-derived growth/margins; terminal reinvestment at mature returns.,"Call flips if the model MoS crosses the band edges (±10–15pp), if quality legs deteriorate, or on a data-confidence downgrade.",,Adjacent,
APLLTD,HOLD,-0.01299469474227585,medium,51.3,Justified,,street consensus +14%,model reads the price 1% above fair value,Rests on: sector-derived discount rate (IT_SERVICES); statement-derived growth/margins; terminal reinvestment at mature returns.,"Call flips if the model MoS crosses the band edges (±10–15pp), if quality legs deteriorate, or on a data-confidence downgrade.",,Adjacent,
SHYAMMETL,HOLD,-0.016345275155086957,high,51.3,Justified,,street consensus +6%,model reads the price 2% above fair value; thin 9% returns on equity,Rests on: sector-derived discount rate (CAPITAL_GOODS); statement-derived growth/margins; terminal reinvestment at mature returns.,"Call flips if the model MoS crosses the band edges (±10–15pp), if quality legs deteriorate, or on a data-confidence downgrade.",,Adjacent,
THELEELA,HOLD,-0.020104255145033573,high,55.4,Justified,,street consensus +14%,model reads the price 2% above fair value; thin 6% returns on equity,Rests on: sector-derived discount rate (CONSUMER); statement-derived growth/margins; terminal reinvestment at mature returns.,"Call flips if the model MoS crosses the band edges (±10–15pp), if quality legs deteriorate, or on a data-confidence downgrade.",,Adjacent,
DCMSHRIRAM,HOLD,-0.022914048380803225,high,47.8,Justified,,trades 19x vs sector-normal 28x,model reads the price 2% above fair value,Rests on: sector-derived discount rate (MANUFACTURING); statement-derived growth/margins; terminal reinvestment at mature returns.,"Call flips if the model MoS crosses the band edges (±10–15pp), if quality legs deteriorate, or on a data-confidence downgrade.",,Adjacent,
SKIPPER,HOLD,-0.029154586302177404,medium,54.6,Justified,,—,model reads the price 3% above fair value,Rests on: sector-derived discount rate (MANUFACTURING); statement-derived growth/margins; terminal reinvestment at mature returns.,"Call flips if the model MoS crosses the band edges (±10–15pp), if quality legs deteriorate, or on a data-confidence downgrade.",,Adjacent,
FIEMIND,HOLD,-0.02924207013482004,medium,63.7,Justified,,returns on equity of 21% evidence a real franchise; street consensus +24%,model reads the price 3% above fair value,Rests on: sector-derived discount rate (MANUFACTURING); statement-derived growth/margins; terminal reinvestment at mature returns.,"Call flips if the model MoS crosses the band edges (±10–15pp), if quality legs deteriorate, or on a data-confidence downgrade.",,Engine-should-have-abstained,engine-rich: exit-multiple/sector-P-E leg inflation (VAL-01 family)
CELLO,HOLD,-0.033509954340205546,medium,52.4,Justified,,street consensus +96%,model reads the price 3% above fair value,Rests on: sector-derived discount rate (MANUFACTURING); statement-derived growth/margins; terminal reinvestment at mature returns.,"Call flips if the model MoS crosses the band edges (±10–15pp), if quality legs deteriorate, or on a data-confidence downgrade.",,Engine-should-have-abstained,engine-rich: exit-multiple/sector-P-E leg inflation (VAL-01 family)
NESCO,HOLD,-0.034215624040816434,medium,57.5,Justified,,—,model reads the price 3% above fair value,Rests on: sector-derived discount rate (REALTY); statement-derived growth/margins; terminal reinvestment at mature returns.,"Call flips if the model MoS crosses the band edges (±10–15pp), if quality legs deteriorate, or on a data-confidence downgrade.",,Adjacent,
MRF,HOLD,-0.035983536569946545,high,56.1,Justified,,—,model reads the price 4% above fair value,Rests on: sector-derived discount rate (AUTO); statement-derived growth/margins; terminal reinvestment at mature returns.,"Call flips if the model MoS crosses the band edges (±10–15pp), if quality legs deteriorate, or on a data-confidence downgrade.",,Engine-should-have-abstained,engine-rich: exit-multiple/sector-P-E leg inflation (VAL-01 family)
SOTL,HOLD,-0.03623626287800991,medium,56.7,Justified,,—,model reads the price 4% above fair value,Rests on: sector-derived discount rate (CHEMICALS); statement-derived growth/margins; terminal reinvestment at mature returns.,"Call flips if the model MoS crosses the band edges (±10–15pp), if quality legs deteriorate, or on a data-confidence downgrade.",,Adjacent,
ORKLAINDIA,HOLD,-0.03664814321691579,medium,49.5,Justified,,trades 28x vs sector-normal 42x,model reads the price 4% above fair value,Rests on: sector-derived discount rate (CONSUMER); statement-derived growth/margins; terminal reinvestment at mature returns.,"Call flips if the model MoS crosses the band edges (±10–15pp), if quality legs deteriorate, or on a data-confidence downgrade.",,Adjacent,
HCC,HOLD,-0.03700129220109482,medium,51.4,Justified,,street consensus +35%,model reads the price 4% above fair value; 30x earnings vs sector-normal 15x; thin 8% returns on equity,Rests on: sector-derived discount rate (CONSTRUCTION); statement-derived growth/margins; terminal reinvestment at mature returns.,"Call flips if the model MoS crosses the band edges (±10–15pp), if quality legs deteriorate, or on a data-confidence downgrade.",,Adjacent,
GPIL,HOLD,-0.038524425544171556,high,68.2,Justified,,trades 19x vs sector-normal 32x; Alpha Score 68 (multi-factor support); street consensus +23%,model reads the price 4% above fair value,Rests on: sector-derived discount rate (CAPITAL_GOODS); statement-derived growth/margins; terminal reinvestment at mature returns.,"Call flips if the model MoS crosses the band edges (±10–15pp), if quality legs deteriorate, or on a data-confidence downgrade.",,Adjacent,
CIPLA,HOLD,-0.04273831221979268,high,56.7,Justified,,—,model reads the price 4% above fair value,Rests on: sector-derived discount rate (PHARMA); statement-derived growth/margins; terminal reinvestment at mature returns.,"Call flips if the model MoS crosses the band edges (±10–15pp), if quality legs deteriorate, or on a data-confidence downgrade.",,Adjacent,
BHARTIARTL,HOLD,-0.04402282709584087,high,65.7,Justified,,returns on equity of 23% evidence a real franchise; Alpha Score 66 (multi-factor support); street consensus +20%,model reads the price 4% above fair value; 43x earnings vs sector-normal 32x,Rests on: sector-derived discount rate (TELECOM); statement-derived growth/margins; terminal reinvestment at mature returns.,"Call flips if the model MoS crosses the band edges (±10–15pp), if quality legs deteriorate, or on a data-confidence downgrade.",,Engine-should-have-abstained,engine-rich: exit-multiple/sector-P-E leg inflation (VAL-01 family)
ORIENTCEM,HOLD,-0.049705409895976715,medium,54.0,Justified,,returns on equity of 16% evidence a real franchise; trades 8x vs sector-normal 24x; street consensus +50%,model reads the price 5% above fair value,Rests on: sector-derived discount rate (CEMENT); statement-derived growth/margins; terminal reinvestment at mature returns.,"Call flips if the model MoS crosses the band edges (±10–15pp), if quality legs deteriorate, or on a data-confidence downgrade.",,Adjacent,
BECTORFOOD,HOLD,-0.053829239674520954,medium,30.7,Justified,,street consensus +24%,model reads the price 5% above fair value,Rests on: sector-derived discount rate (CONSUMER); statement-derived growth/margins; terminal reinvestment at mature returns.,"Call flips if the model MoS crosses the band edges (±10–15pp), if quality legs deteriorate, or on a data-confidence downgrade.",,Adjacent,
MANORAMA,HOLD,-0.05774059469266172,medium,53.9,Justified,,returns on equity of 32% evidence a real franchise; street consensus +26%,model reads the price 6% above fair value,Rests on: sector-derived discount rate (CONSUMER); statement-derived growth/margins; terminal reinvestment at mature returns.,"Call flips if the model MoS crosses the band edges (±10–15pp), if quality legs deteriorate, or on a data-confidence downgrade.",,Adjacent,
BANSALWIRE,HOLD,-0.06075867190600622,medium,52.5,Justified,,street consensus +45%,model reads the price 6% above fair value,Rests on: sector-derived discount rate (MANUFACTURING); statement-derived growth/margins; terminal reinvestment at mature returns.,"Call flips if the model MoS crosses the band edges (±10–15pp), if quality legs deteriorate, or on a data-confidence downgrade.",,Adjacent,
TBOTEK,HOLD,-0.06115561227054308,high,58.5,Justified,,returns on equity of 16% evidence a real franchise; street consensus +31%,model reads the price 6% above fair value; 64x earnings vs sector-normal 42x,Rests on: sector-derived discount rate (CONSUMER); statement-derived growth/margins; terminal reinvestment at mature returns.,"Call flips if the model MoS crosses the band edges (±10–15pp), if quality legs deteriorate, or on a data-confidence downgrade.",,Engine-should-have-abstained,engine-rich: exit-multiple/sector-P-E leg inflation (VAL-01 family)
SCI,HOLD,-0.06310491853153473,high,64.5,Justified,,trades 10x vs sector-normal 28x,model reads the price 6% above fair value,Rests on: sector-derived discount rate (MANUFACTURING); statement-derived growth/margins; terminal reinvestment at mature returns.,"Call flips if the model MoS crosses the band edges (±10–15pp), if quality legs deteriorate, or on a data-confidence downgrade.",,Adjacent,
SBILIFE,HOLD,-0.07188149119930032,medium,42.9,Justified,,street consensus +29%,model reads the price 7% above fair value; 347x earnings vs sector-normal 24x; thin 3% returns on equity,Rests on: sector-derived discount rate (INSURANCE); statement-derived growth/margins; terminal book-multiple economics.,"Call flips if the model MoS crosses the band edges (±10–15pp), if quality legs deteriorate, or on a data-confidence downgrade.",,Data-defect,known live data bug (platform audit DATA-01/02)
JSLL,HOLD,-0.07366607630166451,medium,54.1,Justified,,returns on equity of 47% evidence a real franchise,model reads the price 7% above fair value,Rests on: sector-derived discount rate (IT_SERVICES); statement-derived growth/margins; terminal reinvestment at mature returns.,"Call flips if the model MoS crosses the band edges (±10–15pp), if quality legs deteriorate, or on a data-confidence downgrade.",,Adjacent,
TIMETECHNO,HOLD,-0.09218994724746989,medium,50.1,Justified,,trades 20x vs sector-normal 28x; street consensus +37%,model reads the price 9% above fair value,Rests on: sector-derived discount rate (MANUFACTURING); statement-derived growth/margins; terminal reinvestment at mature returns.,"Call flips if the model MoS crosses the band edges (±10–15pp), if quality legs deteriorate, or on a data-confidence downgrade.",,Adjacent,
FORCEMOT,HOLD,-0.09262610660053593,high,60.9,Justified,,returns on equity of 29% evidence a real franchise,model reads the price 9% above fair value,Rests on: sector-derived discount rate (AUTO); statement-derived growth/margins; terminal reinvestment at mature returns.,"Call flips if the model MoS crosses the band edges (±10–15pp), if quality legs deteriorate, or on a data-confidence downgrade.",,Adjacent,
GOKEX,HOLD,-0.09265627860384025,medium,30.4,Justified,,street consensus +14%,model reads the price 9% above fair value; 63x earnings vs sector-normal 38x; thin 5% returns on equity,Rests on: sector-derived discount rate (CONSUMER_DISC); statement-derived growth/margins; terminal reinvestment at mature returns.,"Call flips if the model MoS crosses the band edges (±10–15pp), if quality legs deteriorate, or on a data-confidence downgrade.",,Adjacent,
ALKEM,HOLD,-0.09832955045367062,high,65.5,Justified,,returns on equity of 17% evidence a real franchise; Alpha Score 66 (multi-factor support); street consensus +6%,model reads the price 10% above fair value,Rests on: sector-derived discount rate (PHARMA); statement-derived growth/margins; terminal reinvestment at mature returns.,"Call flips if the model MoS crosses the band edges (±10–15pp), if quality legs deteriorate, or on a data-confidence downgrade.",,Adjacent,
SUZLON,HOLD,-0.09858175093926932,high,68.5,Justified,,returns on equity of 33% evidence a real franchise; trades 23x vs sector-normal 32x; Alpha Score 68 (multi-factor support); street consensus +25%,model reads the price 10% above fair value,Rests on: sector-derived discount rate (CAPITAL_GOODS); statement-derived growth/margins; terminal reinvestment at mature returns.,"Call flips if the model MoS crosses the band edges (±10–15pp), if quality legs deteriorate, or on a data-confidence downgrade.",,Adjacent,
HDFCBANK,REDUCE,-0.10004294254298185,high,56.3,Weakly-justified,street sees +28% upside vs the avoid,street consensus +28%; TENSION: street sees +28% upside vs the avoid,model reads the price 10% above fair value,Rests on: sector-derived discount rate (BANK); statement-derived growth/margins; terminal book-multiple economics.,"Call flips if the model MoS crosses the band edges (±10–15pp), if quality legs deteriorate, or on a data-confidence downgrade.",,Disagree,threshold/judgment difference (<0.30 gap)
AHLUCONT,REDUCE,-0.10146094202444432,medium,49.0,Justified,,street consensus +14%,model reads the price 10% above fair value; 22x earnings vs sector-normal 15x,Rests on: sector-derived discount rate (CONSTRUCTION); statement-derived growth/margins; terminal reinvestment at mature returns.,"Call flips if the model MoS crosses the band edges (±10–15pp), if quality legs deteriorate, or on a data-confidence downgrade.",,Dir-agree-magnitude-off,engine-rich: exit-multiple/sector-P-E leg inflation (VAL-01 family)
EPL,REDUCE,-0.10332377248566556,medium,58.1,Justified,,trades 20x vs sector-normal 28x; street consensus +22%,model reads the price 10% above fair value,Rests on: sector-derived discount rate (MANUFACTURING); statement-derived growth/margins; terminal reinvestment at mature returns.,"Call flips if the model MoS crosses the band edges (±10–15pp), if quality legs deteriorate, or on a data-confidence downgrade.",,Adjacent,
LOTUSDEV,REDUCE,-0.10567518717280396,medium,45.1,Justified,,—,model reads the price 11% above fair value,Rests on: sector-derived discount rate (MANUFACTURING); statement-derived growth/margins; terminal reinvestment at mature returns.,"Call flips if the model MoS crosses the band edges (±10–15pp), if quality legs deteriorate, or on a data-confidence downgrade.",,Engine-should-have-abstained,engine-rich: exit-multiple/sector-P-E leg inflation (VAL-01 family)
PICCADIL,REDUCE,-0.10726409419373482,medium,48.7,Justified,,returns on equity of 15% evidence a real franchise,model reads the price 11% above fair value,Rests on: sector-derived discount rate (CONSUMER); statement-derived growth/margins; terminal reinvestment at mature returns.,"Call flips if the model MoS crosses the band edges (±10–15pp), if quality legs deteriorate, or on a data-confidence downgrade.",,Engine-should-have-abstained,engine-rich: exit-multiple/sector-P-E leg inflation (VAL-01 family)
NEWGEN,REDUCE,-0.10768721914673127,high,32.9,Weakly-justified,street sees +38% upside vs the avoid,returns on equity of 17% evidence a real franchise; street consensus +38%; TENSION: street sees +38% upside vs the avoid,model reads the price 11% above fair value,Rests on: sector-derived discount rate (IT_SERVICES); statement-derived growth/margins; terminal reinvestment at mature returns.,"Call flips if the model MoS crosses the band edges (±10–15pp), if quality legs deteriorate, or on a data-confidence downgrade.",,Adjacent,
ERIS,REDUCE,-0.11013115497264672,high,56.0,Justified,,returns on equity of 17% evidence a real franchise; street consensus +18%,model reads the price 11% above fair value,Rests on: sector-derived discount rate (PHARMA); statement-derived growth/margins; terminal reinvestment at mature returns.,"Call flips if the model MoS crosses the band edges (±10–15pp), if quality legs deteriorate, or on a data-confidence downgrade.",,Engine-should-have-abstained,engine-rich: exit-multiple/sector-P-E leg inflation (VAL-01 family)
SWARAJENG,REDUCE,-0.11063858243947307,medium,67.2,Weakly-justified,elite ROE 40% at ≤1.3× sector-normal P/E — 'avoid' prose won't write,returns on equity of 40% evidence a real franchise; Alpha Score 67 (multi-factor support); street consensus +21%; TENSION: elite ROE 40% at ≤1.3× sector-normal P/E — 'avoid' prose won't write,model reads the price 11% above fair value,Rests on: sector-derived discount rate (AUTO); statement-derived growth/margins; terminal reinvestment at mature returns.,"Call flips if the model MoS crosses the band edges (±10–15pp), if quality legs deteriorate, or on a data-confidence downgrade.",,Dir-agree-magnitude-off,threshold/judgment difference (<0.30 gap)
FINCABLES,REDUCE,-0.1143090152071227,high,61.4,Justified,,trades 22x vs sector-normal 32x; street consensus +19%,model reads the price 11% above fair value,Rests on: sector-derived discount rate (CAPITAL_GOODS); statement-derived growth/margins; terminal reinvestment at mature returns.,"Call flips if the model MoS crosses the band edges (±10–15pp), if quality legs deteriorate, or on a data-confidence downgrade.",,Dir-agree-magnitude-off,engine-rich: exit-multiple/sector-P-E leg inflation (VAL-01 family)
ONGC,REDUCE,-0.12014379302252308,medium,62.8,Weakly-justified,street sees +26% upside vs the avoid,trades 8x vs sector-normal 12x; street consensus +26%; TENSION: street sees +26% upside vs the avoid,model reads the price 12% above fair value,Rests on: sector-derived discount rate (ENERGY); statement-derived growth/margins; terminal reinvestment at mature returns.,"Call flips if the model MoS crosses the band edges (±10–15pp), if quality legs deteriorate, or on a data-confidence downgrade.",,Disagree,engine-bearish: trough extrapolation + AVOID asymmetry (VAL-10)
LT,REDUCE,-0.1203839910909931,medium,75.2,Weakly-justified,own Alpha Score 75 (strong) contradicts the avoid,returns on equity of 18% evidence a real franchise; Alpha Score 75 (multi-factor support); TENSION: own Alpha Score 75 (strong) contradicts the avoid,model reads the price 12% above fair value; 33x earnings vs sector-normal 15x,Rests on: sector-derived discount rate (CONSTRUCTION); statement-derived growth/margins; terminal reinvestment at mature returns.,"Call flips if the model MoS crosses the band edges (±10–15pp), if quality legs deteriorate, or on a data-confidence downgrade.",,Dir-agree-magnitude-off,engine-rich: exit-multiple/sector-P-E leg inflation (VAL-01 family)
LUMAXIND,REDUCE,-0.12101843143566807,medium,60.0,Weakly-justified,elite ROE 19% at ≤1.3× sector-normal P/E — 'avoid' prose won't write,returns on equity of 19% evidence a real franchise; street consensus +7%; TENSION: elite ROE 19% at ≤1.3× sector-normal P/E — 'avoid' prose won't write,model reads the price 12% above fair value,Rests on: sector-derived discount rate (AUTO); statement-derived growth/margins; terminal reinvestment at mature returns.,"Call flips if the model MoS crosses the band edges (±10–15pp), if quality legs deteriorate, or on a data-confidence downgrade.",,Dir-agree-magnitude-off,threshold/judgment difference (<0.30 gap)
DHANUKA,REDUCE,-0.12338019369766606,medium,59.0,Weakly-justified,street sees +37% upside vs the avoid,returns on equity of 17% evidence a real franchise; trades 16x vs sector-normal 26x; street consensus +37%; TENSION: street sees +37% upside vs the avoid,model reads the price 12% above fair value,Rests on: sector-derived discount rate (CHEMICALS); statement-derived growth/margins; terminal reinvestment at mature returns.,"Call flips if the model MoS crosses the band edges (±10–15pp), if quality legs deteriorate, or on a data-confidence downgrade.",,Disagree,threshold/judgment difference (<0.30 gap)
TRAVELFOOD,REDUCE,-0.12346865443926044,high,65.4,Weakly-justified,elite ROE 31% at ≤1.3× sector-normal P/E — 'avoid' prose won't write,returns on equity of 31% evidence a real franchise; Alpha Score 65 (multi-factor support); TENSION: elite ROE 31% at ≤1.3× sector-normal P/E — 'avoid' prose won't write,model reads the price 12% above fair value,Rests on: sector-derived discount rate (CONSUMER); statement-derived growth/margins; terminal reinvestment at mature returns.,"Call flips if the model MoS crosses the band edges (±10–15pp), if quality legs deteriorate, or on a data-confidence downgrade.",,Agree,
JLHL,REDUCE,-0.12491424591565009,medium,51.8,Justified,,street consensus +16%,model reads the price 12% above fair value; 53x earnings vs sector-normal 30x,Rests on: sector-derived discount rate (PHARMA); statement-derived growth/margins; terminal reinvestment at mature returns.,"Call flips if the model MoS crosses the band edges (±10–15pp), if quality legs deteriorate, or on a data-confidence downgrade.",,Dir-agree-magnitude-off,engine-rich: exit-multiple/sector-P-E leg inflation (VAL-01 family)
ACE,REDUCE,-0.12676198458199242,high,54.1,Weakly-justified,elite ROE 21% at ≤1.3× sector-normal P/E — 'avoid' prose won't write,returns on equity of 21% evidence a real franchise; street consensus +15%; TENSION: elite ROE 21% at ≤1.3× sector-normal P/E — 'avoid' prose won't write,model reads the price 13% above fair value,Rests on: sector-derived discount rate (CAPITAL_GOODS); statement-derived growth/margins; terminal reinvestment at mature returns.,"Call flips if the model MoS crosses the band edges (±10–15pp), if quality legs deteriorate, or on a data-confidence downgrade.",,Agree,
KPIL,REDUCE,-0.13172587851729722,high,69.1,Justified,,Alpha Score 69 (multi-factor support); street consensus +18%,model reads the price 13% above fair value; 21x earnings vs sector-normal 15x,Rests on: sector-derived discount rate (CONSTRUCTION); statement-derived growth/margins; terminal reinvestment at mature returns.,"Call flips if the model MoS crosses the band edges (±10–15pp), if quality legs deteriorate, or on a data-confidence downgrade.",,Dir-agree-magnitude-off,engine-rich: thin-margin name on rich sector multiples (VAL-01/AWL-class)
MSTCLTD,REDUCE,-0.1320187393749065,medium,64.8,Weakly-justified,elite ROE 24% at ≤1.3× sector-normal P/E — 'avoid' prose won't write,returns on equity of 24% evidence a real franchise; trades 19x vs sector-normal 38x; TENSION: elite ROE 24% at ≤1.3× sector-normal P/E — 'avoid' prose won't write,model reads the price 13% above fair value,Rests on: sector-derived discount rate (CONSUMER_DISC); statement-derived growth/margins; terminal reinvestment at mature returns.,"Call flips if the model MoS crosses the band edges (±10–15pp), if quality legs deteriorate, or on a data-confidence downgrade.",,Adjacent,
ADANIPORTS,REDUCE,-0.1334937816963405,high,64.8,Justified,,street consensus +7%,model reads the price 13% above fair value,Rests on: sector-derived discount rate (MANUFACTURING); statement-derived growth/margins; terminal reinvestment at mature returns.,"Call flips if the model MoS crosses the band edges (±10–15pp), if quality legs deteriorate, or on a data-confidence downgrade.",,Engine-should-have-abstained,engine-rich: exit-multiple/sector-P-E leg inflation (VAL-01 family)
BANCOINDIA,REDUCE,-0.1335869280171659,medium,58.4,Weakly-justified,elite ROE 29% at ≤1.3× sector-normal P/E — 'avoid' prose won't write,returns on equity of 29% evidence a real franchise; TENSION: elite ROE 29% at ≤1.3× sector-normal P/E — 'avoid' prose won't write,model reads the price 13% above fair value,Rests on: sector-derived discount rate (AUTO); statement-derived growth/margins; terminal reinvestment at mature returns.,"Call flips if the model MoS crosses the band edges (±10–15pp), if quality legs deteriorate, or on a data-confidence downgrade.",,Agree,
BAYERCROP,REDUCE,-0.1341656722181849,high,55.4,Weakly-justified,elite ROE 23% at ≤1.3× sector-normal P/E — 'avoid' prose won't write,returns on equity of 23% evidence a real franchise; street consensus +23%; TENSION: elite ROE 23% at ≤1.3× sector-normal P/E — 'avoid' prose won't write,model reads the price 13% above fair value,Rests on: sector-derived discount rate (CHEMICALS); statement-derived growth/margins; terminal reinvestment at mature returns.,"Call flips if the model MoS crosses the band edges (±10–15pp), if quality legs deteriorate, or on a data-confidence downgrade.",,Agree,
JUBLFOOD,REDUCE,-0.1347274051202592,high,55.6,Weakly-justified,street sees +32% upside vs the avoid,returns on equity of 17% evidence a real franchise; street consensus +32%; TENSION: street sees +32% upside vs the avoid,model reads the price 13% above fair value; 74x earnings vs sector-normal 42x,Rests on: sector-derived discount rate (CONSUMER); statement-derived growth/margins; terminal reinvestment at mature returns.,"Call flips if the model MoS crosses the band edges (±10–15pp), if quality legs deteriorate, or on a data-confidence downgrade.",,Engine-should-have-abstained,engine-rich: thin-margin name on rich sector multiples (VAL-01/AWL-class)
UNIVCABLES,REDUCE,-0.13652521063326267,medium,50.8,Justified,,—,model reads the price 14% above fair value; thin 9% returns on equity,Rests on: sector-derived discount rate (MANUFACTURING); statement-derived growth/margins; terminal reinvestment at mature returns.,"Call flips if the model MoS crosses the band edges (±10–15pp), if quality legs deteriorate, or on a data-confidence downgrade.",,Dir-agree-magnitude-off,engine-rich: exit-multiple/sector-P-E leg inflation (VAL-01 family)
SEAMECLTD,REDUCE,-0.13653291325412686,medium,74.2,Unjustifiable,elite ROE 19% at ≤1.3× sector-normal P/E — 'avoid' prose won't write | own Alpha Score 74 (strong) contradicts the avoid,returns on equity of 19% evidence a real franchise; trades 14x vs sector-normal 26x; Alpha Score 74 (multi-factor support); TENSION: elite ROE 19% at ≤1.3× sector-normal P/E — 'avoid' prose won't write; TENSION: own Alpha Score 74 (strong) contradicts the avoid,model reads the price 14% above fair value,Rests on: sector-derived discount rate (LOGISTICS); statement-derived growth/margins; terminal reinvestment at mature returns.,"Call flips if the model MoS crosses the band edges (±10–15pp), if quality legs deteriorate, or on a data-confidence downgrade.",,Dir-agree-magnitude-off,engine-rich: exit-multiple/sector-P-E leg inflation (VAL-01 family)
COFORGE,REDUCE,-0.14336942824512658,high,47.6,Justified,,returns on equity of 18% evidence a real franchise; street consensus +11%,model reads the price 14% above fair value; 36x earnings vs sector-normal 25x,Rests on: sector-derived discount rate (IT_SERVICES); statement-derived growth/margins; terminal reinvestment at mature returns.,"Call flips if the model MoS crosses the band edges (±10–15pp), if quality legs deteriorate, or on a data-confidence downgrade.",,Engine-should-have-abstained,engine-rich: exit-multiple/sector-P-E leg inflation (VAL-01 family)
JAMNAAUTO,REDUCE,-0.14554535695331,medium,62.9,Unjustifiable,street sees +39% upside vs the avoid | elite ROE 20% at ≤1.3× sector-normal P/E — 'avoid' prose won't write,returns on equity of 20% evidence a real franchise; street consensus +39%; TENSION: street sees +39% upside vs the avoid; TENSION: elite ROE 20% at ≤1.3× sector-normal P/E — 'avoid' prose won't write,model reads the price 15% above fair value,Rests on: sector-derived discount rate (MANUFACTURING); statement-derived growth/margins; terminal reinvestment at mature returns.,"Call flips if the model MoS crosses the band edges (±10–15pp), if quality legs deteriorate, or on a data-confidence downgrade.",,Engine-should-have-abstained,engine-rich: exit-multiple/sector-P-E leg inflation (VAL-01 family)
JSWDULUX,REDUCE,-0.14708723263897933,high,62.4,Weakly-justified,elite ROE 81% at ≤1.3× sector-normal P/E — 'avoid' prose won't write,returns on equity of 81% evidence a real franchise; trades 7x vs sector-normal 38x; street consensus +13%; TENSION: elite ROE 81% at ≤1.3× sector-normal P/E — 'avoid' prose won't write,model reads the price 15% above fair value,Rests on: sector-derived discount rate (CONSUMER_DISC); statement-derived growth/margins; terminal reinvestment at mature returns.,"Call flips if the model MoS crosses the band edges (±10–15pp), if quality legs deteriorate, or on a data-confidence downgrade.",,Method-limited-unchecked,
POWERICA,REDUCE,-0.14874049047271018,medium,61.2,Justified,,—,model reads the price 15% above fair value; 24x earnings vs sector-normal 15x,Rests on: sector-derived discount rate (UTILITIES); statement-derived growth/margins; terminal reinvestment at mature returns.,"Call flips if the model MoS crosses the band edges (±10–15pp), if quality legs deteriorate, or on a data-confidence downgrade.",,Agree,
SANOFICONR,REDUCE,-0.15090767379991848,medium,59.2,Weakly-justified,street sees +28% upside vs the avoid,returns on equity of 63% evidence a real franchise; street consensus +28%; TENSION: street sees +28% upside vs the avoid,model reads the price 15% above fair value; 44x earnings vs sector-normal 25x,Rests on: sector-derived discount rate (IT_SERVICES); statement-derived growth/margins; terminal reinvestment at mature returns.,"Call flips if the model MoS crosses the band edges (±10–15pp), if quality legs deteriorate, or on a data-confidence downgrade.",,Agree,
VEDL,REDUCE,-0.15097640562299186,medium,73.1,Weakly-justified,own Alpha Score 73 (strong) contradicts the avoid,returns on equity of 25% evidence a real franchise; Alpha Score 73 (multi-factor support); street consensus +23%; TENSION: own Alpha Score 73 (strong) contradicts the avoid,model reads the price 15% above fair value; 21x earnings vs sector-normal 11x,Rests on: sector-derived discount rate (METAL); statement-derived growth/margins; terminal reinvestment at mature returns.,"Call flips if the model MoS crosses the band edges (±10–15pp), if quality legs deteriorate, or on a data-confidence downgrade.",,Dir-agree-magnitude-off,threshold/judgment difference (<0.30 gap)
RAMRAT,REDUCE,-0.15894302401805763,medium,60.5,Weakly-justified,elite ROE 19% at ≤1.3× sector-normal P/E — 'avoid' prose won't write,returns on equity of 19% evidence a real franchise; TENSION: elite ROE 19% at ≤1.3× sector-normal P/E — 'avoid' prose won't write,model reads the price 16% above fair value,Rests on: sector-derived discount rate (MANUFACTURING); statement-derived growth/margins; terminal reinvestment at mature returns.,"Call flips if the model MoS crosses the band edges (±10–15pp), if quality legs deteriorate, or on a data-confidence downgrade.",,Engine-should-have-abstained,engine-rich: thin-margin name on rich sector multiples (VAL-01/AWL-class)
MEDPLUS,REDUCE,-0.1600195877461016,medium,56.6,Weakly-justified,street sees +35% upside vs the avoid,street consensus +35%; TENSION: street sees +35% upside vs the avoid,model reads the price 16% above fair value,Rests on: sector-derived discount rate (CONSUMER_DISC); statement-derived growth/margins; terminal reinvestment at mature returns.,"Call flips if the model MoS crosses the band edges (±10–15pp), if quality legs deteriorate, or on a data-confidence downgrade.",,Dir-agree-magnitude-off,engine-rich: thin-margin name on rich sector multiples (VAL-01/AWL-class)
RAILTEL,REDUCE,-0.16031933147312705,high,43.1,Justified,,returns on equity of 15% evidence a real franchise,model reads the price 16% above fair value; street -12%,Rests on: sector-derived discount rate (TELECOM); statement-derived growth/margins; terminal reinvestment at mature returns.,"Call flips if the model MoS crosses the band edges (±10–15pp), if quality legs deteriorate, or on a data-confidence downgrade.",,Dir-agree-magnitude-off,threshold/judgment difference (<0.30 gap)
IDBI,REDUCE,-0.16099368132217937,high,49.2,Justified,,trades 10x vs sector-normal 16x,model reads the price 16% above fair value,Rests on: sector-derived discount rate (BANK); statement-derived growth/margins; terminal book-multiple economics.,"Call flips if the model MoS crosses the band edges (±10–15pp), if quality legs deteriorate, or on a data-confidence downgrade.",,Engine-should-have-abstained,engine-bearish: terminal-ROE cap forbids premium book multiples (VAL-02-fin)
TMCV,REDUCE,-0.16220278352474274,high,49.6,Justified,,returns on equity of 24% evidence a real franchise,model reads the price 16% above fair value; 51x earnings vs sector-normal 32x,Rests on: sector-derived discount rate (CAPITAL_GOODS); statement-derived growth/margins; terminal reinvestment at mature returns.,"Call flips if the model MoS crosses the band edges (±10–15pp), if quality legs deteriorate, or on a data-confidence downgrade.",,Method-limited-unchecked,
V2RETAIL,REDUCE,-0.16633877116091275,medium,55.8,Justified,,returns on equity of 18% evidence a real franchise,model reads the price 17% above fair value,Rests on: sector-derived discount rate (CONSUMER_DISC); statement-derived growth/margins; terminal reinvestment at mature returns.,"Call flips if the model MoS crosses the band edges (±10–15pp), if quality legs deteriorate, or on a data-confidence downgrade.",,Engine-should-have-abstained,engine-rich: thin-margin name on rich sector multiples (VAL-01/AWL-class)
STARCEMENT,REDUCE,-0.16886464383742977,medium,62.1,Weakly-justified,street sees +35% upside vs the avoid,street consensus +35%; TENSION: street sees +35% upside vs the avoid,model reads the price 17% above fair value,Rests on: sector-derived discount rate (CEMENT); statement-derived growth/margins; terminal reinvestment at mature returns.,"Call flips if the model MoS crosses the band edges (±10–15pp), if quality legs deteriorate, or on a data-confidence downgrade.",,Dir-agree-magnitude-off,engine-rich: exit-multiple/sector-P-E leg inflation (VAL-01 family)
FINPIPE,REDUCE,-0.170524853374463,medium,60.0,Weakly-justified,street sees +27% upside vs the avoid,trades 17x vs sector-normal 28x; street consensus +27%; TENSION: street sees +27% upside vs the avoid,model reads the price 17% above fair value; thin 10% returns on equity,Rests on: sector-derived discount rate (MANUFACTURING); statement-derived growth/margins; terminal reinvestment at mature returns.,"Call flips if the model MoS crosses the band edges (±10–15pp), if quality legs deteriorate, or on a data-confidence downgrade.",,Dir-agree-magnitude-off,engine-rich: exit-multiple/sector-P-E leg inflation (VAL-01 family)
KANSAINER,REDUCE,-0.17116960144139085,medium,49.3,Justified,,street consensus +24%,model reads the price 17% above fair value; thin 9% returns on equity,Rests on: sector-derived discount rate (CHEMICALS); statement-derived growth/margins; terminal reinvestment at mature returns.,"Call flips if the model MoS crosses the band edges (±10–15pp), if quality legs deteriorate, or on a data-confidence downgrade.",,Dir-agree-magnitude-off,engine-rich: exit-multiple/sector-P-E leg inflation (VAL-01 family)
POWERGRID,REDUCE,-0.1716613667640039,high,70.0,Unjustifiable,elite ROE 19% at ≤1.3× sector-normal P/E — 'avoid' prose won't write | own Alpha Score 70 (strong) contradicts the avoid,returns on equity of 19% evidence a real franchise; Alpha Score 70 (multi-factor support); street consensus +19%; TENSION: elite ROE 19% at ≤1.3× sector-normal P/E — 'avoid' prose won't write; TENSION: own Alpha Score 70 (strong) contradicts the avoid,model reads the price 17% above fair value,Rests on: sector-derived discount rate (UTILITIES); statement-derived growth/margins; terminal reinvestment at mature returns.,"Call flips if the model MoS crosses the band edges (±10–15pp), if quality legs deteriorate, or on a data-confidence downgrade.",,Agree,
DABUR,REDUCE,-0.17416172448816414,high,60.7,Justified,,returns on equity of 16% evidence a real franchise; street consensus +22%,model reads the price 17% above fair value,Rests on: sector-derived discount rate (CONSUMER); statement-derived growth/margins; terminal reinvestment at mature returns.,"Call flips if the model MoS crosses the band edges (±10–15pp), if quality legs deteriorate, or on a data-confidence downgrade.",,Dir-agree-magnitude-off,engine-rich: exit-multiple/sector-P-E leg inflation (VAL-01 family)
TRUALT,REDUCE,-0.17663924474030077,medium,39.8,Justified,,—,model reads the price 18% above fair value; 34x earnings vs sector-normal 26x; thin 6% returns on equity,Rests on: sector-derived discount rate (CHEMICALS); statement-derived growth/margins; terminal reinvestment at mature returns.,"Call flips if the model MoS crosses the band edges (±10–15pp), if quality legs deteriorate, or on a data-confidence downgrade.",,Dir-agree-magnitude-off,engine-rich: exit-multiple/sector-P-E leg inflation (VAL-01 family)
IKS,REDUCE,-0.1796841222685075,high,58.7,Justified,,returns on equity of 26% evidence a real franchise,model reads the price 18% above fair value; 45x earnings vs sector-normal 25x,Rests on: sector-derived discount rate (IT_SERVICES); statement-derived growth/margins; terminal reinvestment at mature returns.,"Call flips if the model MoS crosses the band edges (±10–15pp), if quality legs deteriorate, or on a data-confidence downgrade.",,Engine-should-have-abstained,engine-rich: exit-multiple/sector-P-E leg inflation (VAL-01 family)
KIRLOSENG,REDUCE,-0.18036396995331402,high,61.8,Justified,,returns on equity of 15% evidence a real franchise,model reads the price 18% above fair value; 58x earnings vs sector-normal 32x,Rests on: sector-derived discount rate (CAPITAL_GOODS); statement-derived growth/margins; terminal reinvestment at mature returns.,"Call flips if the model MoS crosses the band edges (±10–15pp), if quality legs deteriorate, or on a data-confidence downgrade.",,Dir-agree-magnitude-off,engine-rich: exit-multiple/sector-P-E leg inflation (VAL-01 family)
LUXIND,REDUCE,-0.18051274738185905,medium,33.3,Justified,,—,model reads the price 18% above fair value; thin 6% returns on equity,Rests on: sector-derived discount rate (CONSUMER_DISC); statement-derived growth/margins; terminal reinvestment at mature returns.,"Call flips if the model MoS crosses the band edges (±10–15pp), if quality legs deteriorate, or on a data-confidence downgrade.",,Dir-agree-magnitude-off,engine-rich: thin-margin name on rich sector multiples (VAL-01/AWL-class)
GLOBUSSPR,REDUCE,-0.18545055517883266,medium,44.8,Justified,,trades 31x vs sector-normal 42x,model reads the price 19% above fair value; thin 9% returns on equity,Rests on: sector-derived discount rate (CONSUMER); statement-derived growth/margins; terminal reinvestment at mature returns.,"Call flips if the model MoS crosses the band edges (±10–15pp), if quality legs deteriorate, or on a data-confidence downgrade.",,Dir-agree-magnitude-off,engine-rich: thin-margin name on rich sector multiples (VAL-01/AWL-class)
ALIVUS,REDUCE,-0.18746161767189393,medium,65.4,Justified,,returns on equity of 17% evidence a real franchise; Alpha Score 65 (multi-factor support); street consensus +6%,model reads the price 19% above fair value,Rests on: sector-derived discount rate (IT_SERVICES); statement-derived growth/margins; terminal reinvestment at mature returns.,"Call flips if the model MoS crosses the band edges (±10–15pp), if quality legs deteriorate, or on a data-confidence downgrade.",,Adjacent,
ARE&M,REDUCE,-0.18811233002621836,high,44.8,Justified,,trades 19x vs sector-normal 24x,model reads the price 19% above fair value,Rests on: sector-derived discount rate (AUTO); statement-derived growth/margins; terminal reinvestment at mature returns.,"Call flips if the model MoS crosses the band edges (±10–15pp), if quality legs deteriorate, or on a data-confidence downgrade.",,Dir-agree-magnitude-off,threshold/judgment difference (<0.30 gap)
ITCHOTELS,REDUCE,-0.1899591889486335,high,49.2,Weakly-justified,street sees +54% upside vs the avoid,street consensus +54%; TENSION: street sees +54% upside vs the avoid,model reads the price 19% above fair value; thin 7% returns on equity,Rests on: sector-derived discount rate (CONSUMER); statement-derived growth/margins; terminal reinvestment at mature returns.,"Call flips if the model MoS crosses the band edges (±10–15pp), if quality legs deteriorate, or on a data-confidence downgrade.",,Dir-agree-magnitude-off,engine-rich: exit-multiple/sector-P-E leg inflation (VAL-01 family)
HATSUN,REDUCE,-0.19010729106929897,medium,46.1,Justified,,returns on equity of 18% evidence a real franchise,model reads the price 19% above fair value; 58x earnings vs sector-normal 42x,Rests on: sector-derived discount rate (CONSUMER); statement-derived growth/margins; terminal reinvestment at mature returns.,"Call flips if the model MoS crosses the band edges (±10–15pp), if quality legs deteriorate, or on a data-confidence downgrade.",,Engine-should-have-abstained,engine-rich: thin-margin name on rich sector multiples (VAL-01/AWL-class)
STYL,REDUCE,-0.1906048543926004,medium,66.8,Justified,,returns on equity of 17% evidence a real franchise; Alpha Score 67 (multi-factor support),model reads the price 19% above fair value; 26x earnings vs sector-normal 18x,Rests on: sector-derived discount rate (NBFC); statement-derived growth/margins; terminal book-multiple economics.,"Call flips if the model MoS crosses the band edges (±10–15pp), if quality legs deteriorate, or on a data-confidence downgrade.",,Dir-agree-magnitude-off,threshold/judgment difference (<0.30 gap)
WHIRLPOOL,REDUCE,-0.19292911071055766,high,41.3,Weakly-justified,street sees +38% upside vs the avoid,street consensus +38%; TENSION: street sees +38% upside vs the avoid,model reads the price 19% above fair value; thin 7% returns on equity,Rests on: sector-derived discount rate (CONSUMER_DISC); statement-derived growth/margins; terminal reinvestment at mature returns.,"Call flips if the model MoS crosses the band edges (±10–15pp), if quality legs deteriorate, or on a data-confidence downgrade.",,Dir-agree-magnitude-off,engine-rich: exit-multiple/sector-P-E leg inflation (VAL-01 family)
MASFIN,REDUCE,-0.19331000285615185,medium,62.9,Weakly-justified,street sees +31% upside vs the avoid,street consensus +31%; TENSION: street sees +31% upside vs the avoid,model reads the price 19% above fair value,Rests on: sector-derived discount rate (NBFC); statement-derived growth/margins; terminal book-multiple economics.,"Call flips if the model MoS crosses the band edges (±10–15pp), if quality legs deteriorate, or on a data-confidence downgrade.",,Agree,
PSPPROJECT,REDUCE,-0.1979478737012485,medium,34.4,Justified,,—,model reads the price 20% above fair value; 75x earnings vs sector-normal 15x; thin 4% returns on equity; street -27%,Rests on: sector-derived discount rate (CONSTRUCTION); statement-derived growth/margins; terminal reinvestment at mature returns.,"Call flips if the model MoS crosses the band edges (±10–15pp), if quality legs deteriorate, or on a data-confidence downgrade.",,Dir-agree-magnitude-off,engine-rich: thin-margin name on rich sector multiples (VAL-01/AWL-class)
SHRIPISTON,REDUCE,-0.1987610668281154,medium,65.0,Justified,,returns on equity of 19% evidence a real franchise; Alpha Score 65 (multi-factor support); street consensus +16%,model reads the price 20% above fair value; 33x earnings vs sector-normal 24x,Rests on: sector-derived discount rate (AUTO); statement-derived growth/margins; terminal reinvestment at mature returns.,"Call flips if the model MoS crosses the band edges (±10–15pp), if quality legs deteriorate, or on a data-confidence downgrade.",,Engine-should-have-abstained,threshold/judgment difference (<0.30 gap)
PCBL,REDUCE,-0.20062864486108,high,27.8,Justified,,—,model reads the price 20% above fair value; 62x earnings vs sector-normal 26x; thin 5% returns on equity,Rests on: sector-derived discount rate (CHEMICALS); statement-derived growth/margins; terminal reinvestment at mature returns.,"Call flips if the model MoS crosses the band edges (±10–15pp), if quality legs deteriorate, or on a data-confidence downgrade.",,Dir-agree-magnitude-off,engine-rich: thin-margin name on rich sector multiples (VAL-01/AWL-class)
AWFIS,REDUCE,-0.20471839341714457,medium,43.5,Weakly-justified,street sees +165% upside vs the avoid,street consensus +165%; TENSION: street sees +165% upside vs the avoid,model reads the price 20% above fair value; 29x earnings vs sector-normal 20x,Rests on: sector-derived discount rate (REALTY); statement-derived growth/margins; terminal reinvestment at mature returns.,"Call flips if the model MoS crosses the band edges (±10–15pp), if quality legs deteriorate, or on a data-confidence downgrade.",,Dir-agree-magnitude-off,engine-rich: exit-multiple/sector-P-E leg inflation (VAL-01 family)
NAVA,REDUCE,-0.20477019266881114,high,53.9,Justified,,—,model reads the price 20% above fair value; 21x earnings vs sector-normal 15x,Rests on: sector-derived discount rate (UTILITIES); statement-derived growth/margins; terminal reinvestment at mature returns.,"Call flips if the model MoS crosses the band edges (±10–15pp), if quality legs deteriorate, or on a data-confidence downgrade.",,Agree,
TIIL,REDUCE,-0.20530087316258022,medium,45.1,Weakly-justified,street sees +43% upside vs the avoid,trades 20x vs sector-normal 28x; street consensus +43%; TENSION: street sees +43% upside vs the avoid,model reads the price 21% above fair value,Rests on: sector-derived discount rate (MANUFACTURING); statement-derived growth/margins; terminal reinvestment at mature returns.,"Call flips if the model MoS crosses the band edges (±10–15pp), if quality legs deteriorate, or on a data-confidence downgrade.",,Agree,
POLYCAB,REDUCE,-0.20849709762784127,high,68.2,Justified,,returns on equity of 23% evidence a real franchise; Alpha Score 68 (multi-factor support); street consensus +6%,model reads the price 21% above fair value; 50x earnings vs sector-normal 32x,Rests on: sector-derived discount rate (CAPITAL_GOODS); statement-derived growth/margins; terminal reinvestment at mature returns.,"Call flips if the model MoS crosses the band edges (±10–15pp), if quality legs deteriorate, or on a data-confidence downgrade.",,Method-limited-unchecked,
TCI,REDUCE,-0.21055553283123737,medium,61.0,Weakly-justified,street sees +32% upside vs the avoid,returns on equity of 18% evidence a real franchise; trades 16x vs sector-normal 26x; street consensus +32%; TENSION: street sees +32% upside vs the avoid,model reads the price 21% above fair value,Rests on: sector-derived discount rate (LOGISTICS); statement-derived growth/margins; terminal reinvestment at mature returns.,"Call flips if the model MoS crosses the band edges (±10–15pp), if quality legs deteriorate, or on a data-confidence downgrade.",,Agree,
MARICO,REDUCE,-0.21126065584485432,high,65.0,Justified,,returns on equity of 43% evidence a real franchise; Alpha Score 65 (multi-factor support); street consensus +6%,model reads the price 21% above fair value; 62x earnings vs sector-normal 42x,Rests on: sector-derived discount rate (CONSUMER); statement-derived growth/margins; terminal reinvestment at mature returns.,"Call flips if the model MoS crosses the band edges (±10–15pp), if quality legs deteriorate, or on a data-confidence downgrade.",,Agree,
BANARISUG,REDUCE,-0.21226683440825633,medium,56.7,Justified,,trades 29x vs sector-normal 42x,model reads the price 21% above fair value; thin 8% returns on equity,Rests on: sector-derived discount rate (CONSUMER); statement-derived growth/margins; terminal reinvestment at mature returns.,"Call flips if the model MoS crosses the band edges (±10–15pp), if quality legs deteriorate, or on a data-confidence downgrade.",,Dir-agree-magnitude-off,engine-rich: exit-multiple/sector-P-E leg inflation (VAL-01 family)
TEXRAIL,REDUCE,-0.21696239933168252,medium,41.0,Weakly-justified,street sees +37% upside vs the avoid,trades 24x vs sector-normal 32x; street consensus +37%; TENSION: street sees +37% upside vs the avoid,model reads the price 22% above fair value; thin 7% returns on equity,Rests on: sector-derived discount rate (CAPITAL_GOODS); statement-derived growth/margins; terminal reinvestment at mature returns.,"Call flips if the model MoS crosses the band edges (±10–15pp), if quality legs deteriorate, or on a data-confidence downgrade.",,Dir-agree-magnitude-off,engine-rich: thin-margin name on rich sector multiples (VAL-01/AWL-class)
AVANTIFEED,REDUCE,-0.21706356847428332,medium,53.4,Weakly-justified,elite ROE 20% at ≤1.3× sector-normal P/E — 'avoid' prose won't write,returns on equity of 20% evidence a real franchise; trades 23x vs sector-normal 42x; street consensus +14%; TENSION: elite ROE 20% at ≤1.3× sector-normal P/E — 'avoid' prose won't write,model reads the price 22% above fair value,Rests on: sector-derived discount rate (CONSUMER); statement-derived growth/margins; terminal reinvestment at mature returns.,"Call flips if the model MoS crosses the band edges (±10–15pp), if quality legs deteriorate, or on a data-confidence downgrade.",,Adjacent,
MARKSANS,REDUCE,-0.2177199820411726,medium,48.8,Justified,,—,model reads the price 22% above fair value,Rests on: sector-derived discount rate (IT_SERVICES); statement-derived growth/margins; terminal reinvestment at mature returns.,"Call flips if the model MoS crosses the band edges (±10–15pp), if quality legs deteriorate, or on a data-confidence downgrade.",,Dir-agree-magnitude-off,threshold/judgment difference (<0.30 gap)
LUMAXTECH,REDUCE,-0.2188641886424065,medium,63.0,Weakly-justified,street sees +46% upside vs the avoid,returns on equity of 28% evidence a real franchise; street consensus +46%; TENSION: street sees +46% upside vs the avoid,model reads the price 22% above fair value; 35x earnings vs sector-normal 24x,Rests on: sector-derived discount rate (AUTO); statement-derived growth/margins; terminal reinvestment at mature returns.,"Call flips if the model MoS crosses the band edges (±10–15pp), if quality legs deteriorate, or on a data-confidence downgrade.",,Engine-should-have-abstained,threshold/judgment difference (<0.30 gap)
FDC,REDUCE,-0.22375551058854284,medium,50.0,Justified,,—,model reads the price 22% above fair value,Rests on: sector-derived discount rate (IT_SERVICES); statement-derived growth/margins; terminal reinvestment at mature returns.,"Call flips if the model MoS crosses the band edges (±10–15pp), if quality legs deteriorate, or on a data-confidence downgrade.",,Dir-agree-magnitude-off,threshold/judgment difference (<0.30 gap)
VMM,REDUCE,-0.23005997510124113,high,48.5,Justified,,—,model reads the price 23% above fair value; 61x earnings vs sector-normal 42x,Rests on: sector-derived discount rate (CONSUMER); statement-derived growth/margins; terminal reinvestment at mature returns.,"Call flips if the model MoS crosses the band edges (±10–15pp), if quality legs deteriorate, or on a data-confidence downgrade.",,Dir-agree-magnitude-off,engine-rich: exit-multiple/sector-P-E leg inflation (VAL-01 family)
TECHM,REDUCE,-0.23219602986848836,high,51.3,Justified,,returns on equity of 16% evidence a real franchise,model reads the price 23% above fair value,Rests on: sector-derived discount rate (IT_SERVICES); statement-derived growth/margins; terminal reinvestment at mature returns.,"Call flips if the model MoS crosses the band edges (±10–15pp), if quality legs deteriorate, or on a data-confidence downgrade.",,Agree,
LATENTVIEW,REDUCE,-0.23267100639763807,high,31.7,Justified,,—,model reads the price 23% above fair value,Rests on: sector-derived discount rate (IT_SERVICES); statement-derived growth/margins; terminal reinvestment at mature returns.,"Call flips if the model MoS crosses the band edges (±10–15pp), if quality legs deteriorate, or on a data-confidence downgrade.",,Dir-agree-magnitude-off,engine-rich: exit-multiple/sector-P-E leg inflation (VAL-01 family)
SKYGOLD,REDUCE,-0.23365669886950627,medium,53.5,Weakly-justified,elite ROE 24% at ≤1.3× sector-normal P/E — 'avoid' prose won't write,returns on equity of 24% evidence a real franchise; TENSION: elite ROE 24% at ≤1.3× sector-normal P/E — 'avoid' prose won't write,model reads the price 23% above fair value,Rests on: sector-derived discount rate (MANUFACTURING); statement-derived growth/margins; terminal reinvestment at mature returns.,"Call flips if the model MoS crosses the band edges (±10–15pp), if quality legs deteriorate, or on a data-confidence downgrade.",,Engine-should-have-abstained,engine-rich: exit-multiple/sector-P-E leg inflation (VAL-01 family)
JUBLCPL,REDUCE,-0.23877805143598277,medium,56.2,Weakly-justified,elite ROE 28% at ≤1.3× sector-normal P/E — 'avoid' prose won't write,returns on equity of 28% evidence a real franchise; TENSION: elite ROE 28% at ≤1.3× sector-normal P/E — 'avoid' prose won't write,model reads the price 24% above fair value,Rests on: sector-derived discount rate (CHEMICALS); statement-derived growth/margins; terminal reinvestment at mature returns.,"Call flips if the model MoS crosses the band edges (±10–15pp), if quality legs deteriorate, or on a data-confidence downgrade.",,Agree,
PFIZER,REDUCE,-0.24035577927864712,high,64.0,Weakly-justified,street sees +32% upside vs the avoid,returns on equity of 17% evidence a real franchise; street consensus +32%; TENSION: street sees +32% upside vs the avoid,model reads the price 24% above fair value,Rests on: sector-derived discount rate (PHARMA); statement-derived growth/margins; terminal reinvestment at mature returns.,"Call flips if the model MoS crosses the band edges (±10–15pp), if quality legs deteriorate, or on a data-confidence downgrade.",,Agree,
ENTERO,REDUCE,-0.24071624525995827,medium,41.3,Justified,,—,model reads the price 24% above fair value; 44x earnings vs sector-normal 25x; thin 9% returns on equity,Rests on: sector-derived discount rate (IT_SERVICES); statement-derived growth/margins; terminal reinvestment at mature returns.,"Call flips if the model MoS crosses the band edges (±10–15pp), if quality legs deteriorate, or on a data-confidence downgrade.",,Dir-agree-magnitude-off,engine-rich: thin-margin name on rich sector multiples (VAL-01/AWL-class)
CIEINDIA,REDUCE,-0.2411433271650268,high,55.4,Justified,,street consensus +13%,model reads the price 24% above fair value,Rests on: sector-derived discount rate (AUTO); statement-derived growth/margins; terminal reinvestment at mature returns.,"Call flips if the model MoS crosses the band edges (±10–15pp), if quality legs deteriorate, or on a data-confidence downgrade.",,Dir-agree-magnitude-off,threshold/judgment difference (<0.30 gap)
HINDZINC,REDUCE,-0.24266478920095028,high,71.9,Unjustifiable,street sees +25% upside vs the avoid | own Alpha Score 72 (strong) contradicts the avoid,returns on equity of 61% evidence a real franchise; Alpha Score 72 (multi-factor support); street consensus +25%; TENSION: street sees +25% upside vs the avoid; TENSION: own Alpha Score 72 (strong) contradicts the avoid,model reads the price 24% above fair value; 16x earnings vs sector-normal 11x,Rests on: sector-derived discount rate (METAL); statement-derived growth/margins; terminal reinvestment at mature returns.,"Call flips if the model MoS crosses the band edges (±10–15pp), if quality legs deteriorate, or on a data-confidence downgrade.",,Dir-agree-magnitude-off,threshold/judgment difference (<0.30 gap)
CAPLIPOINT,REDUCE,-0.2441680927050639,high,57.1,Weakly-justified,elite ROE 18% at ≤1.3× sector-normal P/E — 'avoid' prose won't write,returns on equity of 18% evidence a real franchise; TENSION: elite ROE 18% at ≤1.3× sector-normal P/E — 'avoid' prose won't write,model reads the price 24% above fair value,Rests on: sector-derived discount rate (PHARMA); statement-derived growth/margins; terminal reinvestment at mature returns.,"Call flips if the model MoS crosses the band edges (±10–15pp), if quality legs deteriorate, or on a data-confidence downgrade.",,Agree,
TATAELXSI,REDUCE,-0.24764024850858093,high,43.7,Justified,,returns on equity of 21% evidence a real franchise,model reads the price 25% above fair value; 35x earnings vs sector-normal 25x,Rests on: sector-derived discount rate (IT_SERVICES); statement-derived growth/margins; terminal reinvestment at mature returns.,"Call flips if the model MoS crosses the band edges (±10–15pp), if quality legs deteriorate, or on a data-confidence downgrade.",,Engine-should-have-abstained,threshold/judgment difference (<0.30 gap)
BATAINDIA,REDUCE,-0.24935293957064744,high,29.4,Justified,,street consensus +5%,model reads the price 25% above fair value; 66x earnings vs sector-normal 38x; thin 8% returns on equity,Rests on: sector-derived discount rate (CONSUMER_DISC); statement-derived growth/margins; terminal reinvestment at mature returns.,"Call flips if the model MoS crosses the band edges (±10–15pp), if quality legs deteriorate, or on a data-confidence downgrade.",,Dir-agree-magnitude-off,engine-rich: exit-multiple/sector-P-E leg inflation (VAL-01 family)
HUDCO,REDUCE,-0.2526688148752996,high,70.8,Unjustifiable,street sees +35% upside vs the avoid | elite ROE 18% at ≤1.3× sector-normal P/E — 'avoid' prose won't write | own Alpha Score 71 (strong) contradicts the avoid,returns on equity of 18% evidence a real franchise; trades 10x vs sector-normal 18x; Alpha Score 71 (multi-factor support); street consensus +35%; TENSION: street sees +35% upside vs the avoid; TENSION: elite ROE 18% at ≤1.3× sector-normal P/E — 'avoid' prose won't write; TENSION: own Alpha Score 71 (strong) contradicts the avoid,model reads the price 25% above fair value,Rests on: sector-derived discount rate (NBFC); statement-derived growth/margins; terminal book-multiple economics.,"Call flips if the model MoS crosses the band edges (±10–15pp), if quality legs deteriorate, or on a data-confidence downgrade.",,Disagree,engine-bearish: terminal-ROE cap forbids premium book multiples (VAL-02-fin)
ARVINDFASN,REDUCE,-0.2527053131229254,medium,61.7,Weakly-justified,street sees +41% upside vs the avoid,returns on equity of 20% evidence a real franchise; street consensus +41%; TENSION: street sees +41% upside vs the avoid,model reads the price 25% above fair value; 50x earnings vs sector-normal 38x,Rests on: sector-derived discount rate (CONSUMER_DISC); statement-derived growth/margins; terminal reinvestment at mature returns.,"Call flips if the model MoS crosses the band edges (±10–15pp), if quality legs deteriorate, or on a data-confidence downgrade.",,Engine-should-have-abstained,engine-rich: thin-margin name on rich sector multiples (VAL-01/AWL-class)
HINDUNILVR,REDUCE,-0.25641702878556966,high,67.5,Weakly-justified,elite ROE 22% at ≤1.3× sector-normal P/E — 'avoid' prose won't write,returns on equity of 22% evidence a real franchise; Alpha Score 68 (multi-factor support); street consensus +20%; TENSION: elite ROE 22% at ≤1.3× sector-normal P/E — 'avoid' prose won't write,model reads the price 26% above fair value,Rests on: sector-derived discount rate (CONSUMER); statement-derived growth/margins; terminal reinvestment at mature returns.,"Call flips if the model MoS crosses the band edges (±10–15pp), if quality legs deteriorate, or on a data-confidence downgrade.",,Engine-should-have-abstained,threshold/judgment difference (<0.30 gap)
INDHOTEL,REDUCE,-0.2588890982790591,high,59.5,Justified,,returns on equity of 17% evidence a real franchise; street consensus +7%,model reads the price 26% above fair value,Rests on: sector-derived discount rate (CONSUMER); statement-derived growth/margins; terminal reinvestment at mature returns.,"Call flips if the model MoS crosses the band edges (±10–15pp), if quality legs deteriorate, or on a data-confidence downgrade.",,Engine-should-have-abstained,engine-rich: exit-multiple/sector-P-E leg inflation (VAL-01 family)
BRITANNIA,REDUCE,-0.2617233156005182,high,63.0,Weakly-justified,elite ROE 50% at ≤1.3× sector-normal P/E — 'avoid' prose won't write,returns on equity of 50% evidence a real franchise; street consensus +19%; TENSION: elite ROE 50% at ≤1.3× sector-normal P/E — 'avoid' prose won't write,model reads the price 26% above fair value,Rests on: sector-derived discount rate (CONSUMER); statement-derived growth/margins; terminal reinvestment at mature returns.,"Call flips if the model MoS crosses the band edges (±10–15pp), if quality legs deteriorate, or on a data-confidence downgrade.",,Agree,
VBL,REDUCE,-0.27033981722427575,high,67.0,Weakly-justified,street sees +26% upside vs the avoid,returns on equity of 16% evidence a real franchise; Alpha Score 67 (multi-factor support); street consensus +26%; TENSION: street sees +26% upside vs the avoid,model reads the price 27% above fair value,Rests on: sector-derived discount rate (CONSUMER); statement-derived growth/margins; terminal reinvestment at mature returns.,"Call flips if the model MoS crosses the band edges (±10–15pp), if quality legs deteriorate, or on a data-confidence downgrade.",,Engine-should-have-abstained,engine-rich: exit-multiple/sector-P-E leg inflation (VAL-01 family)
SANDUMA,REDUCE,-0.27639908094381693,medium,63.3,Justified,,returns on equity of 20% evidence a real franchise,model reads the price 28% above fair value; 15x earnings vs sector-normal 11x,Rests on: sector-derived discount rate (METAL); statement-derived growth/margins; terminal reinvestment at mature returns.,"Call flips if the model MoS crosses the band edges (±10–15pp), if quality legs deteriorate, or on a data-confidence downgrade.",,Agree,
BAJAJCON,REDUCE,-0.27753610012429514,medium,64.5,Weakly-justified,elite ROE 25% at ≤1.3× sector-normal P/E — 'avoid' prose won't write,returns on equity of 25% evidence a real franchise; TENSION: elite ROE 25% at ≤1.3× sector-normal P/E — 'avoid' prose won't write,model reads the price 28% above fair value,Rests on: sector-derived discount rate (CONSUMER); statement-derived growth/margins; terminal reinvestment at mature returns.,"Call flips if the model MoS crosses the band edges (±10–15pp), if quality legs deteriorate, or on a data-confidence downgrade.",,Agree,
COLPAL,REDUCE,-0.283968133485808,high,59.2,Weakly-justified,elite ROE 84% at ≤1.3× sector-normal P/E — 'avoid' prose won't write,returns on equity of 84% evidence a real franchise; street consensus +11%; TENSION: elite ROE 84% at ≤1.3× sector-normal P/E — 'avoid' prose won't write,model reads the price 28% above fair value,Rests on: sector-derived discount rate (CONSUMER); statement-derived growth/margins; terminal reinvestment at mature returns.,"Call flips if the model MoS crosses the band edges (±10–15pp), if quality legs deteriorate, or on a data-confidence downgrade.",,Adjacent,
PRICOLLTD,REDUCE,-0.2853911346602525,medium,61.0,Weakly-justified,elite ROE 20% at ≤1.3× sector-normal P/E — 'avoid' prose won't write,returns on equity of 20% evidence a real franchise; street consensus +18%; TENSION: elite ROE 20% at ≤1.3× sector-normal P/E — 'avoid' prose won't write,model reads the price 29% above fair value,Rests on: sector-derived discount rate (AUTO); statement-derived growth/margins; terminal reinvestment at mature returns.,"Call flips if the model MoS crosses the band edges (±10–15pp), if quality legs deteriorate, or on a data-confidence downgrade.",,Agree,
THANGAMAYL,REDUCE,-0.2869361205560856,medium,56.5,Justified,,returns on equity of 25% evidence a real franchise,model reads the price 29% above fair value; 57x earnings vs sector-normal 38x; street -23%,Rests on: sector-derived discount rate (CONSUMER_DISC); statement-derived growth/margins; terminal reinvestment at mature returns.,"Call flips if the model MoS crosses the band edges (±10–15pp), if quality legs deteriorate, or on a data-confidence downgrade.",,Engine-should-have-abstained,engine-rich: thin-margin name on rich sector multiples (VAL-01/AWL-class)
UTLSOLAR,REDUCE,-0.28751921105657574,medium,67.2,Weakly-justified,elite ROE 24% at ≤1.3× sector-normal P/E — 'avoid' prose won't write,returns on equity of 24% evidence a real franchise; Alpha Score 67 (multi-factor support); TENSION: elite ROE 24% at ≤1.3× sector-normal P/E — 'avoid' prose won't write,model reads the price 29% above fair value,Rests on: sector-derived discount rate (MANUFACTURING); statement-derived growth/margins; terminal reinvestment at mature returns.,"Call flips if the model MoS crosses the band edges (±10–15pp), if quality legs deteriorate, or on a data-confidence downgrade.",,Engine-should-have-abstained,engine-rich: exit-multiple/sector-P-E leg inflation (VAL-01 family)
VAIBHAVGBL,REDUCE,-0.30839304559645203,medium,58.5,Justified,,returns on equity of 16% evidence a real franchise; trades 17x vs sector-normal 38x,model reads the price 31% above fair value,Rests on: sector-derived discount rate (CONSUMER_DISC); statement-derived growth/margins; terminal reinvestment at mature returns.,"Call flips if the model MoS crosses the band edges (±10–15pp), if quality legs deteriorate, or on a data-confidence downgrade.",,Engine-should-have-abstained,engine-bearish: compounder growth/CAP caps (VAL-02)
CARYSIL,REDUCE,-0.31157715990718804,medium,56.6,Justified,,returns on equity of 16% evidence a real franchise,model reads the price 31% above fair value,Rests on: sector-derived discount rate (MANUFACTURING); statement-derived growth/margins; terminal reinvestment at mature returns.,"Call flips if the model MoS crosses the band edges (±10–15pp), if quality legs deteriorate, or on a data-confidence downgrade.",,Engine-should-have-abstained,threshold/judgment difference (<0.30 gap)
AVL,REDUCE,-0.3118924927859808,medium,59.6,Justified,,returns on equity of 17% evidence a real franchise,model reads the price 31% above fair value; 69x earnings vs sector-normal 38x,Rests on: sector-derived discount rate (CONSUMER_DISC); statement-derived growth/margins; terminal reinvestment at mature returns.,"Call flips if the model MoS crosses the band edges (±10–15pp), if quality legs deteriorate, or on a data-confidence downgrade.",,Engine-should-have-abstained,engine-rich: exit-multiple/sector-P-E leg inflation (VAL-01 family)
PERSISTENT,REDUCE,-0.312120830070549,high,45.1,Justified,,returns on equity of 24% evidence a real franchise,model reads the price 31% above fair value; 44x earnings vs sector-normal 25x,Rests on: sector-derived discount rate (IT_SERVICES); statement-derived growth/margins; terminal reinvestment at mature returns.,"Call flips if the model MoS crosses the band edges (±10–15pp), if quality legs deteriorate, or on a data-confidence downgrade.",,Engine-should-have-abstained,threshold/judgment difference (<0.30 gap)
METROBRAND,REDUCE,-0.32170037105935484,medium,51.7,Justified,,returns on equity of 21% evidence a real franchise; street consensus +20%,model reads the price 32% above fair value; 72x earnings vs sector-normal 38x,Rests on: sector-derived discount rate (CONSUMER_DISC); statement-derived growth/margins; terminal reinvestment at mature returns.,"Call flips if the model MoS crosses the band edges (±10–15pp), if quality legs deteriorate, or on a data-confidence downgrade.",,Engine-should-have-abstained,engine-rich: thin-margin name on rich sector multiples (VAL-01/AWL-class)
VOLTAMP,REDUCE,-0.32362568971350725,medium,48.4,Justified,,returns on equity of 17% evidence a real franchise; street consensus +8%,model reads the price 32% above fair value,Rests on: sector-derived discount rate (MANUFACTURING); statement-derived growth/margins; terminal reinvestment at mature returns.,"Call flips if the model MoS crosses the band edges (±10–15pp), if quality legs deteriorate, or on a data-confidence downgrade.",,Agree,
AJANTPHARM,REDUCE,-0.32400143873828363,high,59.9,Justified,,returns on equity of 23% evidence a real franchise,model reads the price 32% above fair value; 41x earnings vs sector-normal 30x,Rests on: sector-derived discount rate (PHARMA); statement-derived growth/margins; terminal reinvestment at mature returns.,"Call flips if the model MoS crosses the band edges (±10–15pp), if quality legs deteriorate, or on a data-confidence downgrade.",,Engine-should-have-abstained,threshold/judgment difference (<0.30 gap)
RAINBOW,REDUCE,-0.3273676519129057,high,56.1,Justified,,returns on equity of 17% evidence a real franchise; street consensus +9%,model reads the price 33% above fair value; 54x earnings vs sector-normal 30x,Rests on: sector-derived discount rate (PHARMA); statement-derived growth/margins; terminal reinvestment at mature returns.,"Call flips if the model MoS crosses the band edges (±10–15pp), if quality legs deteriorate, or on a data-confidence downgrade.",,Engine-should-have-abstained,engine-rich: exit-multiple/sector-P-E leg inflation (VAL-01 family)
CARERATING,REDUCE,-0.32986232102878954,medium,60.3,Weakly-justified,elite ROE 19% at ≤1.3× sector-normal P/E — 'avoid' prose won't write,returns on equity of 19% evidence a real franchise; TENSION: elite ROE 19% at ≤1.3× sector-normal P/E — 'avoid' prose won't write,model reads the price 33% above fair value,Rests on: sector-derived discount rate (MANUFACTURING); statement-derived growth/margins; terminal reinvestment at mature returns.,"Call flips if the model MoS crosses the band edges (±10–15pp), if quality legs deteriorate, or on a data-confidence downgrade.",,Agree,
ESABINDIA,REDUCE,-0.3363349488479189,medium,67.4,Justified,,returns on equity of 48% evidence a real franchise; Alpha Score 67 (multi-factor support),model reads the price 34% above fair value; 42x earnings vs sector-normal 32x,Rests on: sector-derived discount rate (CAPITAL_GOODS); statement-derived growth/margins; terminal reinvestment at mature returns.,"Call flips if the model MoS crosses the band edges (±10–15pp), if quality legs deteriorate, or on a data-confidence downgrade.",,Method-limited-unchecked,
HYUNDAI,REDUCE,-0.3383222456312552,high,61.9,Unjustifiable,street sees +31% upside vs the avoid | elite ROE 27% at ≤1.3× sector-normal P/E — 'avoid' prose won't write,returns on equity of 27% evidence a real franchise; street consensus +31%; TENSION: street sees +31% upside vs the avoid; TENSION: elite ROE 27% at ≤1.3× sector-normal P/E — 'avoid' prose won't write,model reads the price 34% above fair value,Rests on: sector-derived discount rate (AUTO); statement-derived growth/margins; terminal reinvestment at mature returns.,"Call flips if the model MoS crosses the band edges (±10–15pp), if quality legs deteriorate, or on a data-confidence downgrade.",,Engine-should-have-abstained,threshold/judgment difference (<0.30 gap)
CHOLAFIN,REDUCE,-0.3435577182773149,high,57.8,Justified,,returns on equity of 17% evidence a real franchise,model reads the price 34% above fair value; 29x earnings vs sector-normal 18x,Rests on: sector-derived discount rate (NBFC); statement-derived growth/margins; terminal book-multiple economics.,"Call flips if the model MoS crosses the band edges (±10–15pp), if quality legs deteriorate, or on a data-confidence downgrade.",,Agree,
EMCURE,REDUCE,-0.34679098410961756,high,62.3,Weakly-justified,elite ROE 19% at ≤1.3× sector-normal P/E — 'avoid' prose won't write,returns on equity of 19% evidence a real franchise; TENSION: elite ROE 19% at ≤1.3× sector-normal P/E — 'avoid' prose won't write,model reads the price 35% above fair value; street -7%,Rests on: sector-derived discount rate (PHARMA); statement-derived growth/margins; terminal reinvestment at mature returns.,"Call flips if the model MoS crosses the band edges (±10–15pp), if quality legs deteriorate, or on a data-confidence downgrade.",,Engine-should-have-abstained,threshold/judgment difference (<0.30 gap)
SUPRIYA,REDUCE,-0.34687599589732127,medium,52.5,Justified,,returns on equity of 17% evidence a real franchise,model reads the price 35% above fair value,Rests on: sector-derived discount rate (IT_SERVICES); statement-derived growth/margins; terminal reinvestment at mature returns.,"Call flips if the model MoS crosses the band edges (±10–15pp), if quality legs deteriorate, or on a data-confidence downgrade.",,Engine-should-have-abstained,threshold/judgment difference (<0.30 gap)
ENGINERSIN,REDUCE,-0.35501521616988707,high,64.3,Weakly-justified,elite ROE 20% at ≤1.3× sector-normal P/E — 'avoid' prose won't write,returns on equity of 20% evidence a real franchise; street consensus +22%; TENSION: elite ROE 20% at ≤1.3× sector-normal P/E — 'avoid' prose won't write,model reads the price 36% above fair value,Rests on: sector-derived discount rate (CONSTRUCTION); statement-derived growth/margins; terminal reinvestment at mature returns.,"Call flips if the model MoS crosses the band edges (±10–15pp), if quality legs deteriorate, or on a data-confidence downgrade.",,Agree,
ASKAUTOLTD,REDUCE,-0.3567155373109824,medium,54.8,Justified,,returns on equity of 23% evidence a real franchise; street consensus +23%,model reads the price 36% above fair value; 32x earnings vs sector-normal 24x,Rests on: sector-derived discount rate (AUTO); statement-derived growth/margins; terminal reinvestment at mature returns.,"Call flips if the model MoS crosses the band edges (±10–15pp), if quality legs deteriorate, or on a data-confidence downgrade.",,Engine-should-have-abstained,threshold/judgment difference (<0.30 gap)
HAVELLS,REDUCE,-0.36070730512972876,high,58.8,Weakly-justified,street sees +26% upside vs the avoid,returns on equity of 18% evidence a real franchise; street consensus +26%; TENSION: street sees +26% upside vs the avoid,model reads the price 36% above fair value,Rests on: sector-derived discount rate (CONSUMER_DISC); statement-derived growth/margins; terminal reinvestment at mature returns.,"Call flips if the model MoS crosses the band edges (±10–15pp), if quality legs deteriorate, or on a data-confidence downgrade.",,Engine-should-have-abstained,threshold/judgment difference (<0.30 gap)
NLCINDIA,REDUCE,-0.3710168285256712,high,76.2,Unjustifiable,street sees +31% upside vs the avoid | own Alpha Score 76 (strong) contradicts the avoid,returns on equity of 18% evidence a real franchise; trades 12x vs sector-normal 15x; Alpha Score 76 (multi-factor support); street consensus +31%; TENSION: street sees +31% upside vs the avoid; TENSION: own Alpha Score 76 (strong) contradicts the avoid,model reads the price 37% above fair value,Rests on: sector-derived discount rate (UTILITIES); statement-derived growth/margins; terminal reinvestment at mature returns.,"Call flips if the model MoS crosses the band edges (±10–15pp), if quality legs deteriorate, or on a data-confidence downgrade.",,Adjacent,
TVSMOTOR,REDUCE,-0.37464090114194487,high,64.2,Justified,,returns on equity of 33% evidence a real franchise; street consensus +11%,model reads the price 37% above fair value; 56x earnings vs sector-normal 24x,Rests on: sector-derived discount rate (AUTO); statement-derived growth/margins; terminal reinvestment at mature returns.,"Call flips if the model MoS crosses the band edges (±10–15pp), if quality legs deteriorate, or on a data-confidence downgrade.",,Engine-should-have-abstained,engine-rich: exit-multiple/sector-P-E leg inflation (VAL-01 family)
ELGIEQUIP,REDUCE,-0.3761527807286723,high,58.1,Justified,,returns on equity of 19% evidence a real franchise; street consensus +16%,model reads the price 38% above fair value; 43x earnings vs sector-normal 32x,Rests on: sector-derived discount rate (CAPITAL_GOODS); statement-derived growth/margins; terminal reinvestment at mature returns.,"Call flips if the model MoS crosses the band edges (±10–15pp), if quality legs deteriorate, or on a data-confidence downgrade.",,Engine-should-have-abstained,threshold/judgment difference (<0.30 gap)
APARINDS,REDUCE,-0.37679126269729574,high,52.8,Justified,,returns on equity of 18% evidence a real franchise,model reads the price 38% above fair value; 57x earnings vs sector-normal 32x,Rests on: sector-derived discount rate (CAPITAL_GOODS); statement-derived growth/margins; terminal reinvestment at mature returns.,"Call flips if the model MoS crosses the band edges (±10–15pp), if quality legs deteriorate, or on a data-confidence downgrade.",,Engine-should-have-abstained,threshold/judgment difference (<0.30 gap)
MSUMI,REDUCE,-0.38412139423620373,high,62.4,Weakly-justified,street sees +30% upside vs the avoid,returns on equity of 29% evidence a real franchise; street consensus +30%; TENSION: street sees +30% upside vs the avoid,model reads the price 38% above fair value; 43x earnings vs sector-normal 24x,Rests on: sector-derived discount rate (AUTO); statement-derived growth/margins; terminal reinvestment at mature returns.,"Call flips if the model MoS crosses the band edges (±10–15pp), if quality legs deteriorate, or on a data-confidence downgrade.",,Engine-should-have-abstained,threshold/judgment difference (<0.30 gap)
RPGLIFE,REDUCE,-0.3863443427045426,medium,51.2,Justified,,returns on equity of 19% evidence a real franchise,model reads the price 39% above fair value; 41x earnings vs sector-normal 25x,Rests on: sector-derived discount rate (IT_SERVICES); statement-derived growth/margins; terminal reinvestment at mature returns.,"Call flips if the model MoS crosses the band edges (±10–15pp), if quality legs deteriorate, or on a data-confidence downgrade.",,Engine-should-have-abstained,threshold/judgment difference (<0.30 gap)
CASTROLIND,REDUCE,-0.3886226781618294,high,65.6,Justified,,returns on equity of 50% evidence a real franchise; Alpha Score 66 (multi-factor support); street consensus +19%,model reads the price 39% above fair value; 19x earnings vs sector-normal 12x,Rests on: sector-derived discount rate (ENERGY); statement-derived growth/margins; terminal reinvestment at mature returns.,"Call flips if the model MoS crosses the band edges (±10–15pp), if quality legs deteriorate, or on a data-confidence downgrade.",,Agree,
TARIL,REDUCE,-0.39665447527591535,high,41.3,Justified,,returns on equity of 18% evidence a real franchise; street consensus +14%,model reads the price 40% above fair value,Rests on: sector-derived discount rate (CAPITAL_GOODS); statement-derived growth/margins; terminal reinvestment at mature returns.,"Call flips if the model MoS crosses the band edges (±10–15pp), if quality legs deteriorate, or on a data-confidence downgrade.",,Engine-should-have-abstained,threshold/judgment difference (<0.30 gap)
ABBOTINDIA,REDUCE,-0.4028671025110252,high,56.0,Weakly-justified,elite ROE 33% at ≤1.3× sector-normal P/E — 'avoid' prose won't write,returns on equity of 33% evidence a real franchise; street consensus +22%; TENSION: elite ROE 33% at ≤1.3× sector-normal P/E — 'avoid' prose won't write,model reads the price 40% above fair value,Rests on: sector-derived discount rate (PHARMA); statement-derived growth/margins; terminal reinvestment at mature returns.,"Call flips if the model MoS crosses the band edges (±10–15pp), if quality legs deteriorate, or on a data-confidence downgrade.",,Dir-agree-magnitude-off,threshold/judgment difference (<0.30 gap)
BAJFINANCE,REDUCE,-0.40438347124579666,high,53.2,Justified,,returns on equity of 17% evidence a real franchise,model reads the price 40% above fair value; 35x earnings vs sector-normal 18x,Rests on: sector-derived discount rate (NBFC); statement-derived growth/margins; terminal book-multiple economics.,"Call flips if the model MoS crosses the band edges (±10–15pp), if quality legs deteriorate, or on a data-confidence downgrade.",,Agree,
CARRARO,REDUCE,-0.4068569546882845,medium,58.3,Weakly-justified,elite ROE 23% at ≤1.3× sector-normal P/E — 'avoid' prose won't write,returns on equity of 23% evidence a real franchise; TENSION: elite ROE 23% at ≤1.3× sector-normal P/E — 'avoid' prose won't write,model reads the price 41% above fair value,Rests on: sector-derived discount rate (AUTO); statement-derived growth/margins; terminal reinvestment at mature returns.,"Call flips if the model MoS crosses the band edges (±10–15pp), if quality legs deteriorate, or on a data-confidence downgrade.",,Agree,
HBLENGINE,REDUCE,-0.41238624466309487,high,63.5,Weakly-justified,elite ROE 36% at ≤1.3× sector-normal P/E — 'avoid' prose won't write,returns on equity of 36% evidence a real franchise; trades 25x vs sector-normal 32x; TENSION: elite ROE 36% at ≤1.3× sector-normal P/E — 'avoid' prose won't write,model reads the price 41% above fair value,Rests on: sector-derived discount rate (CAPITAL_GOODS); statement-derived growth/margins; terminal reinvestment at mature returns.,"Call flips if the model MoS crosses the band edges (±10–15pp), if quality legs deteriorate, or on a data-confidence downgrade.",,Dir-agree-magnitude-off,threshold/judgment difference (<0.30 gap)
BERGEPAINT,REDUCE,-0.41650097350843135,high,54.8,Justified,,returns on equity of 16% evidence a real franchise; street consensus +9%,model reads the price 42% above fair value; 51x earnings vs sector-normal 38x,Rests on: sector-derived discount rate (CONSUMER_DISC); statement-derived growth/margins; terminal reinvestment at mature returns.,"Call flips if the model MoS crosses the band edges (±10–15pp), if quality legs deteriorate, or on a data-confidence downgrade.",,Engine-should-have-abstained,threshold/judgment difference (<0.30 gap)
JAYNECOIND,REDUCE,-0.4234828023902705,medium,61.0,Justified,,returns on equity of 16% evidence a real franchise,model reads the price 42% above fair value; 19x earnings vs sector-normal 11x,Rests on: sector-derived discount rate (METAL); statement-derived growth/margins; terminal reinvestment at mature returns.,"Call flips if the model MoS crosses the band edges (±10–15pp), if quality legs deteriorate, or on a data-confidence downgrade.",,Agree,
DOMS,REDUCE,-0.424174905026439,high,64.1,Weakly-justified,street sees +29% upside vs the avoid,returns on equity of 20% evidence a real franchise; street consensus +29%; TENSION: street sees +29% upside vs the avoid,model reads the price 42% above fair value; 60x earnings vs sector-normal 42x,Rests on: sector-derived discount rate (CONSUMER); statement-derived growth/margins; terminal reinvestment at mature returns.,"Call flips if the model MoS crosses the band edges (±10–15pp), if quality legs deteriorate, or on a data-confidence downgrade.",,Engine-should-have-abstained,threshold/judgment difference (<0.30 gap)
MAZDOCK,REDUCE,-0.425532938484721,high,54.8,Weakly-justified,elite ROE 25% at ≤1.3× sector-normal P/E — 'avoid' prose won't write,returns on equity of 25% evidence a real franchise; street consensus +19%; TENSION: elite ROE 25% at ≤1.3× sector-normal P/E — 'avoid' prose won't write,model reads the price 43% above fair value,Rests on: sector-derived discount rate (CAPITAL_GOODS); statement-derived growth/margins; terminal reinvestment at mature returns.,"Call flips if the model MoS crosses the band edges (±10–15pp), if quality legs deteriorate, or on a data-confidence downgrade.",,Method-limited-unchecked,
GODREJIND,REDUCE,-0.42836527422392456,medium,50.4,Weakly-justified,elite ROE 22% at ≤1.3× sector-normal P/E — 'avoid' prose won't write,returns on equity of 22% evidence a real franchise; TENSION: elite ROE 22% at ≤1.3× sector-normal P/E — 'avoid' prose won't write,model reads the price 43% above fair value,Rests on: sector-derived discount rate (MANUFACTURING); statement-derived growth/margins; terminal reinvestment at mature returns.,"Call flips if the model MoS crosses the band edges (±10–15pp), if quality legs deteriorate, or on a data-confidence downgrade.",,Engine-should-have-abstained,threshold/judgment difference (<0.30 gap)
JSL,REDUCE,-0.4295363007129837,high,57.3,Justified,,returns on equity of 16% evidence a real franchise; street consensus +18%,model reads the price 43% above fair value; 19x earnings vs sector-normal 11x,Rests on: sector-derived discount rate (METAL); statement-derived growth/margins; terminal reinvestment at mature returns.,"Call flips if the model MoS crosses the band edges (±10–15pp), if quality legs deteriorate, or on a data-confidence downgrade.",,Dir-agree-magnitude-off,threshold/judgment difference (<0.30 gap)
CAMPUS,REDUCE,-0.4299339504743759,medium,53.6,Justified,,returns on equity of 17% evidence a real franchise; street consensus +19%,model reads the price 43% above fair value; 52x earnings vs sector-normal 38x,Rests on: sector-derived discount rate (CONSUMER_DISC); statement-derived growth/margins; terminal reinvestment at mature returns.,"Call flips if the model MoS crosses the band edges (±10–15pp), if quality legs deteriorate, or on a data-confidence downgrade.",,Engine-should-have-abstained,engine-rich: exit-multiple/sector-P-E leg inflation (VAL-01 family)
BEL,REDUCE,-0.4302696541707976,high,65.0,Justified,,returns on equity of 25% evidence a real franchise; Alpha Score 65 (multi-factor support); street consensus +19%,model reads the price 43% above fair value; 49x earnings vs sector-normal 32x,Rests on: sector-derived discount rate (CAPITAL_GOODS); statement-derived growth/margins; terminal reinvestment at mature returns.,"Call flips if the model MoS crosses the band edges (±10–15pp), if quality legs deteriorate, or on a data-confidence downgrade.",,Method-limited-unchecked,
SIEMENS,REDUCE,-0.4334184667707863,high,56.2,Justified,,returns on equity of 16% evidence a real franchise,model reads the price 43% above fair value; 57x earnings vs sector-normal 32x,Rests on: sector-derived discount rate (CAPITAL_GOODS); statement-derived growth/margins; terminal reinvestment at mature returns.,"Call flips if the model MoS crosses the band edges (±10–15pp), if quality legs deteriorate, or on a data-confidence downgrade.",,Engine-should-have-abstained,engine-rich: thin-margin name on rich sector multiples (VAL-01/AWL-class)
HAL,REDUCE,-0.43364953274777457,high,63.2,Weakly-justified,elite ROE 22% at ≤1.3× sector-normal P/E — 'avoid' prose won't write,returns on equity of 22% evidence a real franchise; street consensus +18%; TENSION: elite ROE 22% at ≤1.3× sector-normal P/E — 'avoid' prose won't write,model reads the price 43% above fair value,Rests on: sector-derived discount rate (CAPITAL_GOODS); statement-derived growth/margins; terminal reinvestment at mature returns.,"Call flips if the model MoS crosses the band edges (±10–15pp), if quality legs deteriorate, or on a data-confidence downgrade.",,Method-limited-unchecked,
UNITDSPR,REDUCE,-0.4397390421116233,high,60.5,Justified,,returns on equity of 19% evidence a real franchise; street consensus +10%,model reads the price 44% above fair value; 57x earnings vs sector-normal 42x,Rests on: sector-derived discount rate (CONSUMER); statement-derived growth/margins; terminal reinvestment at mature returns.,"Call flips if the model MoS crosses the band edges (±10–15pp), if quality legs deteriorate, or on a data-confidence downgrade.",,Engine-should-have-abstained,threshold/judgment difference (<0.30 gap)
JSWSTEEL,REDUCE,-0.44378710616297884,high,67.6,Weakly-justified,elite ROE 25% at ≤1.3× sector-normal P/E — 'avoid' prose won't write,returns on equity of 25% evidence a real franchise; Alpha Score 68 (multi-factor support); street consensus +10%; TENSION: elite ROE 25% at ≤1.3× sector-normal P/E — 'avoid' prose won't write,model reads the price 44% above fair value,Rests on: sector-derived discount rate (METAL); statement-derived growth/margins; terminal reinvestment at mature returns.,"Call flips if the model MoS crosses the band edges (±10–15pp), if quality legs deteriorate, or on a data-confidence downgrade.",,Dir-agree-magnitude-off,engine-rich: thin-margin name on rich sector multiples (VAL-01/AWL-class)
STYLAMIND,REDUCE,-0.44577870985916535,medium,61.6,Justified,,returns on equity of 19% evidence a real franchise,model reads the price 45% above fair value; 37x earnings vs sector-normal 28x; street -9%,Rests on: sector-derived discount rate (MANUFACTURING); statement-derived growth/margins; terminal reinvestment at mature returns.,"Call flips if the model MoS crosses the band edges (±10–15pp), if quality legs deteriorate, or on a data-confidence downgrade.",,Agree,
RRKABEL,REDUCE,-0.4468634174858738,high,53.1,Justified,,returns on equity of 19% evidence a real franchise,model reads the price 45% above fair value; 53x earnings vs sector-normal 32x; street -27%,Rests on: sector-derived discount rate (CAPITAL_GOODS); statement-derived growth/margins; terminal reinvestment at mature returns.,"Call flips if the model MoS crosses the band edges (±10–15pp), if quality legs deteriorate, or on a data-confidence downgrade.",,Engine-should-have-abstained,threshold/judgment difference (<0.30 gap)
SJVN,AVOID,-0.25038845022423667,high,41.6,Justified,,street consensus +23%,model reads the price 25% above fair value; 39x earnings vs sector-normal 15x; thin 5% returns on equity,Rests on: sector-derived discount rate (UTILITIES); statement-derived growth/margins; terminal reinvestment at mature returns.,"Call flips if the model MoS crosses the band edges (±10–15pp), if quality legs deteriorate, or on a data-confidence downgrade.",,Dir-agree-magnitude-off,engine-rich: exit-multiple/sector-P-E leg inflation (VAL-01 family)
MARUTI,AVOID,-0.2518465278836944,high,64.4,Justified,,street consensus +16%,model reads the price 25% above fair value,Rests on: sector-derived discount rate (AUTO); statement-derived growth/margins; terminal reinvestment at mature returns.,"Call flips if the model MoS crosses the band edges (±10–15pp), if quality legs deteriorate, or on a data-confidence downgrade.",,Dir-agree-magnitude-off,engine-rich: thin-margin name on rich sector multiples (VAL-01/AWL-class)
INTERARCH,AVOID,-0.2541256978874711,medium,51.4,Weakly-justified,street sees +88% upside vs the avoid,returns on equity of 15% evidence a real franchise; street consensus +88%; TENSION: street sees +88% upside vs the avoid,model reads the price 25% above fair value; 23x earnings vs sector-normal 15x,Rests on: sector-derived discount rate (CONSTRUCTION); statement-derived growth/margins; terminal reinvestment at mature returns.,"Call flips if the model MoS crosses the band edges (±10–15pp), if quality legs deteriorate, or on a data-confidence downgrade.",,Dir-agree-magnitude-off,threshold/judgment difference (<0.30 gap)
GRANULES,AVOID,-0.2542788365537986,high,61.4,Justified,,—,model reads the price 25% above fair value; street -13%,Rests on: sector-derived discount rate (PHARMA); statement-derived growth/margins; terminal reinvestment at mature returns.,"Call flips if the model MoS crosses the band edges (±10–15pp), if quality legs deteriorate, or on a data-confidence downgrade.",,Dir-agree-magnitude-off,threshold/judgment difference (<0.30 gap)
INNOVACAP,AVOID,-0.26258177238029995,medium,53.2,Justified,,—,model reads the price 26% above fair value; 39x earnings vs sector-normal 25x; street -16%,Rests on: sector-derived discount rate (IT_SERVICES); statement-derived growth/margins; terminal reinvestment at mature returns.,"Call flips if the model MoS crosses the band edges (±10–15pp), if quality legs deteriorate, or on a data-confidence downgrade.",,Dir-agree-magnitude-off,engine-rich: exit-multiple/sector-P-E leg inflation (VAL-01 family)
OIL,AVOID,-0.2630223478491022,high,57.3,Justified,,street consensus +24%,model reads the price 26% above fair value,Rests on: sector-derived discount rate (ENERGY); statement-derived growth/margins; terminal reinvestment at mature returns.,"Call flips if the model MoS crosses the band edges (±10–15pp), if quality legs deteriorate, or on a data-confidence downgrade.",,Adjacent,
PARKHOSPS,AVOID,-0.2642333467159327,medium,51.2,Justified,,—,model reads the price 26% above fair value; 40x earnings vs sector-normal 30x,Rests on: sector-derived discount rate (PHARMA); statement-derived growth/margins; terminal reinvestment at mature returns.,"Call flips if the model MoS crosses the band edges (±10–15pp), if quality legs deteriorate, or on a data-confidence downgrade.",,Dir-agree-magnitude-off,threshold/judgment difference (<0.30 gap)
GAIL,AVOID,-0.2649604887965088,high,53.4,Justified,,street consensus +8%,model reads the price 26% above fair value; thin 9% returns on equity,Rests on: sector-derived discount rate (ENERGY); statement-derived growth/margins; terminal reinvestment at mature returns.,"Call flips if the model MoS crosses the band edges (±10–15pp), if quality legs deteriorate, or on a data-confidence downgrade.",,Adjacent,
VISHNU,AVOID,-0.2741997896119559,medium,55.3,Justified,,street consensus +7%,model reads the price 27% above fair value,Rests on: sector-derived discount rate (CHEMICALS); statement-derived growth/margins; terminal reinvestment at mature returns.,"Call flips if the model MoS crosses the band edges (±10–15pp), if quality legs deteriorate, or on a data-confidence downgrade.",,Dir-agree-magnitude-off,engine-rich: exit-multiple/sector-P-E leg inflation (VAL-01 family)
ORIENTELEC,AVOID,-0.2829345401519268,medium,51.1,Weakly-justified,street sees +39% upside vs the avoid,street consensus +39%; TENSION: street sees +39% upside vs the avoid,model reads the price 28% above fair value,Rests on: sector-derived discount rate (CONSUMER_DISC); statement-derived growth/margins; terminal reinvestment at mature returns.,"Call flips if the model MoS crosses the band edges (±10–15pp), if quality legs deteriorate, or on a data-confidence downgrade.",,Dir-agree-magnitude-off,engine-rich: thin-margin name on rich sector multiples (VAL-01/AWL-class)
INTELLECT,AVOID,-0.2854940518594104,high,41.5,Weakly-justified,street sees +41% upside vs the avoid,street consensus +41%; TENSION: street sees +41% upside vs the avoid,model reads the price 29% above fair value,Rests on: sector-derived discount rate (IT_SERVICES); statement-derived growth/margins; terminal reinvestment at mature returns.,"Call flips if the model MoS crosses the band edges (±10–15pp), if quality legs deteriorate, or on a data-confidence downgrade.",,Dir-agree-magnitude-off,engine-rich: exit-multiple/sector-P-E leg inflation (VAL-01 family)
VSTTILLERS,AVOID,-0.28700574624505126,medium,51.5,Justified,,—,model reads the price 29% above fair value; thin 10% returns on equity,Rests on: sector-derived discount rate (CAPITAL_GOODS); statement-derived growth/margins; terminal reinvestment at mature returns.,"Call flips if the model MoS crosses the band edges (±10–15pp), if quality legs deteriorate, or on a data-confidence downgrade.",,Dir-agree-magnitude-off,engine-rich: exit-multiple/sector-P-E leg inflation (VAL-01 family)
WONDERLA,AVOID,-0.2887833531702106,medium,49.1,Weakly-justified,street sees +45% upside vs the avoid,street consensus +45%; TENSION: street sees +45% upside vs the avoid,model reads the price 29% above fair value; thin 5% returns on equity,Rests on: sector-derived discount rate (MANUFACTURING); statement-derived growth/margins; terminal reinvestment at mature returns.,"Call flips if the model MoS crosses the band edges (±10–15pp), if quality legs deteriorate, or on a data-confidence downgrade.",,Dir-agree-magnitude-off,engine-rich: exit-multiple/sector-P-E leg inflation (VAL-01 family)
IRCON,AVOID,-0.2915129100521707,high,38.8,Justified,,street consensus +7%,model reads the price 29% above fair value; 20x earnings vs sector-normal 15x; thin 9% returns on equity,Rests on: sector-derived discount rate (CONSTRUCTION); statement-derived growth/margins; terminal reinvestment at mature returns.,"Call flips if the model MoS crosses the band edges (±10–15pp), if quality legs deteriorate, or on a data-confidence downgrade.",,Dir-agree-magnitude-off,engine-rich: exit-multiple/sector-P-E leg inflation (VAL-01 family)
VESUVIUS,AVOID,-0.2933019006779768,medium,53.9,Justified,,returns on equity of 16% evidence a real franchise,model reads the price 29% above fair value,Rests on: sector-derived discount rate (MANUFACTURING); statement-derived growth/margins; terminal reinvestment at mature returns.,"Call flips if the model MoS crosses the band edges (±10–15pp), if quality legs deteriorate, or on a data-confidence downgrade.",,Engine-should-have-abstained,threshold/judgment difference (<0.30 gap)
KIRLOSIND,AVOID,-0.2962671256640487,medium,36.0,Justified,,—,model reads the price 30% above fair value; thin 6% returns on equity,Rests on: sector-derived discount rate (REALTY); statement-derived growth/margins; terminal reinvestment at mature returns.,"Call flips if the model MoS crosses the band edges (±10–15pp), if quality legs deteriorate, or on a data-confidence downgrade.",,Dir-agree-magnitude-off,engine-rich: exit-multiple/sector-P-E leg inflation (VAL-01 family)
INDIASHLTR,AVOID,-0.2963310096596185,medium,58.0,Weakly-justified,street sees +32% upside vs the avoid,returns on equity of 16% evidence a real franchise; street consensus +32%; TENSION: street sees +32% upside vs the avoid,model reads the price 30% above fair value,Rests on: sector-derived discount rate (NBFC); statement-derived growth/margins; terminal book-multiple economics.,"Call flips if the model MoS crosses the band edges (±10–15pp), if quality legs deteriorate, or on a data-confidence downgrade.",,Agree,
JKCEMENT,AVOID,-0.29731023916299765,high,49.0,Justified,,street consensus +14%,model reads the price 30% above fair value; 42x earnings vs sector-normal 24x,Rests on: sector-derived discount rate (CEMENT); statement-derived growth/margins; terminal reinvestment at mature returns.,"Call flips if the model MoS crosses the band edges (±10–15pp), if quality legs deteriorate, or on a data-confidence downgrade.",,Dir-agree-magnitude-off,engine-rich: exit-multiple/sector-P-E leg inflation (VAL-01 family)
RAMKY,AVOID,-0.299638151291166,medium,48.6,Justified,,trades 10x vs sector-normal 15x,model reads the price 30% above fair value,Rests on: sector-derived discount rate (CONSTRUCTION); statement-derived growth/margins; terminal reinvestment at mature returns.,"Call flips if the model MoS crosses the band edges (±10–15pp), if quality legs deteriorate, or on a data-confidence downgrade.",,Adjacent,
ABCAPITAL,AVOID,-0.2997456971215863,medium,58.7,Justified,,—,model reads the price 30% above fair value; 28x earnings vs sector-normal 18x,Rests on: sector-derived discount rate (NBFC); statement-derived growth/margins; terminal book-multiple economics.,"Call flips if the model MoS crosses the band edges (±10–15pp), if quality legs deteriorate, or on a data-confidence downgrade.",,Dir-agree-magnitude-off,engine-rich: thin-margin name on rich sector multiples (VAL-01/AWL-class)
SUNPHARMA,AVOID,-0.2997781696844635,high,59.0,Justified,,street consensus +7%,model reads the price 30% above fair value; 42x earnings vs sector-normal 30x,Rests on: sector-derived discount rate (PHARMA); statement-derived growth/margins; terminal reinvestment at mature returns.,"Call flips if the model MoS crosses the band edges (±10–15pp), if quality legs deteriorate, or on a data-confidence downgrade.",,Engine-should-have-abstained,threshold/judgment difference (<0.30 gap)
INDIAGLYCO,AVOID,-0.3029285317583347,medium,46.0,Justified,,—,model reads the price 30% above fair value; thin 10% returns on equity,Rests on: sector-derived discount rate (CHEMICALS); statement-derived growth/margins; terminal reinvestment at mature returns.,"Call flips if the model MoS crosses the band edges (±10–15pp), if quality legs deteriorate, or on a data-confidence downgrade.",,Dir-agree-magnitude-off,threshold/judgment difference (<0.30 gap)
VMART,AVOID,-0.3048770403262092,medium,41.6,Justified,,street consensus +17%,model reads the price 30% above fair value,Rests on: sector-derived discount rate (CONSUMER_DISC); statement-derived growth/margins; terminal reinvestment at mature returns.,"Call flips if the model MoS crosses the band edges (±10–15pp), if quality legs deteriorate, or on a data-confidence downgrade.",,Engine-should-have-abstained,engine-rich: thin-margin name on rich sector multiples (VAL-01/AWL-class)
MANKIND,AVOID,-0.3062296888224502,high,51.5,Justified,,street consensus +6%,model reads the price 31% above fair value; 54x earnings vs sector-normal 30x,Rests on: sector-derived discount rate (PHARMA); statement-derived growth/margins; terminal reinvestment at mature returns.,"Call flips if the model MoS crosses the band edges (±10–15pp), if quality legs deteriorate, or on a data-confidence downgrade.",,Dir-agree-magnitude-off,engine-rich: exit-multiple/sector-P-E leg inflation (VAL-01 family)
ARTEMISMED,AVOID,-0.30691835192333045,medium,53.8,Justified,,street consensus +22%,model reads the price 31% above fair value; 41x earnings vs sector-normal 30x,Rests on: sector-derived discount rate (PHARMA); statement-derived growth/margins; terminal reinvestment at mature returns.,"Call flips if the model MoS crosses the band edges (±10–15pp), if quality legs deteriorate, or on a data-confidence downgrade.",,Dir-agree-magnitude-off,engine-rich: exit-multiple/sector-P-E leg inflation (VAL-01 family)
MOTHERSON,AVOID,-0.3144308868972856,high,57.0,Justified,,—,model reads the price 31% above fair value; 39x earnings vs sector-normal 24x; thin 10% returns on equity,Rests on: sector-derived discount rate (AUTO); statement-derived growth/margins; terminal reinvestment at mature returns.,"Call flips if the model MoS crosses the band edges (±10–15pp), if quality legs deteriorate, or on a data-confidence downgrade.",,Dir-agree-magnitude-off,engine-rich: thin-margin name on rich sector multiples (VAL-01/AWL-class)
SSWL,AVOID,-0.3174118863211098,medium,42.2,Justified,,street consensus +9%,model reads the price 32% above fair value; 22x earnings vs sector-normal 11x,Rests on: sector-derived discount rate (METAL); statement-derived growth/margins; terminal reinvestment at mature returns.,"Call flips if the model MoS crosses the band edges (±10–15pp), if quality legs deteriorate, or on a data-confidence downgrade.",,Dir-agree-magnitude-off,engine-rich: thin-margin name on rich sector multiples (VAL-01/AWL-class)
BLUEDART,AVOID,-0.3192705750790395,high,46.2,Justified,,street consensus +24%,model reads the price 32% above fair value; 47x earnings vs sector-normal 28x,Rests on: sector-derived discount rate (MANUFACTURING); statement-derived growth/margins; terminal reinvestment at mature returns.,"Call flips if the model MoS crosses the band edges (±10–15pp), if quality legs deteriorate, or on a data-confidence downgrade.",,Engine-should-have-abstained,threshold/judgment difference (<0.30 gap)
SURYAROSNI,AVOID,-0.31962506049986866,medium,35.2,Justified,,—,model reads the price 32% above fair value; 19x earnings vs sector-normal 11x; street -10%,Rests on: sector-derived discount rate (METAL); statement-derived growth/margins; terminal reinvestment at mature returns.,"Call flips if the model MoS crosses the band edges (±10–15pp), if quality legs deteriorate, or on a data-confidence downgrade.",,Dir-agree-magnitude-off,threshold/judgment difference (<0.30 gap)
MINDSPACE,AVOID,-0.3217505496424585,medium,50.0,Justified,,—,model reads the price 32% above fair value; 47x earnings vs sector-normal 28x; thin 5% returns on equity,Rests on: sector-derived discount rate (MANUFACTURING); statement-derived growth/margins; terminal reinvestment at mature returns.,"Call flips if the model MoS crosses the band edges (±10–15pp), if quality legs deteriorate, or on a data-confidence downgrade.",,Engine-should-have-abstained,uncomparable
INOXWIND,AVOID,-0.3268053068987176,high,40.3,Weakly-justified,street sees +49% upside vs the avoid,street consensus +49%; TENSION: street sees +49% upside vs the avoid,model reads the price 33% above fair value; thin 7% returns on equity,Rests on: sector-derived discount rate (CAPITAL_GOODS); statement-derived growth/margins; terminal reinvestment at mature returns.,"Call flips if the model MoS crosses the band edges (±10–15pp), if quality legs deteriorate, or on a data-confidence downgrade.",,Dir-agree-magnitude-off,engine-rich: exit-multiple/sector-P-E leg inflation (VAL-01 family)
LODHA,AVOID,-0.3270879359289877,high,45.9,Justified,,—,model reads the price 33% above fair value; 34x earnings vs sector-normal 20x,Rests on: sector-derived discount rate (REALTY); statement-derived growth/margins; terminal reinvestment at mature returns.,"Call flips if the model MoS crosses the band edges (±10–15pp), if quality legs deteriorate, or on a data-confidence downgrade.",,Dir-agree-magnitude-off,engine-rich: thin-margin name on rich sector multiples (VAL-01/AWL-class)
ETHOSLTD,AVOID,-0.3279865268562562,medium,37.1,Weakly-justified,street sees +33% upside vs the avoid,street consensus +33%; TENSION: street sees +33% upside vs the avoid,model reads the price 33% above fair value; 73x earnings vs sector-normal 38x; thin 6% returns on equity,Rests on: sector-derived discount rate (CONSUMER_DISC); statement-derived growth/margins; terminal reinvestment at mature returns.,"Call flips if the model MoS crosses the band edges (±10–15pp), if quality legs deteriorate, or on a data-confidence downgrade.",,Dir-agree-magnitude-off,engine-rich: thin-margin name on rich sector multiples (VAL-01/AWL-class)
PIIND,AVOID,-0.3309889131163607,high,43.7,Justified,,street consensus +25%,model reads the price 33% above fair value,Rests on: sector-derived discount rate (CHEMICALS); statement-derived growth/margins; terminal reinvestment at mature returns.,"Call flips if the model MoS crosses the band edges (±10–15pp), if quality legs deteriorate, or on a data-confidence downgrade.",,Dir-agree-magnitude-off,threshold/judgment difference (<0.30 gap)
GODREJCP,AVOID,-0.33234634577429206,high,54.1,Justified,,street consensus +20%,model reads the price 33% above fair value; 58x earnings vs sector-normal 42x,Rests on: sector-derived discount rate (CONSUMER); statement-derived growth/margins; terminal reinvestment at mature returns.,"Call flips if the model MoS crosses the band edges (±10–15pp), if quality legs deteriorate, or on a data-confidence downgrade.",,Dir-agree-magnitude-off,engine-rich: exit-multiple/sector-P-E leg inflation (VAL-01 family)
ATUL,AVOID,-0.3404388348788147,high,59.4,Weakly-justified,street sees +26% upside vs the avoid,street consensus +26%; TENSION: street sees +26% upside vs the avoid,model reads the price 34% above fair value,Rests on: sector-derived discount rate (CHEMICALS); statement-derived growth/margins; terminal reinvestment at mature returns.,"Call flips if the model MoS crosses the band edges (±10–15pp), if quality legs deteriorate, or on a data-confidence downgrade.",,Dir-agree-magnitude-off,threshold/judgment difference (<0.30 gap)
TORNTPOWER,AVOID,-0.3405900600195597,high,51.2,Justified,,—,model reads the price 34% above fair value; 29x earnings vs sector-normal 15x,Rests on: sector-derived discount rate (UTILITIES); statement-derived growth/margins; terminal reinvestment at mature returns.,"Call flips if the model MoS crosses the band edges (±10–15pp), if quality legs deteriorate, or on a data-confidence downgrade.",,Agree,
YATHARTH,AVOID,-0.34585240536490297,medium,49.4,Justified,,street consensus +8%,model reads the price 35% above fair value; 46x earnings vs sector-normal 30x; thin 10% returns on equity,Rests on: sector-derived discount rate (PHARMA); statement-derived growth/margins; terminal reinvestment at mature returns.,"Call flips if the model MoS crosses the band edges (±10–15pp), if quality legs deteriorate, or on a data-confidence downgrade.",,Dir-agree-magnitude-off,engine-rich: exit-multiple/sector-P-E leg inflation (VAL-01 family)
FEDERALBNK,AVOID,-0.34771530730729655,high,60.3,Justified,,—,model reads the price 35% above fair value; street -8%,Rests on: sector-derived discount rate (BANK); statement-derived growth/margins; terminal book-multiple economics.,"Call flips if the model MoS crosses the band edges (±10–15pp), if quality legs deteriorate, or on a data-confidence downgrade.",,Agree,
RALLIS,AVOID,-0.34865277712026993,medium,41.6,Justified,,street consensus +19%,model reads the price 35% above fair value; thin 9% returns on equity,Rests on: sector-derived discount rate (CHEMICALS); statement-derived growth/margins; terminal reinvestment at mature returns.,"Call flips if the model MoS crosses the band edges (±10–15pp), if quality legs deteriorate, or on a data-confidence downgrade.",,Dir-agree-magnitude-off,threshold/judgment difference (<0.30 gap)
JUBLPHARMA,AVOID,-0.35456417457511175,high,42.8,Justified,,street consensus +17%,model reads the price 35% above fair value; 40x earnings vs sector-normal 30x; thin 6% returns on equity,Rests on: sector-derived discount rate (PHARMA); statement-derived growth/margins; terminal reinvestment at mature returns.,"Call flips if the model MoS crosses the band edges (±10–15pp), if quality legs deteriorate, or on a data-confidence downgrade.",,Dir-agree-magnitude-off,engine-rich: exit-multiple/sector-P-E leg inflation (VAL-01 family)
OBEROIRLTY,AVOID,-0.3546512568067268,high,55.1,Justified,,—,model reads the price 35% above fair value; 27x earnings vs sector-normal 20x,Rests on: sector-derived discount rate (REALTY); statement-derived growth/margins; terminal reinvestment at mature returns.,"Call flips if the model MoS crosses the band edges (±10–15pp), if quality legs deteriorate, or on a data-confidence downgrade.",,Dir-agree-magnitude-off,threshold/judgment difference (<0.30 gap)
SUPRAJIT,AVOID,-0.35637527661312557,medium,56.6,Justified,,street consensus +15%,model reads the price 36% above fair value; 37x earnings vs sector-normal 24x,Rests on: sector-derived discount rate (AUTO); statement-derived growth/margins; terminal reinvestment at mature returns.,"Call flips if the model MoS crosses the band edges (±10–15pp), if quality legs deteriorate, or on a data-confidence downgrade.",,Dir-agree-magnitude-off,engine-rich: exit-multiple/sector-P-E leg inflation (VAL-01 family)
SYNGENE,AVOID,-0.35682901287351954,high,45.2,Weakly-justified,street sees +34% upside vs the avoid,street consensus +34%; TENSION: street sees +34% upside vs the avoid,model reads the price 36% above fair value; 53x earnings vs sector-normal 30x; thin 7% returns on equity,Rests on: sector-derived discount rate (PHARMA); statement-derived growth/margins; terminal reinvestment at mature returns.,"Call flips if the model MoS crosses the band edges (±10–15pp), if quality legs deteriorate, or on a data-confidence downgrade.",,Dir-agree-magnitude-off,engine-rich: exit-multiple/sector-P-E leg inflation (VAL-01 family)
KINGFA,AVOID,-0.3575073124751981,medium,57.8,Justified,,—,model reads the price 36% above fair value; 35x earnings vs sector-normal 26x,Rests on: sector-derived discount rate (CHEMICALS); statement-derived growth/margins; terminal reinvestment at mature returns.,"Call flips if the model MoS crosses the band edges (±10–15pp), if quality legs deteriorate, or on a data-confidence downgrade.",,Dir-agree-magnitude-off,engine-rich: exit-multiple/sector-P-E leg inflation (VAL-01 family)
KOTAKBANK,AVOID,-0.3583430013809041,high,61.1,Justified,,street consensus +20%,model reads the price 36% above fair value,Rests on: sector-derived discount rate (BANK); statement-derived growth/margins; terminal book-multiple economics.,"Call flips if the model MoS crosses the band edges (±10–15pp), if quality legs deteriorate, or on a data-confidence downgrade.",,Agree,
PNBHOUSING,AVOID,-0.3640332290493018,high,52.9,Justified,,trades 12x vs sector-normal 18x; street consensus +9%,model reads the price 36% above fair value,Rests on: sector-derived discount rate (NBFC); statement-derived growth/margins; terminal book-multiple economics.,"Call flips if the model MoS crosses the band edges (±10–15pp), if quality legs deteriorate, or on a data-confidence downgrade.",,Agree,
MARATHON,AVOID,-0.36409470451265546,medium,33.5,Justified,,—,model reads the price 36% above fair value; thin 8% returns on equity,Rests on: sector-derived discount rate (CONSTRUCTION); statement-derived growth/margins; terminal reinvestment at mature returns.,"Call flips if the model MoS crosses the band edges (±10–15pp), if quality legs deteriorate, or on a data-confidence downgrade.",,Agree,
CUB,AVOID,-0.3661293390036363,high,59.6,Justified,,street consensus +8%,model reads the price 37% above fair value,Rests on: sector-derived discount rate (BANK); statement-derived growth/margins; terminal book-multiple economics.,"Call flips if the model MoS crosses the band edges (±10–15pp), if quality legs deteriorate, or on a data-confidence downgrade.",,Agree,
SMSPHARMA,AVOID,-0.372078594601352,medium,53.0,Justified,,—,model reads the price 37% above fair value; 35x earnings vs sector-normal 25x,Rests on: sector-derived discount rate (IT_SERVICES); statement-derived growth/margins; terminal reinvestment at mature returns.,"Call flips if the model MoS crosses the band edges (±10–15pp), if quality legs deteriorate, or on a data-confidence downgrade.",,Dir-agree-magnitude-off,threshold/judgment difference (<0.30 gap)
CLEAN,AVOID,-0.3728881931989696,high,51.3,Weakly-justified,street sees +62% upside vs the avoid,street consensus +62%; TENSION: street sees +62% upside vs the avoid,model reads the price 37% above fair value; 34x earnings vs sector-normal 26x,Rests on: sector-derived discount rate (CHEMICALS); statement-derived growth/margins; terminal reinvestment at mature returns.,"Call flips if the model MoS crosses the band edges (±10–15pp), if quality legs deteriorate, or on a data-confidence downgrade.",,Dir-agree-magnitude-off,threshold/judgment difference (<0.30 gap)
NORTHARC,AVOID,-0.37517680797420594,medium,57.5,Justified,,trades 12x vs sector-normal 18x; street consensus +18%,model reads the price 38% above fair value,Rests on: sector-derived discount rate (NBFC); statement-derived growth/margins; terminal book-multiple economics.,"Call flips if the model MoS crosses the band edges (±10–15pp), if quality legs deteriorate, or on a data-confidence downgrade.",,Agree,
SKFINDUS,AVOID,-0.37681781418616384,medium,48.7,Justified,,—,model reads the price 38% above fair value; 60x earnings vs sector-normal 28x,Rests on: sector-derived discount rate (MANUFACTURING); statement-derived growth/margins; terminal reinvestment at mature returns.,"Call flips if the model MoS crosses the band edges (±10–15pp), if quality legs deteriorate, or on a data-confidence downgrade.",,Dir-agree-magnitude-off,engine-rich: exit-multiple/sector-P-E leg inflation (VAL-01 family)
HINDALCO,AVOID,-0.3798329032740037,high,67.5,Justified,,Alpha Score 68 (multi-factor support); street consensus +17%,model reads the price 38% above fair value; 16x earnings vs sector-normal 11x; thin 10% returns on equity,Rests on: sector-derived discount rate (METAL); statement-derived growth/margins; terminal reinvestment at mature returns.,"Call flips if the model MoS crosses the band edges (±10–15pp), if quality legs deteriorate, or on a data-confidence downgrade.",,Agree,
JSWINFRA,AVOID,-0.38060225415194787,high,46.9,Justified,,—,model reads the price 38% above fair value; 46x earnings vs sector-normal 28x,Rests on: sector-derived discount rate (MANUFACTURING); statement-derived growth/margins; terminal reinvestment at mature returns.,"Call flips if the model MoS crosses the band edges (±10–15pp), if quality legs deteriorate, or on a data-confidence downgrade.",,Engine-should-have-abstained,engine-rich: exit-multiple/sector-P-E leg inflation (VAL-01 family)
TATACONSUM,AVOID,-0.38178687147432583,high,54.0,Justified,,street consensus +24%,model reads the price 38% above fair value; 70x earnings vs sector-normal 42x; thin 8% returns on equity,Rests on: sector-derived discount rate (CONSUMER); statement-derived growth/margins; terminal reinvestment at mature returns.,"Call flips if the model MoS crosses the band edges (±10–15pp), if quality legs deteriorate, or on a data-confidence downgrade.",,Dir-agree-magnitude-off,engine-rich: thin-margin name on rich sector multiples (VAL-01/AWL-class)
JSWENERGY,AVOID,-0.3837995698774523,high,54.2,Justified,,street consensus +14%,model reads the price 38% above fair value; 43x earnings vs sector-normal 15x; thin 9% returns on equity,Rests on: sector-derived discount rate (UTILITIES); statement-derived growth/margins; terminal reinvestment at mature returns.,"Call flips if the model MoS crosses the band edges (±10–15pp), if quality legs deteriorate, or on a data-confidence downgrade.",,Dir-agree-magnitude-off,engine-rich: exit-multiple/sector-P-E leg inflation (VAL-01 family)
ROLEXRINGS,AVOID,-0.38502042649966883,medium,36.5,Justified,,—,model reads the price 39% above fair value; street -14%,Rests on: sector-derived discount rate (MANUFACTURING); statement-derived growth/margins; terminal reinvestment at mature returns.,"Call flips if the model MoS crosses the band edges (±10–15pp), if quality legs deteriorate, or on a data-confidence downgrade.",,Dir-agree-magnitude-off,threshold/judgment difference (<0.30 gap)
AARTIPHARM,AVOID,-0.38518045312489835,medium,30.3,Justified,,—,model reads the price 39% above fair value; 37x earnings vs sector-normal 25x; thin 8% returns on equity,Rests on: sector-derived discount rate (IT_SERVICES); statement-derived growth/margins; terminal reinvestment at mature returns.,"Call flips if the model MoS crosses the band edges (±10–15pp), if quality legs deteriorate, or on a data-confidence downgrade.",,Dir-agree-magnitude-off,engine-rich: exit-multiple/sector-P-E leg inflation (VAL-01 family)
GLAND,AVOID,-0.3875175135098634,high,53.9,Justified,,—,model reads the price 39% above fair value; 39x earnings vs sector-normal 30x; thin 10% returns on equity; street -9%,Rests on: sector-derived discount rate (PHARMA); statement-derived growth/margins; terminal reinvestment at mature returns.,"Call flips if the model MoS crosses the band edges (±10–15pp), if quality legs deteriorate, or on a data-confidence downgrade.",,Dir-agree-magnitude-off,threshold/judgment difference (<0.30 gap)
SHRIRAMFIN,AVOID,-0.3902175510666164,high,69.3,Justified,,returns on equity of 15% evidence a real franchise; Alpha Score 69 (multi-factor support); street consensus +13%,model reads the price 39% above fair value,Rests on: sector-derived discount rate (NBFC); statement-derived growth/margins; terminal book-multiple economics.,"Call flips if the model MoS crosses the band edges (±10–15pp), if quality legs deteriorate, or on a data-confidence downgrade.",,Agree,
KSHINTL,AVOID,-0.3953953478385989,medium,47.4,Justified,,—,model reads the price 40% above fair value; 47x earnings vs sector-normal 28x,Rests on: sector-derived discount rate (MANUFACTURING); statement-derived growth/margins; terminal reinvestment at mature returns.,"Call flips if the model MoS crosses the band edges (±10–15pp), if quality legs deteriorate, or on a data-confidence downgrade.",,Dir-agree-magnitude-off,engine-rich: thin-margin name on rich sector multiples (VAL-01/AWL-class)
TECHNOE,AVOID,-0.39691297124282127,high,43.8,Weakly-justified,street sees +45% upside vs the avoid,street consensus +45%; TENSION: street sees +45% upside vs the avoid,model reads the price 40% above fair value; 27x earnings vs sector-normal 15x,Rests on: sector-derived discount rate (CONSTRUCTION); statement-derived growth/margins; terminal reinvestment at mature returns.,"Call flips if the model MoS crosses the band edges (±10–15pp), if quality legs deteriorate, or on a data-confidence downgrade.",,Dir-agree-magnitude-off,engine-rich: exit-multiple/sector-P-E leg inflation (VAL-01 family)
SARDAEN,AVOID,-0.3982227752807837,high,60.3,Justified,,—,model reads the price 40% above fair value; 16x earnings vs sector-normal 11x,Rests on: sector-derived discount rate (METAL); statement-derived growth/margins; terminal reinvestment at mature returns.,"Call flips if the model MoS crosses the band edges (±10–15pp), if quality legs deteriorate, or on a data-confidence downgrade.",,Agree,
ICIL,AVOID,-0.39906475619588977,medium,39.0,Justified,,street consensus +17%,model reads the price 40% above fair value; 60x earnings vs sector-normal 38x; thin 5% returns on equity,Rests on: sector-derived discount rate (CONSUMER_DISC); statement-derived growth/margins; terminal reinvestment at mature returns.,"Call flips if the model MoS crosses the band edges (±10–15pp), if quality legs deteriorate, or on a data-confidence downgrade.",,Agree,
NRBBEARING,AVOID,-0.39952730123958474,medium,63.2,Justified,,returns on equity of 15% evidence a real franchise,model reads the price 40% above fair value,Rests on: sector-derived discount rate (MANUFACTURING); statement-derived growth/margins; terminal reinvestment at mature returns.,"Call flips if the model MoS crosses the band edges (±10–15pp), if quality legs deteriorate, or on a data-confidence downgrade.",,Agree,
AKUMS,AVOID,-0.40277208754631916,medium,50.1,Justified,,—,model reads the price 40% above fair value; 40x earnings vs sector-normal 25x; thin 8% returns on equity,Rests on: sector-derived discount rate (IT_SERVICES); statement-derived growth/margins; terminal reinvestment at mature returns.,"Call flips if the model MoS crosses the band edges (±10–15pp), if quality legs deteriorate, or on a data-confidence downgrade.",,Dir-agree-magnitude-off,engine-rich: exit-multiple/sector-P-E leg inflation (VAL-01 family)
AARTIIND,AVOID,-0.41123495213721606,high,43.2,Justified,,street consensus +6%,model reads the price 41% above fair value; 43x earnings vs sector-normal 26x; thin 7% returns on equity,Rests on: sector-derived discount rate (CHEMICALS); statement-derived growth/margins; terminal reinvestment at mature returns.,"Call flips if the model MoS crosses the band edges (±10–15pp), if quality legs deteriorate, or on a data-confidence downgrade.",,Dir-agree-magnitude-off,engine-rich: exit-multiple/sector-P-E leg inflation (VAL-01 family)
SUNTECK,AVOID,-0.41340942224689314,medium,36.2,Weakly-justified,street sees +61% upside vs the avoid,street consensus +61%; TENSION: street sees +61% upside vs the avoid,model reads the price 41% above fair value; 23x earnings vs sector-normal 15x; thin 6% returns on equity,Rests on: sector-derived discount rate (CONSTRUCTION); statement-derived growth/margins; terminal reinvestment at mature returns.,"Call flips if the model MoS crosses the band edges (±10–15pp), if quality legs deteriorate, or on a data-confidence downgrade.",,Dir-agree-magnitude-off,threshold/judgment difference (<0.30 gap)
USHAMART,AVOID,-0.4157082816762352,high,63.3,Justified,,street consensus +19%,model reads the price 42% above fair value,Rests on: sector-derived discount rate (CAPITAL_GOODS); statement-derived growth/margins; terminal reinvestment at mature returns.,"Call flips if the model MoS crosses the band edges (±10–15pp), if quality legs deteriorate, or on a data-confidence downgrade.",,Dir-agree-magnitude-off,threshold/judgment difference (<0.30 gap)
MEDANTA,AVOID,-0.41769220792778816,high,54.9,Justified,,street consensus +6%,model reads the price 42% above fair value; 64x earnings vs sector-normal 30x,Rests on: sector-derived discount rate (PHARMA); statement-derived growth/margins; terminal reinvestment at mature returns.,"Call flips if the model MoS crosses the band edges (±10–15pp), if quality legs deteriorate, or on a data-confidence downgrade.",,Engine-should-have-abstained,threshold/judgment difference (<0.30 gap)
IREDA,AVOID,-0.4210606839444042,high,60.4,Weakly-justified,street sees +45% upside vs the avoid,street consensus +45%; TENSION: street sees +45% upside vs the avoid,model reads the price 42% above fair value,Rests on: sector-derived discount rate (NBFC); statement-derived growth/margins; terminal book-multiple economics.,"Call flips if the model MoS crosses the band edges (±10–15pp), if quality legs deteriorate, or on a data-confidence downgrade.",,Agree,
NHPC,AVOID,-0.4227996133526279,high,52.8,Justified,,street consensus +14%,model reads the price 42% above fair value; 21x earnings vs sector-normal 15x; thin 8% returns on equity,Rests on: sector-derived discount rate (UTILITIES); statement-derived growth/margins; terminal reinvestment at mature returns.,"Call flips if the model MoS crosses the band edges (±10–15pp), if quality legs deteriorate, or on a data-confidence downgrade.",,Agree,
ADANIENT,AVOID,-0.4232936694641277,medium,53.1,Justified,,street consensus +7%,model reads the price 42% above fair value; 42x earnings vs sector-normal 11x,Rests on: sector-derived discount rate (METAL); statement-derived growth/margins; terminal reinvestment at mature returns.,"Call flips if the model MoS crosses the band edges (±10–15pp), if quality legs deteriorate, or on a data-confidence downgrade.",,Dir-agree-magnitude-off,engine-rich: thin-margin name on rich sector multiples (VAL-01/AWL-class)
CRAFTSMAN,AVOID,-0.42450655674530907,high,54.0,Justified,,—,model reads the price 42% above fair value; 57x earnings vs sector-normal 24x,Rests on: sector-derived discount rate (AUTO); statement-derived growth/margins; terminal reinvestment at mature returns.,"Call flips if the model MoS crosses the band edges (±10–15pp), if quality legs deteriorate, or on a data-confidence downgrade.",,Dir-agree-magnitude-off,engine-rich: exit-multiple/sector-P-E leg inflation (VAL-01 family)
WABAG,AVOID,-0.4256973200238207,medium,55.0,Justified,,—,model reads the price 43% above fair value; 29x earnings vs sector-normal 15x,Rests on: sector-derived discount rate (UTILITIES); statement-derived growth/margins; terminal reinvestment at mature returns.,"Call flips if the model MoS crosses the band edges (±10–15pp), if quality legs deteriorate, or on a data-confidence downgrade.",,Engine-should-have-abstained,threshold/judgment difference (<0.30 gap)
MINDACORP,AVOID,-0.4257157246307754,high,58.8,Justified,,street consensus +8%,model reads the price 43% above fair value; 45x earnings vs sector-normal 24x,Rests on: sector-derived discount rate (AUTO); statement-derived growth/margins; terminal reinvestment at mature returns.,"Call flips if the model MoS crosses the band edges (±10–15pp), if quality legs deteriorate, or on a data-confidence downgrade.",,Dir-agree-magnitude-off,engine-rich: exit-multiple/sector-P-E leg inflation (VAL-01 family)
SUBROS,AVOID,-0.43013264865964534,medium,41.0,Justified,,street consensus +12%,model reads the price 43% above fair value,Rests on: sector-derived discount rate (CAPITAL_GOODS); statement-derived growth/margins; terminal reinvestment at mature returns.,"Call flips if the model MoS crosses the band edges (±10–15pp), if quality legs deteriorate, or on a data-confidence downgrade.",,Dir-agree-magnitude-off,threshold/judgment difference (<0.30 gap)
SAREGAMA,AVOID,-0.4301397035089612,high,39.2,Justified,,—,model reads the price 43% above fair value,Rests on: sector-derived discount rate (CONSUMER_DISC); statement-derived growth/margins; terminal reinvestment at mature returns.,"Call flips if the model MoS crosses the band edges (±10–15pp), if quality legs deteriorate, or on a data-confidence downgrade.",,Agree,
FINEORG,AVOID,-0.4329346799141852,medium,55.2,Justified,,returns on equity of 16% evidence a real franchise,model reads the price 43% above fair value; 37x earnings vs sector-normal 26x,Rests on: sector-derived discount rate (CHEMICALS); statement-derived growth/margins; terminal reinvestment at mature returns.,"Call flips if the model MoS crosses the band edges (±10–15pp), if quality legs deteriorate, or on a data-confidence downgrade.",,Agree,
IRFC,AVOID,-0.4404631089285656,high,44.5,Justified,,—,model reads the price 44% above fair value; street -32%,Rests on: sector-derived discount rate (NBFC); statement-derived growth/margins; terminal book-multiple economics.,"Call flips if the model MoS crosses the band edges (±10–15pp), if quality legs deteriorate, or on a data-confidence downgrade.",,Agree,
BIKAJI,AVOID,-0.4405067903014638,high,58.2,Justified,,returns on equity of 16% evidence a real franchise,model reads the price 44% above fair value; 62x earnings vs sector-normal 42x,Rests on: sector-derived discount rate (CONSUMER); statement-derived growth/margins; terminal reinvestment at mature returns.,"Call flips if the model MoS crosses the band edges (±10–15pp), if quality legs deteriorate, or on a data-confidence downgrade.",,Engine-should-have-abstained,threshold/judgment difference (<0.30 gap)
DEEPINDS,AVOID,-0.4432168944660585,medium,45.9,Weakly-justified,street sees +37% upside vs the avoid,street consensus +37%; TENSION: street sees +37% upside vs the avoid,model reads the price 44% above fair value; 17x earnings vs sector-normal 12x; thin 10% returns on equity,Rests on: sector-derived discount rate (ENERGY); statement-derived growth/margins; terminal reinvestment at mature returns.,"Call flips if the model MoS crosses the band edges (±10–15pp), if quality legs deteriorate, or on a data-confidence downgrade.",,Dir-agree-magnitude-off,threshold/judgment difference (<0.30 gap)
MAPMYINDIA,AVOID,-0.44460673299298603,high,34.5,Weakly-justified,street sees +82% upside vs the avoid,street consensus +82%; TENSION: street sees +82% upside vs the avoid,model reads the price 44% above fair value; 48x earnings vs sector-normal 25x,Rests on: sector-derived discount rate (IT_SERVICES); statement-derived growth/margins; terminal reinvestment at mature returns.,"Call flips if the model MoS crosses the band edges (±10–15pp), if quality legs deteriorate, or on a data-confidence downgrade.",,Agree,
FCL,AVOID,-0.4453621413398092,medium,46.4,Justified,,—,model reads the price 45% above fair value; 40x earnings vs sector-normal 26x; street -26%,Rests on: sector-derived discount rate (CHEMICALS); statement-derived growth/margins; terminal reinvestment at mature returns.,"Call flips if the model MoS crosses the band edges (±10–15pp), if quality legs deteriorate, or on a data-confidence downgrade.",,Dir-agree-magnitude-off,threshold/judgment difference (<0.30 gap)
SUNDRMFAST,AVOID,-0.44547980223107064,medium,51.4,Justified,,street consensus +10%,model reads the price 45% above fair value,Rests on: sector-derived discount rate (MANUFACTURING); statement-derived growth/margins; terminal reinvestment at mature returns.,"Call flips if the model MoS crosses the band edges (±10–15pp), if quality legs deteriorate, or on a data-confidence downgrade.",,Engine-should-have-abstained,threshold/judgment difference (<0.30 gap)
FRACTAL,AVOID,-0.4462253217541903,medium,35.5,Justified,,—,model reads the price 45% above fair value; 50x earnings vs sector-normal 25x; thin 9% returns on equity,Rests on: sector-derived discount rate (IT_SERVICES); statement-derived growth/margins; terminal reinvestment at mature returns.,"Call flips if the model MoS crosses the band edges (±10–15pp), if quality legs deteriorate, or on a data-confidence downgrade.",,Dir-agree-magnitude-off,engine-rich: exit-multiple/sector-P-E leg inflation (VAL-01 family)
AADHARHFC,AVOID,-0.4463169830113931,high,68.1,Justified,,Alpha Score 68 (multi-factor support); street consensus +15%,model reads the price 45% above fair value,Rests on: sector-derived discount rate (NBFC); statement-derived growth/margins; terminal book-multiple economics.,"Call flips if the model MoS crosses the band edges (±10–15pp), if quality legs deteriorate, or on a data-confidence downgrade.",,Agree,
INDIGOPNTS,AVOID,-0.4473343515122842,medium,44.5,Justified,,street consensus +12%,model reads the price 45% above fair value; 35x earnings vs sector-normal 26x,Rests on: sector-derived discount rate (CHEMICALS); statement-derived growth/margins; terminal reinvestment at mature returns.,"Call flips if the model MoS crosses the band edges (±10–15pp), if quality legs deteriorate, or on a data-confidence downgrade.",,Dir-agree-magnitude-off,threshold/judgment difference (<0.30 gap)
SPLPETRO,AVOID,-0.44879751103537785,high,46.7,Justified,,street consensus +22%,model reads the price 45% above fair value; 39x earnings vs sector-normal 26x,Rests on: sector-derived discount rate (CHEMICALS); statement-derived growth/margins; terminal reinvestment at mature returns.,"Call flips if the model MoS crosses the band edges (±10–15pp), if quality legs deteriorate, or on a data-confidence downgrade.",,Dir-agree-magnitude-off,threshold/judgment difference (<0.30 gap)
GLENMARK,AVOID,-0.4495561913491052,high,59.2,Justified,,—,model reads the price 45% above fair value; 46x earnings vs sector-normal 30x,Rests on: sector-derived discount rate (PHARMA); statement-derived growth/margins; terminal reinvestment at mature returns.,"Call flips if the model MoS crosses the band edges (±10–15pp), if quality legs deteriorate, or on a data-confidence downgrade.",,Agree,
GREENPLY,AVOID,-0.45027562401730503,medium,46.0,Justified,,street consensus +11%,model reads the price 45% above fair value; 44x earnings vs sector-normal 28x,Rests on: sector-derived discount rate (MANUFACTURING); statement-derived growth/margins; terminal reinvestment at mature returns.,"Call flips if the model MoS crosses the band edges (±10–15pp), if quality legs deteriorate, or on a data-confidence downgrade.",,Dir-agree-magnitude-off,engine-rich: thin-margin name on rich sector multiples (VAL-01/AWL-class)
AIAENG,AVOID,-0.4503072035801359,high,62.2,Justified,,returns on equity of 16% evidence a real franchise,model reads the price 45% above fair value,Rests on: sector-derived discount rate (CAPITAL_GOODS); statement-derived growth/margins; terminal reinvestment at mature returns.,"Call flips if the model MoS crosses the band edges (±10–15pp), if quality legs deteriorate, or on a data-confidence downgrade.",,Engine-should-have-abstained,threshold/judgment difference (<0.30 gap)
BASF,AVOID,-0.4507323494567467,medium,41.5,Justified,,street consensus +11%,model reads the price 45% above fair value; 39x earnings vs sector-normal 26x,Rests on: sector-derived discount rate (CHEMICALS); statement-derived growth/margins; terminal reinvestment at mature returns.,"Call flips if the model MoS crosses the band edges (±10–15pp), if quality legs deteriorate, or on a data-confidence downgrade.",,Dir-agree-magnitude-off,threshold/judgment difference (<0.30 gap)
TEGA,AVOID,-0.4529718944718119,high,45.2,Justified,,street consensus +23%,model reads the price 45% above fair value; 79x earnings vs sector-normal 32x; thin 4% returns on equity,Rests on: sector-derived discount rate (CAPITAL_GOODS); statement-derived growth/margins; terminal reinvestment at mature returns.,"Call flips if the model MoS crosses the band edges (±10–15pp), if quality legs deteriorate, or on a data-confidence downgrade.",,Engine-should-have-abstained,engine-rich: exit-multiple/sector-P-E leg inflation (VAL-01 family)
TATASTEEL,AVOID,-0.45395933711246267,high,63.5,Justified,,street consensus +21%,model reads the price 45% above fair value; 21x earnings vs sector-normal 11x,Rests on: sector-derived discount rate (METAL); statement-derived growth/margins; terminal reinvestment at mature returns.,"Call flips if the model MoS crosses the band edges (±10–15pp), if quality legs deteriorate, or on a data-confidence downgrade.",,Dir-agree-magnitude-off,engine-rich: thin-margin name on rich sector multiples (VAL-01/AWL-class)
ENDURANCE,AVOID,-0.4565779082128535,high,49.5,Justified,,street consensus +6%,model reads the price 46% above fair value; 40x earnings vs sector-normal 24x,Rests on: sector-derived discount rate (AUTO); statement-derived growth/margins; terminal reinvestment at mature returns.,"Call flips if the model MoS crosses the band edges (±10–15pp), if quality legs deteriorate, or on a data-confidence downgrade.",,Dir-agree-magnitude-off,threshold/judgment difference (<0.30 gap)
ULTRACEMCO,AVOID,-0.458445492548071,high,51.7,Justified,,street consensus +16%,model reads the price 46% above fair value; 42x earnings vs sector-normal 24x,Rests on: sector-derived discount rate (CEMENT); statement-derived growth/margins; terminal reinvestment at mature returns.,"Call flips if the model MoS crosses the band edges (±10–15pp), if quality legs deteriorate, or on a data-confidence downgrade.",,Dir-agree-magnitude-off,engine-rich: exit-multiple/sector-P-E leg inflation (VAL-01 family)
KAJARIACER,AVOID,-0.4593977395952365,high,53.5,Justified,,returns on equity of 16% evidence a real franchise; street consensus +6%,model reads the price 46% above fair value,Rests on: sector-derived discount rate (CONSUMER_DISC); statement-derived growth/margins; terminal reinvestment at mature returns.,"Call flips if the model MoS crosses the band edges (±10–15pp), if quality legs deteriorate, or on a data-confidence downgrade.",,Engine-should-have-abstained,threshold/judgment difference (<0.30 gap)
KIRLOSBROS,AVOID,-0.46216412871332574,medium,43.3,Justified,,—,model reads the price 46% above fair value,Rests on: sector-derived discount rate (CAPITAL_GOODS); statement-derived growth/margins; terminal reinvestment at mature returns.,"Call flips if the model MoS crosses the band edges (±10–15pp), if quality legs deteriorate, or on a data-confidence downgrade.",,Dir-agree-magnitude-off,threshold/judgment difference (<0.30 gap)
CONCOR,AVOID,-0.4642559158437171,high,40.4,Justified,,street consensus +9%,model reads the price 46% above fair value; thin 9% returns on equity,Rests on: sector-derived discount rate (MANUFACTURING); statement-derived growth/margins; terminal reinvestment at mature returns.,"Call flips if the model MoS crosses the band edges (±10–15pp), if quality legs deteriorate, or on a data-confidence downgrade.",,Dir-agree-magnitude-off,threshold/judgment difference (<0.30 gap)
MANINFRA,AVOID,-0.4664018081261914,medium,35.3,Justified,,—,model reads the price 47% above fair value; 20x earnings vs sector-normal 15x; thin 9% returns on equity,Rests on: sector-derived discount rate (CONSTRUCTION); statement-derived growth/margins; terminal reinvestment at mature returns.,"Call flips if the model MoS crosses the band edges (±10–15pp), if quality legs deteriorate, or on a data-confidence downgrade.",,Agree,
UJJIVANSFB,AVOID,-0.46949896305922956,medium,53.3,Justified,,street consensus +14%,model reads the price 47% above fair value,Rests on: sector-derived discount rate (BANK); statement-derived growth/margins; terminal book-multiple economics.,"Call flips if the model MoS crosses the band edges (±10–15pp), if quality legs deteriorate, or on a data-confidence downgrade.",,Agree,
DEEPAKNTR,AVOID,-0.47110013270856704,high,44.1,Justified,,—,model reads the price 47% above fair value; 42x earnings vs sector-normal 26x; thin 9% returns on equity,Rests on: sector-derived discount rate (CHEMICALS); statement-derived growth/margins; terminal reinvestment at mature returns.,"Call flips if the model MoS crosses the band edges (±10–15pp), if quality legs deteriorate, or on a data-confidence downgrade.",,Dir-agree-magnitude-off,threshold/judgment difference (<0.30 gap)
CENTURYPLY,AVOID,-0.47297097608080807,medium,45.5,Justified,,street consensus +11%,model reads the price 47% above fair value; 67x earnings vs sector-normal 28x,Rests on: sector-derived discount rate (MANUFACTURING); statement-derived growth/margins; terminal reinvestment at mature returns.,"Call flips if the model MoS crosses the band edges (±10–15pp), if quality legs deteriorate, or on a data-confidence downgrade.",,Dir-agree-magnitude-off,engine-rich: exit-multiple/sector-P-E leg inflation (VAL-01 family)
DMART,AVOID,-0.47356471541533746,high,56.5,Justified,,street consensus +14%,model reads the price 47% above fair value; 87x earnings vs sector-normal 42x,Rests on: sector-derived discount rate (CONSUMER); statement-derived growth/margins; terminal reinvestment at mature returns.,"Call flips if the model MoS crosses the band edges (±10–15pp), if quality legs deteriorate, or on a data-confidence downgrade.",,Engine-should-have-abstained,threshold/judgment difference (<0.30 gap)
AFCONS,AVOID,-0.4736234288227072,high,40.3,Weakly-justified,street sees +65% upside vs the avoid,street consensus +65%; TENSION: street sees +65% upside vs the avoid,model reads the price 47% above fair value; 44x earnings vs sector-normal 15x; thin 5% returns on equity,Rests on: sector-derived discount rate (CONSTRUCTION); statement-derived growth/margins; terminal reinvestment at mature returns.,"Call flips if the model MoS crosses the band edges (±10–15pp), if quality legs deteriorate, or on a data-confidence downgrade.",,Dir-agree-magnitude-off,engine-rich: thin-margin name on rich sector multiples (VAL-01/AWL-class)
BALKRISIND,AVOID,-0.4739747725092505,high,49.3,Justified,,street consensus +9%,model reads the price 47% above fair value; 32x earnings vs sector-normal 24x,Rests on: sector-derived discount rate (AUTO); statement-derived growth/margins; terminal reinvestment at mature returns.,"Call flips if the model MoS crosses the band edges (±10–15pp), if quality legs deteriorate, or on a data-confidence downgrade.",,Agree,
BLUESTARCO,AVOID,-0.47511527931997843,high,47.8,Justified,,returns on equity of 15% evidence a real franchise,model reads the price 48% above fair value; 67x earnings vs sector-normal 38x,Rests on: sector-derived discount rate (CONSUMER_DISC); statement-derived growth/margins; terminal reinvestment at mature returns.,"Call flips if the model MoS crosses the band edges (±10–15pp), if quality legs deteriorate, or on a data-confidence downgrade.",,Engine-should-have-abstained,threshold/judgment difference (<0.30 gap)
M&MFIN,AVOID,-0.47619457309465785,high,57.4,Justified,,street consensus +8%,model reads the price 48% above fair value,Rests on: sector-derived discount rate (NBFC); statement-derived growth/margins; terminal book-multiple economics.,"Call flips if the model MoS crosses the band edges (±10–15pp), if quality legs deteriorate, or on a data-confidence downgrade.",,Agree,
GOPAL,AVOID,-0.4778548797121831,medium,55.0,Weakly-justified,street sees +91% upside vs the avoid,returns on equity of 15% evidence a real franchise; street consensus +91%; TENSION: street sees +91% upside vs the avoid,model reads the price 48% above fair value,Rests on: sector-derived discount rate (CONSUMER); statement-derived growth/margins; terminal reinvestment at mature returns.,"Call flips if the model MoS crosses the band edges (±10–15pp), if quality legs deteriorate, or on a data-confidence downgrade.",,Engine-should-have-abstained,threshold/judgment difference (<0.30 gap)
KEI,AVOID,-0.48320024218545216,high,62.6,Justified,,street consensus +6%,model reads the price 48% above fair value; 51x earnings vs sector-normal 32x,Rests on: sector-derived discount rate (CAPITAL_GOODS); statement-derived growth/margins; terminal reinvestment at mature returns.,"Call flips if the model MoS crosses the band edges (±10–15pp), if quality legs deteriorate, or on a data-confidence downgrade.",,Dir-agree-magnitude-off,threshold/judgment difference (<0.30 gap)
IOB,AVOID,-0.4857450090471467,high,64.3,Justified,,trades 12x vs sector-normal 16x,model reads the price 49% above fair value,Rests on: sector-derived discount rate (BANK); statement-derived growth/margins; terminal book-multiple economics.,"Call flips if the model MoS crosses the band edges (±10–15pp), if quality legs deteriorate, or on a data-confidence downgrade.",,Adjacent,
GRASIM,AVOID,-0.48630283002962693,medium,66.0,Justified,,Alpha Score 66 (multi-factor support); street consensus +16%,model reads the price 49% above fair value; 43x earnings vs sector-normal 24x; thin 10% returns on equity,Rests on: sector-derived discount rate (CEMENT); statement-derived growth/margins; terminal reinvestment at mature returns.,"Call flips if the model MoS crosses the band edges (±10–15pp), if quality legs deteriorate, or on a data-confidence downgrade.",,Dir-agree-magnitude-off,threshold/judgment difference (<0.30 gap)
IPCALAB,AVOID,-0.48926218505760294,high,51.3,Justified,,—,model reads the price 49% above fair value; 41x earnings vs sector-normal 30x; street -7%,Rests on: sector-derived discount rate (PHARMA); statement-derived growth/margins; terminal reinvestment at mature returns.,"Call flips if the model MoS crosses the band edges (±10–15pp), if quality legs deteriorate, or on a data-confidence downgrade.",,Agree,
SFL,AVOID,-0.49159216744556644,medium,41.4,Justified,,—,model reads the price 49% above fair value; 52x earnings vs sector-normal 28x; thin 4% returns on equity; street -8%,Rests on: sector-derived discount rate (MANUFACTURING); statement-derived growth/margins; terminal reinvestment at mature returns.,"Call flips if the model MoS crosses the band edges (±10–15pp), if quality legs deteriorate, or on a data-confidence downgrade.",,Dir-agree-magnitude-off,engine-rich: thin-margin name on rich sector multiples (VAL-01/AWL-class)
GALLANTT,AVOID,-0.49185639786759394,high,50.6,Justified,,—,model reads the price 49% above fair value,Rests on: sector-derived discount rate (CAPITAL_GOODS); statement-derived growth/margins; terminal reinvestment at mature returns.,"Call flips if the model MoS crosses the band edges (±10–15pp), if quality legs deteriorate, or on a data-confidence downgrade.",,Agree,
ICICIGI,AVOID,-0.49283659366424254,medium,63.9,Weakly-justified,street sees +32% upside vs the avoid,returns on equity of 17% evidence a real franchise; street consensus +32%; TENSION: street sees +32% upside vs the avoid,model reads the price 49% above fair value,Rests on: sector-derived discount rate (INSURANCE); statement-derived growth/margins; terminal book-multiple economics.,"Call flips if the model MoS crosses the band edges (±10–15pp), if quality legs deteriorate, or on a data-confidence downgrade.",,Dir-agree-magnitude-off,threshold/judgment difference (<0.30 gap)
POLYMED,AVOID,-0.4961496038171503,high,26.3,Justified,,—,model reads the price 50% above fair value; 53x earnings vs sector-normal 30x,Rests on: sector-derived discount rate (PHARMA); statement-derived growth/margins; terminal reinvestment at mature returns.,"Call flips if the model MoS crosses the band edges (±10–15pp), if quality legs deteriorate, or on a data-confidence downgrade.",,Engine-should-have-abstained,threshold/judgment difference (<0.30 gap)
HOMEFIRST,AVOID,-0.4970191607800183,high,42.9,Justified,,street consensus +15%,model reads the price 50% above fair value; 24x earnings vs sector-normal 18x,Rests on: sector-derived discount rate (NBFC); statement-derived growth/margins; terminal book-multiple economics.,"Call flips if the model MoS crosses the band edges (±10–15pp), if quality legs deteriorate, or on a data-confidence downgrade.",,Agree,
KEC,AVOID,-0.5001813104266212,high,41.2,Weakly-justified,street sees +27% upside vs the avoid,street consensus +27%; TENSION: street sees +27% upside vs the avoid,model reads the price 50% above fair value; 22x earnings vs sector-normal 15x; thin 10% returns on equity,Rests on: sector-derived discount rate (CONSTRUCTION); statement-derived growth/margins; terminal reinvestment at mature returns.,"Call flips if the model MoS crosses the band edges (±10–15pp), if quality legs deteriorate, or on a data-confidence downgrade.",,Agree,
BAJAJFINSV,AVOID,-0.5017713366508675,medium,64.1,Justified,,returns on equity of 25% evidence a real franchise; street consensus +16%,model reads the price 50% above fair value; 30x earnings vs sector-normal 18x,Rests on: sector-derived discount rate (NBFC); statement-derived growth/margins; terminal book-multiple economics.,"Call flips if the model MoS crosses the band edges (±10–15pp), if quality legs deteriorate, or on a data-confidence downgrade.",,Adjacent,
SENORES,AVOID,-0.5022967330069728,medium,49.8,Justified,,—,model reads the price 50% above fair value; 53x earnings vs sector-normal 25x; street -31%,Rests on: sector-derived discount rate (IT_SERVICES); statement-derived growth/margins; terminal reinvestment at mature returns.,"Call flips if the model MoS crosses the band edges (±10–15pp), if quality legs deteriorate, or on a data-confidence downgrade.",,Dir-agree-magnitude-off,threshold/judgment difference (<0.30 gap)
DALBHARAT,AVOID,-0.5027139542286991,high,44.7,Justified,,street consensus +21%,model reads the price 50% above fair value; thin 6% returns on equity,Rests on: sector-derived discount rate (CEMENT); statement-derived growth/margins; terminal reinvestment at mature returns.,"Call flips if the model MoS crosses the band edges (±10–15pp), if quality legs deteriorate, or on a data-confidence downgrade.",,Dir-agree-magnitude-off,threshold/judgment difference (<0.30 gap)
GUFICBIO,AVOID,-0.5041832847264441,medium,46.5,Justified,,—,model reads the price 50% above fair value; 59x earnings vs sector-normal 25x; thin 10% returns on equity,Rests on: sector-derived discount rate (IT_SERVICES); statement-derived growth/margins; terminal reinvestment at mature returns.,"Call flips if the model MoS crosses the band edges (±10–15pp), if quality legs deteriorate, or on a data-confidence downgrade.",,Dir-agree-magnitude-off,engine-rich: exit-multiple/sector-P-E leg inflation (VAL-01 family)
GREENLAM,AVOID,-0.505909765524652,medium,41.4,Justified,,street consensus +5%,model reads the price 51% above fair value; 112x earnings vs sector-normal 28x; thin 5% returns on equity,Rests on: sector-derived discount rate (MANUFACTURING); statement-derived growth/margins; terminal reinvestment at mature returns.,"Call flips if the model MoS crosses the band edges (±10–15pp), if quality legs deteriorate, or on a data-confidence downgrade.",,Dir-agree-magnitude-off,engine-rich: thin-margin name on rich sector multiples (VAL-01/AWL-class)
PRINCEPIPE,AVOID,-0.5066737487075894,medium,42.0,Justified,,street consensus +18%,model reads the price 51% above fair value; 40x earnings vs sector-normal 28x; thin 4% returns on equity,Rests on: sector-derived discount rate (MANUFACTURING); statement-derived growth/margins; terminal reinvestment at mature returns.,"Call flips if the model MoS crosses the band edges (±10–15pp), if quality legs deteriorate, or on a data-confidence downgrade.",,Dir-agree-magnitude-off,threshold/judgment difference (<0.30 gap)
KIMS,AVOID,-0.5083536095130272,high,47.8,Justified,,—,model reads the price 51% above fair value; 132x earnings vs sector-normal 30x,Rests on: sector-derived discount rate (PHARMA); statement-derived growth/margins; terminal reinvestment at mature returns.,"Call flips if the model MoS crosses the band edges (±10–15pp), if quality legs deteriorate, or on a data-confidence downgrade.",,Dir-agree-magnitude-off,engine-rich: exit-multiple/sector-P-E leg inflation (VAL-01 family)
TATATECH,AVOID,-0.509468742540026,high,48.2,Justified,,—,model reads the price 51% above fair value; 56x earnings vs sector-normal 25x; street -21%,Rests on: sector-derived discount rate (IT_SERVICES); statement-derived growth/margins; terminal reinvestment at mature returns.,"Call flips if the model MoS crosses the band edges (±10–15pp), if quality legs deteriorate, or on a data-confidence downgrade.",,Agree,
AFFLE,AVOID,-0.5127437179484272,high,41.8,Weakly-justified,street sees +32% upside vs the avoid,street consensus +32%; TENSION: street sees +32% upside vs the avoid,model reads the price 51% above fair value; 47x earnings vs sector-normal 25x,Rests on: sector-derived discount rate (IT_SERVICES); statement-derived growth/margins; terminal reinvestment at mature returns.,"Call flips if the model MoS crosses the band edges (±10–15pp), if quality legs deteriorate, or on a data-confidence downgrade.",,Agree,
ANURAS,AVOID,-0.5146616783997144,high,46.8,Justified,,—,model reads the price 51% above fair value; 84x earnings vs sector-normal 26x; thin 7% returns on equity; street -22%,Rests on: sector-derived discount rate (CHEMICALS); statement-derived growth/margins; terminal reinvestment at mature returns.,"Call flips if the model MoS crosses the band edges (±10–15pp), if quality legs deteriorate, or on a data-confidence downgrade.",,Dir-agree-magnitude-off,engine-rich: exit-multiple/sector-P-E leg inflation (VAL-01 family)
SUNDARMFIN,AVOID,-0.5147721980496502,high,54.6,Justified,,street consensus +13%,model reads the price 51% above fair value; 24x earnings vs sector-normal 18x,Rests on: sector-derived discount rate (NBFC); statement-derived growth/margins; terminal book-multiple economics.,"Call flips if the model MoS crosses the band edges (±10–15pp), if quality legs deteriorate, or on a data-confidence downgrade.",,Agree,
METROPOLIS,AVOID,-0.5168396566194894,medium,49.5,Justified,,street consensus +11%,model reads the price 52% above fair value; 59x earnings vs sector-normal 30x,Rests on: sector-derived discount rate (PHARMA); statement-derived growth/margins; terminal reinvestment at mature returns.,"Call flips if the model MoS crosses the band edges (±10–15pp), if quality legs deteriorate, or on a data-confidence downgrade.",,Agree,
MANINDS,AVOID,-0.5184096686471011,medium,47.3,Justified,,—,model reads the price 52% above fair value; 23x earnings vs sector-normal 12x; thin 8% returns on equity; street -16%,Rests on: sector-derived discount rate (ENERGY); statement-derived growth/margins; terminal reinvestment at mature returns.,"Call flips if the model MoS crosses the band edges (±10–15pp), if quality legs deteriorate, or on a data-confidence downgrade.",,Agree,
CONCORDBIO,AVOID,-0.5214384818243973,high,34.3,Justified,,—,model reads the price 52% above fair value; 54x earnings vs sector-normal 30x,Rests on: sector-derived discount rate (PHARMA); statement-derived growth/margins; terminal reinvestment at mature returns.,"Call flips if the model MoS crosses the band edges (±10–15pp), if quality legs deteriorate, or on a data-confidence downgrade.",,Agree,
ACI,AVOID,-0.5216342164479008,medium,32.2,Justified,,street consensus +10%,model reads the price 52% above fair value; 63x earnings vs sector-normal 26x; thin 5% returns on equity,Rests on: sector-derived discount rate (CHEMICALS); statement-derived growth/margins; terminal reinvestment at mature returns.,"Call flips if the model MoS crosses the band edges (±10–15pp), if quality legs deteriorate, or on a data-confidence downgrade.",,Dir-agree-magnitude-off,engine-rich: exit-multiple/sector-P-E leg inflation (VAL-01 family)
ASHIANA,AVOID,-0.524475073791602,medium,60.9,Justified,,—,model reads the price 52% above fair value; 31x earnings vs sector-normal 15x,Rests on: sector-derived discount rate (CONSTRUCTION); statement-derived growth/margins; terminal reinvestment at mature returns.,"Call flips if the model MoS crosses the band edges (±10–15pp), if quality legs deteriorate, or on a data-confidence downgrade.",,Agree,
TVSSRICHAK,AVOID,-0.5259984450482681,medium,43.8,Justified,,—,model reads the price 53% above fair value; 44x earnings vs sector-normal 24x; thin 6% returns on equity; street -49%,Rests on: sector-derived discount rate (AUTO); statement-derived growth/margins; terminal reinvestment at mature returns.,"Call flips if the model MoS crosses the band edges (±10–15pp), if quality legs deteriorate, or on a data-confidence downgrade.",,Dir-agree-magnitude-off,threshold/judgment difference (<0.30 gap)
SBICARD,AVOID,-0.5260954257424835,high,43.7,Justified,,street consensus +14%,model reads the price 53% above fair value; 29x earnings vs sector-normal 18x,Rests on: sector-derived discount rate (NBFC); statement-derived growth/margins; terminal book-multiple economics.,"Call flips if the model MoS crosses the band edges (±10–15pp), if quality legs deteriorate, or on a data-confidence downgrade.",,Agree,
CHAMBLFERT,AVOID,-0.5263924362254726,high,50.1,Justified,,street consensus +22%,model reads the price 53% above fair value; 34x earnings vs sector-normal 26x; thin 5% returns on equity,Rests on: sector-derived discount rate (CHEMICALS); statement-derived growth/margins; terminal reinvestment at mature returns.,"Call flips if the model MoS crosses the band edges (±10–15pp), if quality legs deteriorate, or on a data-confidence downgrade.",,Agree,
VINATIORGA,AVOID,-0.5272036632551074,medium,52.1,Weakly-justified,street sees +31% upside vs the avoid,street consensus +31%; TENSION: street sees +31% upside vs the avoid,model reads the price 53% above fair value,Rests on: sector-derived discount rate (CHEMICALS); statement-derived growth/margins; terminal reinvestment at mature returns.,"Call flips if the model MoS crosses the band edges (±10–15pp), if quality legs deteriorate, or on a data-confidence downgrade.",,Agree,
AMBUJACEM,AVOID,-0.5279334720701888,high,52.0,Justified,,street consensus +21%,model reads the price 53% above fair value; thin 9% returns on equity,Rests on: sector-derived discount rate (CEMENT); statement-derived growth/margins; terminal reinvestment at mature returns.,"Call flips if the model MoS crosses the band edges (±10–15pp), if quality legs deteriorate, or on a data-confidence downgrade.",,Agree,
IFBIND,AVOID,-0.5279843042462833,medium,44.9,Justified,,—,model reads the price 53% above fair value,Rests on: sector-derived discount rate (CONSUMER_DISC); statement-derived growth/margins; terminal reinvestment at mature returns.,"Call flips if the model MoS crosses the band edges (±10–15pp), if quality legs deteriorate, or on a data-confidence downgrade.",,Engine-should-have-abstained,threshold/judgment difference (<0.30 gap)
IRB,AVOID,-0.5293536016280138,high,52.6,Weakly-justified,street sees +70% upside vs the avoid,street consensus +70%; TENSION: street sees +70% upside vs the avoid,model reads the price 53% above fair value; 29x earnings vs sector-normal 15x; thin 4% returns on equity,Rests on: sector-derived discount rate (CONSTRUCTION); statement-derived growth/margins; terminal reinvestment at mature returns.,"Call flips if the model MoS crosses the band edges (±10–15pp), if quality legs deteriorate, or on a data-confidence downgrade.",,Agree,
ADANIENSOL,AVOID,-0.530053651042452,high,45.9,Justified,,—,model reads the price 53% above fair value; 89x earnings vs sector-normal 15x; thin 9% returns on equity; street -11%,Rests on: sector-derived discount rate (UTILITIES); statement-derived growth/margins; terminal reinvestment at mature returns.,"Call flips if the model MoS crosses the band edges (±10–15pp), if quality legs deteriorate, or on a data-confidence downgrade.",,Dir-agree-magnitude-off,engine-rich: thin-margin name on rich sector multiples (VAL-01/AWL-class)
HDBFS,AVOID,-0.5303975139664308,high,56.1,Justified,,street consensus +12%,model reads the price 53% above fair value; 24x earnings vs sector-normal 18x,Rests on: sector-derived discount rate (NBFC); statement-derived growth/margins; terminal book-multiple economics.,"Call flips if the model MoS crosses the band edges (±10–15pp), if quality legs deteriorate, or on a data-confidence downgrade.",,Agree,
NEPHROPLUS,AVOID,-0.5330101490410964,medium,26.0,Justified,,—,model reads the price 53% above fair value; 78x earnings vs sector-normal 30x; thin 7% returns on equity,Rests on: sector-derived discount rate (PHARMA); statement-derived growth/margins; terminal reinvestment at mature returns.,"Call flips if the model MoS crosses the band edges (±10–15pp), if quality legs deteriorate, or on a data-confidence downgrade.",,Dir-agree-magnitude-off,engine-rich: exit-multiple/sector-P-E leg inflation (VAL-01 family)
IMFA,AVOID,-0.5351513565046698,medium,60.3,Weakly-justified,street sees +38% upside vs the avoid,returns on equity of 16% evidence a real franchise; street consensus +38%; TENSION: street sees +38% upside vs the avoid,model reads the price 54% above fair value; 17x earnings vs sector-normal 11x,Rests on: sector-derived discount rate (METAL); statement-derived growth/margins; terminal reinvestment at mature returns.,"Call flips if the model MoS crosses the band edges (±10–15pp), if quality legs deteriorate, or on a data-confidence downgrade.",,Agree,
PRESTIGE,AVOID,-0.5353443482026831,high,42.8,Justified,,street consensus +9%,model reads the price 54% above fair value; 61x earnings vs sector-normal 20x; thin 8% returns on equity,Rests on: sector-derived discount rate (REALTY); statement-derived growth/margins; terminal reinvestment at mature returns.,"Call flips if the model MoS crosses the band edges (±10–15pp), if quality legs deteriorate, or on a data-confidence downgrade.",,Dir-agree-magnitude-off,engine-rich: thin-margin name on rich sector multiples (VAL-01/AWL-class)
FEDFINA,AVOID,-0.5367074491396022,high,49.8,Justified,,street consensus +10%,model reads the price 54% above fair value,Rests on: sector-derived discount rate (NBFC); statement-derived growth/margins; terminal book-multiple economics.,"Call flips if the model MoS crosses the band edges (±10–15pp), if quality legs deteriorate, or on a data-confidence downgrade.",,Agree,
MOIL,AVOID,-0.5372892682711782,medium,40.3,Weakly-justified,street sees +38% upside vs the avoid,street consensus +38%; TENSION: street sees +38% upside vs the avoid,model reads the price 54% above fair value; 21x earnings vs sector-normal 11x; thin 10% returns on equity,Rests on: sector-derived discount rate (METAL); statement-derived growth/margins; terminal reinvestment at mature returns.,"Call flips if the model MoS crosses the band edges (±10–15pp), if quality legs deteriorate, or on a data-confidence downgrade.",,Agree,
SUPREMEIND,AVOID,-0.5392290559628979,high,51.9,Justified,,returns on equity of 15% evidence a real franchise; street consensus +18%,model reads the price 54% above fair value; 46x earnings vs sector-normal 32x,Rests on: sector-derived discount rate (CAPITAL_GOODS); statement-derived growth/margins; terminal reinvestment at mature returns.,"Call flips if the model MoS crosses the band edges (±10–15pp), if quality legs deteriorate, or on a data-confidence downgrade.",,Agree,
BELRISE,AVOID,-0.5467045154133293,high,49.7,Justified,,—,model reads the price 55% above fair value; 47x earnings vs sector-normal 24x; thin 10% returns on equity; street -13%,Rests on: sector-derived discount rate (AUTO); statement-derived growth/margins; terminal reinvestment at mature returns.,"Call flips if the model MoS crosses the band edges (±10–15pp), if quality legs deteriorate, or on a data-confidence downgrade.",,Dir-agree-magnitude-off,threshold/judgment difference (<0.30 gap)
SETL,AVOID,-0.5548874557245672,medium,33.6,Justified,,—,model reads the price 55% above fair value; 70x earnings vs sector-normal 32x,Rests on: sector-derived discount rate (CAPITAL_GOODS); statement-derived growth/margins; terminal reinvestment at mature returns.,"Call flips if the model MoS crosses the band edges (±10–15pp), if quality legs deteriorate, or on a data-confidence downgrade.",,Dir-agree-magnitude-off,engine-rich: exit-multiple/sector-P-E leg inflation (VAL-01 family)
HONAUT,AVOID,-0.5558265527697362,high,43.5,Justified,,street consensus +7%,model reads the price 56% above fair value; 65x earnings vs sector-normal 32x,Rests on: sector-derived discount rate (CAPITAL_GOODS); statement-derived growth/margins; terminal reinvestment at mature returns.,"Call flips if the model MoS crosses the band edges (±10–15pp), if quality legs deteriorate, or on a data-confidence downgrade.",,Dir-agree-magnitude-off,threshold/judgment difference (<0.30 gap)
RAMCOCEM,AVOID,-0.5575653019930213,high,43.1,Justified,,—,model reads the price 56% above fair value; thin 9% returns on equity,Rests on: sector-derived discount rate (CEMENT); statement-derived growth/margins; terminal reinvestment at mature returns.,"Call flips if the model MoS crosses the band edges (±10–15pp), if quality legs deteriorate, or on a data-confidence downgrade.",,Agree,
JTEKTINDIA,AVOID,-0.5638385375543878,medium,48.2,Weakly-justified,street sees +28% upside vs the avoid,street consensus +28%; TENSION: street sees +28% upside vs the avoid,model reads the price 56% above fair value; 49x earnings vs sector-normal 24x; thin 6% returns on equity,Rests on: sector-derived discount rate (AUTO); statement-derived growth/margins; terminal reinvestment at mature returns.,"Call flips if the model MoS crosses the band edges (±10–15pp), if quality legs deteriorate, or on a data-confidence downgrade.",,Dir-agree-magnitude-off,threshold/judgment difference (<0.30 gap)
TTKPRESTIG,AVOID,-0.5672298437394548,medium,34.2,Justified,,—,model reads the price 57% above fair value; 57x earnings vs sector-normal 28x; thin 8% returns on equity; street -8%,Rests on: sector-derived discount rate (MANUFACTURING); statement-derived growth/margins; terminal reinvestment at mature returns.,"Call flips if the model MoS crosses the band edges (±10–15pp), if quality legs deteriorate, or on a data-confidence downgrade.",,Dir-agree-magnitude-off,threshold/judgment difference (<0.30 gap)
SHREECEM,AVOID,-0.5679538894742956,high,40.2,Justified,,—,model reads the price 57% above fair value; 55x earnings vs sector-normal 24x; thin 8% returns on equity,Rests on: sector-derived discount rate (CEMENT); statement-derived growth/margins; terminal reinvestment at mature returns.,"Call flips if the model MoS crosses the band edges (±10–15pp), if quality legs deteriorate, or on a data-confidence downgrade.",,Dir-agree-magnitude-off,engine-rich: exit-multiple/sector-P-E leg inflation (VAL-01 family)
ANANTRAJ,AVOID,-0.5690230214796009,high,40.7,Justified,,street consensus +19%,model reads the price 57% above fair value; 37x earnings vs sector-normal 20x; thin 10% returns on equity,Rests on: sector-derived discount rate (REALTY); statement-derived growth/margins; terminal reinvestment at mature returns.,"Call flips if the model MoS crosses the band edges (±10–15pp), if quality legs deteriorate, or on a data-confidence downgrade.",,Dir-agree-magnitude-off,threshold/judgment difference (<0.30 gap)
NAUKRI,AVOID,-0.5705151296240935,high,31.1,Justified,,street consensus +9%,model reads the price 57% above fair value; thin 5% returns on equity,Rests on: sector-derived discount rate (CONSUMER); statement-derived growth/margins; terminal reinvestment at mature returns.,"Call flips if the model MoS crosses the band edges (±10–15pp), if quality legs deteriorate, or on a data-confidence downgrade.",,Engine-should-have-abstained,uncomparable
HARSHA,AVOID,-0.5711963759966467,medium,55.2,Justified,,—,model reads the price 57% above fair value,Rests on: sector-derived discount rate (MANUFACTURING); statement-derived growth/margins; terminal reinvestment at mature returns.,"Call flips if the model MoS crosses the band edges (±10–15pp), if quality legs deteriorate, or on a data-confidence downgrade.",,Agree,
MAXHEALTH,AVOID,-0.5712569614314965,high,50.2,Justified,,street consensus +8%,model reads the price 57% above fair value; 73x earnings vs sector-normal 30x,Rests on: sector-derived discount rate (PHARMA); statement-derived growth/margins; terminal reinvestment at mature returns.,"Call flips if the model MoS crosses the band edges (±10–15pp), if quality legs deteriorate, or on a data-confidence downgrade.",,Engine-should-have-abstained,threshold/judgment difference (<0.30 gap)
ASTRAL,AVOID,-0.5713914057843247,high,49.0,Justified,,street consensus +24%,model reads the price 57% above fair value; 69x earnings vs sector-normal 32x,Rests on: sector-derived discount rate (CAPITAL_GOODS); statement-derived growth/margins; terminal reinvestment at mature returns.,"Call flips if the model MoS crosses the band edges (±10–15pp), if quality legs deteriorate, or on a data-confidence downgrade.",,Engine-should-have-abstained,threshold/judgment difference (<0.30 gap)
UCOBANK,AVOID,-0.5717275858165086,high,53.2,Justified,,trades 12x vs sector-normal 16x,model reads the price 57% above fair value; thin 8% returns on equity,Rests on: sector-derived discount rate (BANK); statement-derived growth/margins; terminal book-multiple economics.,"Call flips if the model MoS crosses the band edges (±10–15pp), if quality legs deteriorate, or on a data-confidence downgrade.",,Dir-agree-magnitude-off,threshold/judgment difference (<0.30 gap)
RATNAMANI,AVOID,-0.572358662223993,medium,37.1,Justified,,street consensus +6%,model reads the price 57% above fair value; 38x earnings vs sector-normal 28x,Rests on: sector-derived discount rate (MANUFACTURING); statement-derived growth/margins; terminal reinvestment at mature returns.,"Call flips if the model MoS crosses the band edges (±10–15pp), if quality legs deteriorate, or on a data-confidence downgrade.",,Agree,
COCHINSHIP,AVOID,-0.572567760697393,high,42.7,Justified,,street consensus +12%,model reads the price 57% above fair value; 52x earnings vs sector-normal 32x,Rests on: sector-derived discount rate (CAPITAL_GOODS); statement-derived growth/margins; terminal reinvestment at mature returns.,"Call flips if the model MoS crosses the band edges (±10–15pp), if quality legs deteriorate, or on a data-confidence downgrade.",,Dir-agree-magnitude-off,threshold/judgment difference (<0.30 gap)
BOROLTD,AVOID,-0.5734993544567751,medium,36.6,Justified,,street consensus +8%,model reads the price 57% above fair value; 38x earnings vs sector-normal 28x; thin 8% returns on equity,Rests on: sector-derived discount rate (MANUFACTURING); statement-derived growth/margins; terminal reinvestment at mature returns.,"Call flips if the model MoS crosses the band edges (±10–15pp), if quality legs deteriorate, or on a data-confidence downgrade.",,Dir-agree-magnitude-off,threshold/judgment difference (<0.30 gap)
SRF,AVOID,-0.5752167808920026,high,43.4,Justified,,—,model reads the price 58% above fair value; 46x earnings vs sector-normal 26x,Rests on: sector-derived discount rate (CHEMICALS); statement-derived growth/margins; terminal reinvestment at mature returns.,"Call flips if the model MoS crosses the band edges (±10–15pp), if quality legs deteriorate, or on a data-confidence downgrade.",,Agree,
TIMKEN,AVOID,-0.5783081975473413,high,59.5,Justified,,street consensus +23%,model reads the price 58% above fair value; 57x earnings vs sector-normal 32x,Rests on: sector-derived discount rate (CAPITAL_GOODS); statement-derived growth/margins; terminal reinvestment at mature returns.,"Call flips if the model MoS crosses the band edges (±10–15pp), if quality legs deteriorate, or on a data-confidence downgrade.",,Agree,
TVSSCS,AVOID,-0.5822096512192232,medium,38.8,Justified,,street consensus +15%,model reads the price 58% above fair value; 52x earnings vs sector-normal 28x; thin 6% returns on equity,Rests on: sector-derived discount rate (MANUFACTURING); statement-derived growth/margins; terminal reinvestment at mature returns.,"Call flips if the model MoS crosses the band edges (±10–15pp), if quality legs deteriorate, or on a data-confidence downgrade.",,Dir-agree-magnitude-off,threshold/judgment difference (<0.30 gap)
STAR,AVOID,-0.5881407926246006,medium,60.2,Justified,,returns on equity of 15% evidence a real franchise; street consensus +6%,model reads the price 59% above fair value; 66x earnings vs sector-normal 32x,Rests on: sector-derived discount rate (CAPITAL_GOODS); statement-derived growth/margins; terminal reinvestment at mature returns.,"Call flips if the model MoS crosses the band edges (±10–15pp), if quality legs deteriorate, or on a data-confidence downgrade.",,Engine-should-have-abstained,threshold/judgment difference (<0.30 gap)
FOSECOIND,AVOID,-0.5893523538563533,medium,36.4,Justified,,—,model reads the price 59% above fair value; 53x earnings vs sector-normal 26x; thin 7% returns on equity,Rests on: sector-derived discount rate (CHEMICALS); statement-derived growth/margins; terminal reinvestment at mature returns.,"Call flips if the model MoS crosses the band edges (±10–15pp), if quality legs deteriorate, or on a data-confidence downgrade.",,Dir-agree-magnitude-off,threshold/judgment difference (<0.30 gap)
UNIMECH,AVOID,-0.5897245423822697,medium,28.0,Justified,,—,model reads the price 59% above fair value; 102x earnings vs sector-normal 34x; thin 9% returns on equity,Rests on: sector-derived discount rate (DEFENCE); statement-derived growth/margins; terminal reinvestment at mature returns.,"Call flips if the model MoS crosses the band edges (±10–15pp), if quality legs deteriorate, or on a data-confidence downgrade.",,Dir-agree-magnitude-off,engine-rich: exit-multiple/sector-P-E leg inflation (VAL-01 family)
FORTIS,AVOID,-0.5953409546093482,high,56.8,Justified,,street consensus +16%,model reads the price 60% above fair value; 69x earnings vs sector-normal 30x,Rests on: sector-derived discount rate (PHARMA); statement-derived growth/margins; terminal reinvestment at mature returns.,"Call flips if the model MoS crosses the band edges (±10–15pp), if quality legs deteriorate, or on a data-confidence downgrade.",,Engine-should-have-abstained,threshold/judgment difference (<0.30 gap)
HUBTOWN,AVOID,-0.5986031627073264,medium,27.2,Justified,,—,model reads the price 60% above fair value; thin 6% returns on equity,Rests on: sector-derived discount rate (CONSTRUCTION); statement-derived growth/margins; terminal reinvestment at mature returns.,"Call flips if the model MoS crosses the band edges (±10–15pp), if quality legs deteriorate, or on a data-confidence downgrade.",,Agree,
VARROC,AVOID,-0.6088255924340243,medium,46.5,Weakly-justified,prices a -61% collapse without a distress story in the data,TENSION: prices a -61% collapse without a distress story in the data,model reads the price 61% above fair value; 44x earnings vs sector-normal 24x,Rests on: sector-derived discount rate (AUTO); statement-derived growth/margins; terminal reinvestment at mature returns.,"Call flips if the model MoS crosses the band edges (±10–15pp), if quality legs deteriorate, or on a data-confidence downgrade.",,Dir-agree-magnitude-off,threshold/judgment difference (<0.30 gap)
MHRIL,AVOID,-0.6113987300979109,medium,42.4,Unjustifiable,street sees +55% upside vs the avoid | prices a -61% collapse without a distress story in the data,street consensus +55%; TENSION: street sees +55% upside vs the avoid; TENSION: prices a -61% collapse without a distress story in the data,model reads the price 61% above fair value; 65x earnings vs sector-normal 28x; thin 9% returns on equity,Rests on: sector-derived discount rate (MANUFACTURING); statement-derived growth/margins; terminal reinvestment at mature returns.,"Call flips if the model MoS crosses the band edges (±10–15pp), if quality legs deteriorate, or on a data-confidence downgrade.",,Dir-agree-magnitude-off,threshold/judgment difference (<0.30 gap)
KRT,AVOID,-0.6142278610324028,medium,47.4,Weakly-justified,prices a -61% collapse without a distress story in the data,TENSION: prices a -61% collapse without a distress story in the data,model reads the price 61% above fair value; 231x earnings vs sector-normal 28x,Rests on: sector-derived discount rate (MANUFACTURING); statement-derived growth/margins; terminal reinvestment at mature returns.,"Call flips if the model MoS crosses the band edges (±10–15pp), if quality legs deteriorate, or on a data-confidence downgrade.",,Dir-agree-magnitude-off,engine-rich: exit-multiple/sector-P-E leg inflation (VAL-01 family)
ASAHIINDIA,AVOID,-0.6149771939389224,high,49.9,Weakly-justified,prices a -61% collapse without a distress story in the data,street consensus +19%; TENSION: prices a -61% collapse without a distress story in the data,model reads the price 61% above fair value; 64x earnings vs sector-normal 24x; thin 9% returns on equity,Rests on: sector-derived discount rate (AUTO); statement-derived growth/margins; terminal reinvestment at mature returns.,"Call flips if the model MoS crosses the band edges (±10–15pp), if quality legs deteriorate, or on a data-confidence downgrade.",,Dir-agree-magnitude-off,threshold/judgment difference (<0.30 gap)
VTL,AVOID,-0.6158710088434085,high,46.8,Weakly-justified,prices a -62% collapse without a distress story in the data,TENSION: prices a -62% collapse without a distress story in the data,model reads the price 62% above fair value; 24x earnings vs sector-normal 13x; thin 7% returns on equity; street -13%,Rests on: sector-derived discount rate (TEXTILES); statement-derived growth/margins; terminal reinvestment at mature returns.,"Call flips if the model MoS crosses the band edges (±10–15pp), if quality legs deteriorate, or on a data-confidence downgrade.",,Agree,
DLF,AVOID,-0.6179408675762976,high,45.8,Unjustifiable,street sees +27% upside vs the avoid | prices a -62% collapse without a distress story in the data,street consensus +27%; TENSION: street sees +27% upside vs the avoid; TENSION: prices a -62% collapse without a distress story in the data,model reads the price 62% above fair value; 36x earnings vs sector-normal 20x; thin 6% returns on equity,Rests on: sector-derived discount rate (REALTY); statement-derived growth/margins; terminal reinvestment at mature returns.,"Call flips if the model MoS crosses the band edges (±10–15pp), if quality legs deteriorate, or on a data-confidence downgrade.",,Dir-agree-magnitude-off,threshold/judgment difference (<0.30 gap)
SBFC,AVOID,-0.6213887925662172,high,47.7,Unjustifiable,street sees +40% upside vs the avoid | prices a -62% collapse without a distress story in the data,street consensus +40%; TENSION: street sees +40% upside vs the avoid; TENSION: prices a -62% collapse without a distress story in the data,model reads the price 62% above fair value,Rests on: sector-derived discount rate (NBFC); statement-derived growth/margins; terminal book-multiple economics.,"Call flips if the model MoS crosses the band edges (±10–15pp), if quality legs deteriorate, or on a data-confidence downgrade.",,Agree,
AUBANK,AVOID,-0.6233532427933399,high,63.3,Weakly-justified,prices a -62% collapse without a distress story in the data,street consensus +6%; TENSION: prices a -62% collapse without a distress story in the data,model reads the price 62% above fair value; 29x earnings vs sector-normal 16x,Rests on: sector-derived discount rate (BANK); statement-derived growth/margins; terminal book-multiple economics.,"Call flips if the model MoS crosses the band edges (±10–15pp), if quality legs deteriorate, or on a data-confidence downgrade.",,Agree,
AMBER,AVOID,-0.6297626530197976,high,28.8,Weakly-justified,prices a -63% collapse without a distress story in the data,street consensus +7%; TENSION: prices a -63% collapse without a distress story in the data,model reads the price 63% above fair value; 155x earnings vs sector-normal 38x; thin 5% returns on equity,Rests on: sector-derived discount rate (CONSUMER_DISC); statement-derived growth/margins; terminal reinvestment at mature returns.,"Call flips if the model MoS crosses the band edges (±10–15pp), if quality legs deteriorate, or on a data-confidence downgrade.",,Dir-agree-magnitude-off,threshold/judgment difference (<0.30 gap)
JMFINANCIL,AVOID,-0.6359730060441273,high,42.1,Unjustifiable,street sees +29% upside vs the avoid | prices a -64% collapse without a distress story in the data,trades 10x vs sector-normal 18x; street consensus +29%; TENSION: street sees +29% upside vs the avoid; TENSION: prices a -64% collapse without a distress story in the data,model reads the price 64% above fair value,Rests on: sector-derived discount rate (NBFC); statement-derived growth/margins; terminal book-multiple economics.,"Call flips if the model MoS crosses the band edges (±10–15pp), if quality legs deteriorate, or on a data-confidence downgrade.",,Adjacent,
MIDWESTLTD,AVOID,-0.6367801467991647,medium,37.9,Weakly-justified,prices a -64% collapse without a distress story in the data,TENSION: prices a -64% collapse without a distress story in the data,model reads the price 64% above fair value; 44x earnings vs sector-normal 24x,Rests on: sector-derived discount rate (CEMENT); statement-derived growth/margins; terminal reinvestment at mature returns.,"Call flips if the model MoS crosses the band edges (±10–15pp), if quality legs deteriorate, or on a data-confidence downgrade.",,Agree,
BLISSGVS,AVOID,-0.6385169311235902,medium,48.3,Weakly-justified,prices a -64% collapse without a distress story in the data,TENSION: prices a -64% collapse without a distress story in the data,model reads the price 64% above fair value; 40x earnings vs sector-normal 25x,Rests on: sector-derived discount rate (IT_SERVICES); statement-derived growth/margins; terminal reinvestment at mature returns.,"Call flips if the model MoS crosses the band edges (±10–15pp), if quality legs deteriorate, or on a data-confidence downgrade.",,Agree,
RESPONIND,AVOID,-0.6410390625655564,medium,25.9,Weakly-justified,prices a -64% collapse without a distress story in the data,TENSION: prices a -64% collapse without a distress story in the data,model reads the price 64% above fair value; 39x earnings vs sector-normal 28x; thin 10% returns on equity,Rests on: sector-derived discount rate (MANUFACTURING); statement-derived growth/margins; terminal reinvestment at mature returns.,"Call flips if the model MoS crosses the band edges (±10–15pp), if quality legs deteriorate, or on a data-confidence downgrade.",,Agree,
PAISALO,AVOID,-0.6417255794168005,medium,49.1,Weakly-justified,prices a -64% collapse without a distress story in the data,TENSION: prices a -64% collapse without a distress story in the data,model reads the price 64% above fair value; 29x earnings vs sector-normal 18x,Rests on: sector-derived discount rate (NBFC); statement-derived growth/margins; terminal book-multiple economics.,"Call flips if the model MoS crosses the band edges (±10–15pp), if quality legs deteriorate, or on a data-confidence downgrade.",,Agree,
STARHEALTH,AVOID,-0.6428649963981496,medium,52.5,Weakly-justified,prices a -64% collapse without a distress story in the data,TENSION: prices a -64% collapse without a distress story in the data,model reads the price 64% above fair value; 309x earnings vs sector-normal 24x; thin 1% returns on equity,Rests on: sector-derived discount rate (INSURANCE); statement-derived growth/margins; terminal book-multiple economics.,"Call flips if the model MoS crosses the band edges (±10–15pp), if quality legs deteriorate, or on a data-confidence downgrade.",,Dir-agree-magnitude-off,threshold/judgment difference (<0.30 gap)
SGMART,AVOID,-0.6434592486665858,medium,45.8,Weakly-justified,prices a -64% collapse without a distress story in the data,TENSION: prices a -64% collapse without a distress story in the data,model reads the price 64% above fair value; 71x earnings vs sector-normal 15x; thin 7% returns on equity,Rests on: sector-derived discount rate (UTILITIES); statement-derived growth/margins; terminal reinvestment at mature returns.,"Call flips if the model MoS crosses the band edges (±10–15pp), if quality legs deteriorate, or on a data-confidence downgrade.",,Dir-agree-magnitude-off,threshold/judgment difference (<0.30 gap)
HAPPYFORGE,AVOID,-0.6439432226791884,medium,54.6,Weakly-justified,prices a -64% collapse without a distress story in the data,TENSION: prices a -64% collapse without a distress story in the data,model reads the price 64% above fair value; 49x earnings vs sector-normal 24x; street -27%,Rests on: sector-derived discount rate (AUTO); statement-derived growth/margins; terminal reinvestment at mature returns.,"Call flips if the model MoS crosses the band edges (±10–15pp), if quality legs deteriorate, or on a data-confidence downgrade.",,Agree,
WELSPUNLIV,AVOID,-0.6459166241114243,high,39.9,Weakly-justified,prices a -65% collapse without a distress story in the data,TENSION: prices a -65% collapse without a distress story in the data,model reads the price 65% above fair value; 75x earnings vs sector-normal 13x; thin 4% returns on equity,Rests on: sector-derived discount rate (TEXTILES); statement-derived growth/margins; terminal reinvestment at mature returns.,"Call flips if the model MoS crosses the band edges (±10–15pp), if quality legs deteriorate, or on a data-confidence downgrade.",,Dir-agree-magnitude-off,threshold/judgment difference (<0.30 gap)
CARBORUNIV,AVOID,-0.6475658776824285,high,44.3,Weakly-justified,prices a -65% collapse without a distress story in the data,TENSION: prices a -65% collapse without a distress story in the data,model reads the price 65% above fair value; 102x earnings vs sector-normal 32x; thin 4% returns on equity; street -8%,Rests on: sector-derived discount rate (CAPITAL_GOODS); statement-derived growth/margins; terminal reinvestment at mature returns.,"Call flips if the model MoS crosses the band edges (±10–15pp), if quality legs deteriorate, or on a data-confidence downgrade.",,Dir-agree-magnitude-off,threshold/judgment difference (<0.30 gap)
PGEL,AVOID,-0.6492741876778698,high,15.8,Weakly-justified,prices a -65% collapse without a distress story in the data,TENSION: prices a -65% collapse without a distress story in the data,model reads the price 65% above fair value; 90x earnings vs sector-normal 38x; thin 6% returns on equity,Rests on: sector-derived discount rate (CONSUMER_DISC); statement-derived growth/margins; terminal reinvestment at mature returns.,"Call flips if the model MoS crosses the band edges (±10–15pp), if quality legs deteriorate, or on a data-confidence downgrade.",,Engine-should-have-abstained,threshold/judgment difference (<0.30 gap)
THERMAX,AVOID,-0.6562623586714014,high,53.9,Weakly-justified,prices a -66% collapse without a distress story in the data,TENSION: prices a -66% collapse without a distress story in the data,model reads the price 66% above fair value; 73x earnings vs sector-normal 32x; street -7%,Rests on: sector-derived discount rate (CAPITAL_GOODS); statement-derived growth/margins; terminal reinvestment at mature returns.,"Call flips if the model MoS crosses the band edges (±10–15pp), if quality legs deteriorate, or on a data-confidence downgrade.",,Agree,
EMBASSY,AVOID,-0.6601682896117645,medium,45.4,Weakly-justified,prices a -66% collapse without a distress story in the data,street consensus +7%; TENSION: prices a -66% collapse without a distress story in the data,model reads the price 66% above fair value; 46x earnings vs sector-normal 20x; thin 4% returns on equity,Rests on: sector-derived discount rate (REALTY); statement-derived growth/margins; terminal reinvestment at mature returns.,"Call flips if the model MoS crosses the band edges (±10–15pp), if quality legs deteriorate, or on a data-confidence downgrade.",,Disagree,engine-bearish: trough extrapolation + AVOID asymmetry (VAL-10)
TRIDENT,AVOID,-0.660741278246032,high,45.2,Weakly-justified,prices a -66% collapse without a distress story in the data,street consensus +16%; TENSION: prices a -66% collapse without a distress story in the data,model reads the price 66% above fair value; 34x earnings vs sector-normal 13x; thin 8% returns on equity,Rests on: sector-derived discount rate (TEXTILES); statement-derived growth/margins; terminal reinvestment at mature returns.,"Call flips if the model MoS crosses the band edges (±10–15pp), if quality legs deteriorate, or on a data-confidence downgrade.",,Agree,
CGCL,AVOID,-0.6609227946867773,high,56.3,Weakly-justified,prices a -66% collapse without a distress story in the data,TENSION: prices a -66% collapse without a distress story in the data,model reads the price 66% above fair value; 25x earnings vs sector-normal 18x; street -10%,Rests on: sector-derived discount rate (NBFC); statement-derived growth/margins; terminal book-multiple economics.,"Call flips if the model MoS crosses the band edges (±10–15pp), if quality legs deteriorate, or on a data-confidence downgrade.",,Agree,
JSFB,AVOID,-0.6610258090547291,medium,42.7,Weakly-justified,prices a -66% collapse without a distress story in the data,TENSION: prices a -66% collapse without a distress story in the data,model reads the price 66% above fair value; thin 7% returns on equity,Rests on: sector-derived discount rate (BANK); statement-derived growth/margins; terminal book-multiple economics.,"Call flips if the model MoS crosses the band edges (±10–15pp), if quality legs deteriorate, or on a data-confidence downgrade.",,Agree,
BALAMINES,AVOID,-0.6648546098990264,medium,42.5,Weakly-justified,prices a -66% collapse without a distress story in the data,TENSION: prices a -66% collapse without a distress story in the data,model reads the price 66% above fair value; 45x earnings vs sector-normal 26x; thin 9% returns on equity; street -15%,Rests on: sector-derived discount rate (CHEMICALS); statement-derived growth/margins; terminal reinvestment at mature returns.,"Call flips if the model MoS crosses the band edges (±10–15pp), if quality legs deteriorate, or on a data-confidence downgrade.",,Agree,
SAIL,AVOID,-0.6657703152392087,high,59.4,Weakly-justified,prices a -67% collapse without a distress story in the data,street consensus +9%; TENSION: prices a -67% collapse without a distress story in the data,model reads the price 67% above fair value; 20x earnings vs sector-normal 11x; thin 6% returns on equity,Rests on: sector-derived discount rate (METAL); statement-derived growth/margins; terminal reinvestment at mature returns.,"Call flips if the model MoS crosses the band edges (±10–15pp), if quality legs deteriorate, or on a data-confidence downgrade.",,Agree,
EXIDEIND,AVOID,-0.6660953190945039,high,38.7,Weakly-justified,prices a -67% collapse without a distress story in the data,TENSION: prices a -67% collapse without a distress story in the data,model reads the price 67% above fair value; 43x earnings vs sector-normal 24x; thin 6% returns on equity; street -14%,Rests on: sector-derived discount rate (AUTO); statement-derived growth/margins; terminal reinvestment at mature returns.,"Call flips if the model MoS crosses the band edges (±10–15pp), if quality legs deteriorate, or on a data-confidence downgrade.",,Agree,
RELAXO,AVOID,-0.6727631642986367,medium,27.7,Weakly-justified,prices a -67% collapse without a distress story in the data,TENSION: prices a -67% collapse without a distress story in the data,model reads the price 67% above fair value; 61x earnings vs sector-normal 38x; thin 8% returns on equity; street -12%,Rests on: sector-derived discount rate (CONSUMER_DISC); statement-derived growth/margins; terminal reinvestment at mature returns.,"Call flips if the model MoS crosses the band edges (±10–15pp), if quality legs deteriorate, or on a data-confidence downgrade.",,Agree,
ARVIND,AVOID,-0.6740664253642094,medium,55.0,Weakly-justified,prices a -67% collapse without a distress story in the data,street consensus +11%; TENSION: prices a -67% collapse without a distress story in the data,model reads the price 67% above fair value; 34x earnings vs sector-normal 13x,Rests on: sector-derived discount rate (TEXTILES); statement-derived growth/margins; terminal reinvestment at mature returns.,"Call flips if the model MoS crosses the band edges (±10–15pp), if quality legs deteriorate, or on a data-confidence downgrade.",,Agree,
JUBLINGREA,AVOID,-0.6796630580804527,high,38.8,Unjustifiable,street sees +27% upside vs the avoid | prices a -68% collapse without a distress story in the data,street consensus +27%; TENSION: street sees +27% upside vs the avoid; TENSION: prices a -68% collapse without a distress story in the data,model reads the price 68% above fair value; 42x earnings vs sector-normal 26x; thin 9% returns on equity,Rests on: sector-derived discount rate (CHEMICALS); statement-derived growth/margins; terminal reinvestment at mature returns.,"Call flips if the model MoS crosses the band edges (±10–15pp), if quality legs deteriorate, or on a data-confidence downgrade.",,Agree,
GARFIBRES,AVOID,-0.6797476495852768,medium,42.2,Weakly-justified,prices a -68% collapse without a distress story in the data,returns on equity of 16% evidence a real franchise; TENSION: prices a -68% collapse without a distress story in the data,model reads the price 68% above fair value; 36x earnings vs sector-normal 13x,Rests on: sector-derived discount rate (TEXTILES); statement-derived growth/margins; terminal reinvestment at mature returns.,"Call flips if the model MoS crosses the band edges (±10–15pp), if quality legs deteriorate, or on a data-confidence downgrade.",,Agree,
DATAPATTNS,AVOID,-0.679887326424208,high,50.3,Weakly-justified,prices a -68% collapse without a distress story in the data,returns on equity of 16% evidence a real franchise; TENSION: prices a -68% collapse without a distress story in the data,model reads the price 68% above fair value; 84x earnings vs sector-normal 32x,Rests on: sector-derived discount rate (CAPITAL_GOODS); statement-derived growth/margins; terminal reinvestment at mature returns.,"Call flips if the model MoS crosses the band edges (±10–15pp), if quality legs deteriorate, or on a data-confidence downgrade.",,Agree,
IOLCP,AVOID,-0.6800299017588257,medium,50.2,Weakly-justified,prices a -68% collapse without a distress story in the data,TENSION: prices a -68% collapse without a distress story in the data,model reads the price 68% above fair value; thin 8% returns on equity,Rests on: sector-derived discount rate (CHEMICALS); statement-derived growth/margins; terminal reinvestment at mature returns.,"Call flips if the model MoS crosses the band edges (±10–15pp), if quality legs deteriorate, or on a data-confidence downgrade.",,Agree,
WELENT,AVOID,-0.6801561354871585,medium,44.3,Weakly-justified,prices a -68% collapse without a distress story in the data,TENSION: prices a -68% collapse without a distress story in the data,model reads the price 68% above fair value; 58x earnings vs sector-normal 15x; street -19%,Rests on: sector-derived discount rate (CONSTRUCTION); statement-derived growth/margins; terminal reinvestment at mature returns.,"Call flips if the model MoS crosses the band edges (±10–15pp), if quality legs deteriorate, or on a data-confidence downgrade.",,Agree,
BAJAJHFL,AVOID,-0.6959245533336218,high,47.8,Weakly-justified,prices a -70% collapse without a distress story in the data,TENSION: prices a -70% collapse without a distress story in the data,model reads the price 70% above fair value; 28x earnings vs sector-normal 18x,Rests on: sector-derived discount rate (NBFC); statement-derived growth/margins; terminal book-multiple economics.,"Call flips if the model MoS crosses the band edges (±10–15pp), if quality legs deteriorate, or on a data-confidence downgrade.",,Agree,
SHADOWFAX,AVOID,-0.6985211690229138,medium,20.7,Weakly-justified,prices a -70% collapse without a distress story in the data,TENSION: prices a -70% collapse without a distress story in the data,model reads the price 70% above fair value; 100x earnings vs sector-normal 26x; thin 6% returns on equity,Rests on: sector-derived discount rate (LOGISTICS); statement-derived growth/margins; terminal reinvestment at mature returns.,"Call flips if the model MoS crosses the band edges (±10–15pp), if quality legs deteriorate, or on a data-confidence downgrade.",,Dir-agree-magnitude-off,threshold/judgment difference (<0.30 gap)
SONACOMS,AVOID,-0.7007084805354908,high,52.7,Weakly-justified,prices a -70% collapse without a distress story in the data,TENSION: prices a -70% collapse without a distress story in the data,model reads the price 70% above fair value; 68x earnings vs sector-normal 24x,Rests on: sector-derived discount rate (AUTO); statement-derived growth/margins; terminal reinvestment at mature returns.,"Call flips if the model MoS crosses the band edges (±10–15pp), if quality legs deteriorate, or on a data-confidence downgrade.",,Agree,
UBL,AVOID,-0.7019211558080176,high,34.8,Weakly-justified,prices a -70% collapse without a distress story in the data,street consensus +13%; TENSION: prices a -70% collapse without a distress story in the data,model reads the price 70% above fair value; 86x earnings vs sector-normal 42x; thin 9% returns on equity,Rests on: sector-derived discount rate (CONSUMER); statement-derived growth/margins; terminal reinvestment at mature returns.,"Call flips if the model MoS crosses the band edges (±10–15pp), if quality legs deteriorate, or on a data-confidence downgrade.",,Agree,
ZENTEC,AVOID,-0.7022796839237069,high,40.9,Weakly-justified,prices a -70% collapse without a distress story in the data,TENSION: prices a -70% collapse without a distress story in the data,model reads the price 70% above fair value; 82x earnings vs sector-normal 32x,Rests on: sector-derived discount rate (CAPITAL_GOODS); statement-derived growth/margins; terminal reinvestment at mature returns.,"Call flips if the model MoS crosses the band edges (±10–15pp), if quality legs deteriorate, or on a data-confidence downgrade.",,Agree,
JINDALSTEL,AVOID,-0.7043777433313895,high,61.6,Weakly-justified,prices a -70% collapse without a distress story in the data,street consensus +24%; TENSION: prices a -70% collapse without a distress story in the data,model reads the price 70% above fair value; 31x earnings vs sector-normal 11x; thin 7% returns on equity,Rests on: sector-derived discount rate (METAL); statement-derived growth/margins; terminal reinvestment at mature returns.,"Call flips if the model MoS crosses the band edges (±10–15pp), if quality legs deteriorate, or on a data-confidence downgrade.",,Agree,
ALKYLAMINE,AVOID,-0.7056735503936299,medium,37.2,Weakly-justified,prices a -71% collapse without a distress story in the data,TENSION: prices a -71% collapse without a distress story in the data,model reads the price 71% above fair value; 52x earnings vs sector-normal 26x,Rests on: sector-derived discount rate (CHEMICALS); statement-derived growth/margins; terminal reinvestment at mature returns.,"Call flips if the model MoS crosses the band edges (±10–15pp), if quality legs deteriorate, or on a data-confidence downgrade.",,Agree,
GANESHHOU,AVOID,-0.7073268445308872,medium,45.2,Weakly-justified,prices a -71% collapse without a distress story in the data,TENSION: prices a -71% collapse without a distress story in the data,model reads the price 71% above fair value; 22x earnings vs sector-normal 15x,Rests on: sector-derived discount rate (CONSTRUCTION); statement-derived growth/margins; terminal reinvestment at mature returns.,"Call flips if the model MoS crosses the band edges (±10–15pp), if quality legs deteriorate, or on a data-confidence downgrade.",,Agree,
JWL,AVOID,-0.7085176505168366,high,24.7,Weakly-justified,prices a -71% collapse without a distress story in the data,TENSION: prices a -71% collapse without a distress story in the data,model reads the price 71% above fair value; 63x earnings vs sector-normal 32x; thin 6% returns on equity,Rests on: sector-derived discount rate (CAPITAL_GOODS); statement-derived growth/margins; terminal reinvestment at mature returns.,"Call flips if the model MoS crosses the band edges (±10–15pp), if quality legs deteriorate, or on a data-confidence downgrade.",,Agree,
LTF,AVOID,-0.7086729463590636,high,58.1,Weakly-justified,prices a -71% collapse without a distress story in the data,street consensus +6%; TENSION: prices a -71% collapse without a distress story in the data,model reads the price 71% above fair value; 26x earnings vs sector-normal 18x,Rests on: sector-derived discount rate (NBFC); statement-derived growth/margins; terminal book-multiple economics.,"Call flips if the model MoS crosses the band edges (±10–15pp), if quality legs deteriorate, or on a data-confidence downgrade.",,Agree,
TIINDIA,AVOID,-0.7112564485457358,high,51.0,Weakly-justified,prices a -71% collapse without a distress story in the data,street consensus +14%; TENSION: prices a -71% collapse without a distress story in the data,model reads the price 71% above fair value; 88x earnings vs sector-normal 24x,Rests on: sector-derived discount rate (AUTO); statement-derived growth/margins; terminal reinvestment at mature returns.,"Call flips if the model MoS crosses the band edges (±10–15pp), if quality legs deteriorate, or on a data-confidence downgrade.",,Engine-should-have-abstained,threshold/judgment difference (<0.30 gap)
KMEW,AVOID,-0.7124175364874582,medium,49.5,Weakly-justified,prices a -71% collapse without a distress story in the data,TENSION: prices a -71% collapse without a distress story in the data,model reads the price 71% above fair value; 69x earnings vs sector-normal 26x,Rests on: sector-derived discount rate (LOGISTICS); statement-derived growth/margins; terminal reinvestment at mature returns.,"Call flips if the model MoS crosses the band edges (±10–15pp), if quality legs deteriorate, or on a data-confidence downgrade.",,Agree,
MOTILALOFS,AVOID,-0.7141039090917526,high,44.9,Weakly-justified,prices a -71% collapse without a distress story in the data,street consensus +15%; TENSION: prices a -71% collapse without a distress story in the data,model reads the price 71% above fair value; 32x earnings vs sector-normal 18x,Rests on: sector-derived discount rate (NBFC); statement-derived growth/margins; terminal book-multiple economics.,"Call flips if the model MoS crosses the band edges (±10–15pp), if quality legs deteriorate, or on a data-confidence downgrade.",,Agree,
HONASA,AVOID,-0.7162599038322003,high,53.3,Weakly-justified,prices a -72% collapse without a distress story in the data,TENSION: prices a -72% collapse without a distress story in the data,model reads the price 72% above fair value; 75x earnings vs sector-normal 42x; street -28%,Rests on: sector-derived discount rate (CONSUMER); statement-derived growth/margins; terminal reinvestment at mature returns.,"Call flips if the model MoS crosses the band edges (±10–15pp), if quality legs deteriorate, or on a data-confidence downgrade.",,Agree,
AXISCADES,AVOID,-0.717778739062921,medium,38.6,Weakly-justified,prices a -72% collapse without a distress story in the data,TENSION: prices a -72% collapse without a distress story in the data,model reads the price 72% above fair value; 92x earnings vs sector-normal 28x; thin 10% returns on equity,Rests on: sector-derived discount rate (MANUFACTURING); statement-derived growth/margins; terminal reinvestment at mature returns.,"Call flips if the model MoS crosses the band edges (±10–15pp), if quality legs deteriorate, or on a data-confidence downgrade.",,Agree,
CAPILLARY,AVOID,-0.7180225334045368,medium,23.4,Weakly-justified,prices a -72% collapse without a distress story in the data,TENSION: prices a -72% collapse without a distress story in the data,model reads the price 72% above fair value; 71x earnings vs sector-normal 25x; thin 5% returns on equity,Rests on: sector-derived discount rate (IT_SERVICES); statement-derived growth/margins; terminal reinvestment at mature returns.,"Call flips if the model MoS crosses the band edges (±10–15pp), if quality legs deteriorate, or on a data-confidence downgrade.",,Agree,
YESBANK,AVOID,-0.7182654409923479,high,52.3,Weakly-justified,prices a -72% collapse without a distress story in the data,TENSION: prices a -72% collapse without a distress story in the data,model reads the price 72% above fair value; 21x earnings vs sector-normal 16x; thin 7% returns on equity; street -20%,Rests on: sector-derived discount rate (BANK); statement-derived growth/margins; terminal book-multiple economics.,"Call flips if the model MoS crosses the band edges (±10–15pp), if quality legs deteriorate, or on a data-confidence downgrade.",,Agree,
EMUDHRA,AVOID,-0.7200917673014617,medium,48.2,Unjustifiable,street sees +123% upside vs the avoid | prices a -72% collapse without a distress story in the data,street consensus +123%; TENSION: street sees +123% upside vs the avoid; TENSION: prices a -72% collapse without a distress story in the data,model reads the price 72% above fair value; 34x earnings vs sector-normal 18x,Rests on: sector-derived discount rate (NBFC); statement-derived growth/margins; terminal book-multiple economics.,"Call flips if the model MoS crosses the band edges (±10–15pp), if quality legs deteriorate, or on a data-confidence downgrade.",,Agree,
AYE,AVOID,-0.7209869114845853,medium,39.6,Weakly-justified,prices a -72% collapse without a distress story in the data,TENSION: prices a -72% collapse without a distress story in the data,model reads the price 72% above fair value; thin 8% returns on equity,Rests on: sector-derived discount rate (NBFC); statement-derived growth/margins; terminal book-multiple economics.,"Call flips if the model MoS crosses the band edges (±10–15pp), if quality legs deteriorate, or on a data-confidence downgrade.",,Agree,
RVNL,AVOID,-0.7215959467908374,high,33.3,Weakly-justified,prices a -72% collapse without a distress story in the data,street consensus +10%; TENSION: prices a -72% collapse without a distress story in the data,model reads the price 72% above fair value; 54x earnings vs sector-normal 15x; thin 9% returns on equity,Rests on: sector-derived discount rate (CONSTRUCTION); statement-derived growth/margins; terminal reinvestment at mature returns.,"Call flips if the model MoS crosses the band edges (±10–15pp), if quality legs deteriorate, or on a data-confidence downgrade.",,Agree,
GOODLUCK,AVOID,-0.7233457209734814,medium,49.1,Weakly-justified,prices a -72% collapse without a distress story in the data,street consensus +8%; TENSION: prices a -72% collapse without a distress story in the data,model reads the price 72% above fair value; 27x earnings vs sector-normal 11x,Rests on: sector-derived discount rate (METAL); statement-derived growth/margins; terminal reinvestment at mature returns.,"Call flips if the model MoS crosses the band edges (±10–15pp), if quality legs deteriorate, or on a data-confidence downgrade.",,Agree,
SAILIFE,AVOID,-0.7261254439030111,high,49.6,Weakly-justified,prices a -73% collapse without a distress story in the data,TENSION: prices a -73% collapse without a distress story in the data,model reads the price 73% above fair value; 77x earnings vs sector-normal 30x; street -16%,Rests on: sector-derived discount rate (PHARMA); statement-derived growth/margins; terminal reinvestment at mature returns.,"Call flips if the model MoS crosses the band edges (±10–15pp), if quality legs deteriorate, or on a data-confidence downgrade.",,Engine-should-have-abstained,threshold/judgment difference (<0.30 gap)
ANUP,AVOID,-0.7261422427523211,medium,19.5,Weakly-justified,prices a -73% collapse without a distress story in the data,TENSION: prices a -73% collapse without a distress story in the data,model reads the price 73% above fair value; 143x earnings vs sector-normal 26x; thin 7% returns on equity; street -54%,Rests on: sector-derived discount rate (CHEMICALS); statement-derived growth/margins; terminal reinvestment at mature returns.,"Call flips if the model MoS crosses the band edges (±10–15pp), if quality legs deteriorate, or on a data-confidence downgrade.",,Dir-agree-magnitude-off,threshold/judgment difference (<0.30 gap)
KAYNES,AVOID,-0.7263773008440865,high,22.9,Unjustifiable,street sees +78% upside vs the avoid | prices a -73% collapse without a distress story in the data,street consensus +78%; TENSION: street sees +78% upside vs the avoid; TENSION: prices a -73% collapse without a distress story in the data,model reads the price 73% above fair value; 63x earnings vs sector-normal 32x; thin 8% returns on equity,Rests on: sector-derived discount rate (CAPITAL_GOODS); statement-derived growth/margins; terminal reinvestment at mature returns.,"Call flips if the model MoS crosses the band edges (±10–15pp), if quality legs deteriorate, or on a data-confidence downgrade.",,Agree,
ABDL,AVOID,-0.7264299384431815,high,54.2,Weakly-justified,prices a -73% collapse without a distress story in the data,street consensus +18%; TENSION: prices a -73% collapse without a distress story in the data,model reads the price 73% above fair value; 76x earnings vs sector-normal 42x,Rests on: sector-derived discount rate (CONSUMER); statement-derived growth/margins; terminal reinvestment at mature returns.,"Call flips if the model MoS crosses the band edges (±10–15pp), if quality legs deteriorate, or on a data-confidence downgrade.",,Engine-should-have-abstained,threshold/judgment difference (<0.30 gap)
TATACAP,AVOID,-0.7264709499021513,high,51.1,Weakly-justified,prices a -73% collapse without a distress story in the data,TENSION: prices a -73% collapse without a distress story in the data,model reads the price 73% above fair value; 30x earnings vs sector-normal 18x,Rests on: sector-derived discount rate (NBFC); statement-derived growth/margins; terminal book-multiple economics.,"Call flips if the model MoS crosses the band edges (±10–15pp), if quality legs deteriorate, or on a data-confidence downgrade.",,Agree,
KPRMILL,AVOID,-0.7279271200811651,high,35.7,Weakly-justified,prices a -73% collapse without a distress story in the data,returns on equity of 15% evidence a real franchise; TENSION: prices a -73% collapse without a distress story in the data,model reads the price 73% above fair value; 44x earnings vs sector-normal 13x,Rests on: sector-derived discount rate (TEXTILES); statement-derived growth/margins; terminal reinvestment at mature returns.,"Call flips if the model MoS crosses the band edges (±10–15pp), if quality legs deteriorate, or on a data-confidence downgrade.",,Agree,
CGPOWER,AVOID,-0.7280018991224718,high,51.9,Weakly-justified,prices a -73% collapse without a distress story in the data,returns on equity of 15% evidence a real franchise; TENSION: prices a -73% collapse without a distress story in the data,model reads the price 73% above fair value; 120x earnings vs sector-normal 32x; street -11%,Rests on: sector-derived discount rate (CAPITAL_GOODS); statement-derived growth/margins; terminal reinvestment at mature returns.,"Call flips if the model MoS crosses the band edges (±10–15pp), if quality legs deteriorate, or on a data-confidence downgrade.",,Agree,
DIVISLAB,AVOID,-0.7340558323319037,high,48.5,Weakly-justified,prices a -73% collapse without a distress story in the data,returns on equity of 15% evidence a real franchise; TENSION: prices a -73% collapse without a distress story in the data,model reads the price 73% above fair value; 75x earnings vs sector-normal 30x,Rests on: sector-derived discount rate (PHARMA); statement-derived growth/margins; terminal reinvestment at mature returns.,"Call flips if the model MoS crosses the band edges (±10–15pp), if quality legs deteriorate, or on a data-confidence downgrade.",,Engine-should-have-abstained,threshold/judgment difference (<0.30 gap)
OLECTRA,AVOID,-0.7399223132218841,high,44.5,Weakly-justified,prices a -74% collapse without a distress story in the data,TENSION: prices a -74% collapse without a distress story in the data,model reads the price 74% above fair value; 62x earnings vs sector-normal 24x,Rests on: sector-derived discount rate (AUTO); statement-derived growth/margins; terminal reinvestment at mature returns.,"Call flips if the model MoS crosses the band edges (±10–15pp), if quality legs deteriorate, or on a data-confidence downgrade.",,Agree,
BHARATFORG,AVOID,-0.7399496988063969,high,46.5,Weakly-justified,prices a -74% collapse without a distress story in the data,TENSION: prices a -74% collapse without a distress story in the data,model reads the price 74% above fair value; 97x earnings vs sector-normal 24x; street -14%,Rests on: sector-derived discount rate (AUTO); statement-derived growth/margins; terminal reinvestment at mature returns.,"Call flips if the model MoS crosses the band edges (±10–15pp), if quality legs deteriorate, or on a data-confidence downgrade.",,Agree,
PSB,AVOID,-0.7448785953639587,medium,47.4,Weakly-justified,prices a -74% collapse without a distress story in the data,TENSION: prices a -74% collapse without a distress story in the data,model reads the price 74% above fair value; thin 9% returns on equity,Rests on: sector-derived discount rate (BANK); statement-derived growth/margins; terminal book-multiple economics.,"Call flips if the model MoS crosses the band edges (±10–15pp), if quality legs deteriorate, or on a data-confidence downgrade.",,Dir-agree-magnitude-off,engine-bearish: terminal-ROE cap forbids premium book multiples (VAL-02-fin)
NATIONALUM,AVOID,-0.7451271535358004,high,52.7,Weakly-justified,prices a -75% collapse without a distress story in the data,street consensus +18%; TENSION: prices a -75% collapse without a distress story in the data,model reads the price 75% above fair value; 59x earnings vs sector-normal 11x; thin 5% returns on equity,Rests on: sector-derived discount rate (METAL); statement-derived growth/margins; terminal reinvestment at mature returns.,"Call flips if the model MoS crosses the band edges (±10–15pp), if quality legs deteriorate, or on a data-confidence downgrade.",,Agree,
ROSSTECH,AVOID,-0.7505141122495275,medium,45.1,Weakly-justified,prices a -75% collapse without a distress story in the data,TENSION: prices a -75% collapse without a distress story in the data,model reads the price 75% above fair value; 170x earnings vs sector-normal 28x,Rests on: sector-derived discount rate (MANUFACTURING); statement-derived growth/margins; terminal reinvestment at mature returns.,"Call flips if the model MoS crosses the band edges (±10–15pp), if quality legs deteriorate, or on a data-confidence downgrade.",,Agree,
JAIBALAJI,AVOID,-0.7513572641425331,medium,17.7,Weakly-justified,prices a -75% collapse without a distress story in the data,TENSION: prices a -75% collapse without a distress story in the data,model reads the price 75% above fair value; 45x earnings vs sector-normal 11x; thin 6% returns on equity,Rests on: sector-derived discount rate (METAL); statement-derived growth/margins; terminal reinvestment at mature returns.,"Call flips if the model MoS crosses the band edges (±10–15pp), if quality legs deteriorate, or on a data-confidence downgrade.",,Agree,
MUTHOOTMF,AVOID,-0.7527672988614236,medium,44.7,Weakly-justified,prices a -75% collapse without a distress story in the data,TENSION: prices a -75% collapse without a distress story in the data,model reads the price 75% above fair value; 24x earnings vs sector-normal 18x; thin 6% returns on equity; street -10%,Rests on: sector-derived discount rate (NBFC); statement-derived growth/margins; terminal book-multiple economics.,"Call flips if the model MoS crosses the band edges (±10–15pp), if quality legs deteriorate, or on a data-confidence downgrade.",,Agree,
AETHER,AVOID,-0.752996328815506,medium,39.7,Weakly-justified,prices a -75% collapse without a distress story in the data,TENSION: prices a -75% collapse without a distress story in the data,model reads the price 75% above fair value; 89x earnings vs sector-normal 26x; thin 9% returns on equity; street -29%,Rests on: sector-derived discount rate (CHEMICALS); statement-derived growth/margins; terminal reinvestment at mature returns.,"Call flips if the model MoS crosses the band edges (±10–15pp), if quality legs deteriorate, or on a data-confidence downgrade.",,Agree,
OMNI,AVOID,-0.7535137589136621,medium,32.3,Weakly-justified,prices a -75% collapse without a distress story in the data,TENSION: prices a -75% collapse without a distress story in the data,model reads the price 75% above fair value; 77x earnings vs sector-normal 15x,Rests on: sector-derived discount rate (CONSTRUCTION); statement-derived growth/margins; terminal reinvestment at mature returns.,"Call flips if the model MoS crosses the band edges (±10–15pp), if quality legs deteriorate, or on a data-confidence downgrade.",,Agree,
CREDITACC,AVOID,-0.7550255621954951,high,50.1,Weakly-justified,prices a -76% collapse without a distress story in the data,street consensus +14%; TENSION: prices a -76% collapse without a distress story in the data,model reads the price 76% above fair value; 30x earnings vs sector-normal 18x; thin 10% returns on equity,Rests on: sector-derived discount rate (NBFC); statement-derived growth/margins; terminal book-multiple economics.,"Call flips if the model MoS crosses the band edges (±10–15pp), if quality legs deteriorate, or on a data-confidence downgrade.",,Agree,
SANSERA,AVOID,-0.7560994198697283,medium,44.4,Weakly-justified,prices a -76% collapse without a distress story in the data,TENSION: prices a -76% collapse without a distress story in the data,model reads the price 76% above fair value; 62x earnings vs sector-normal 24x; street -49%,Rests on: sector-derived discount rate (AUTO); statement-derived growth/margins; terminal reinvestment at mature returns.,"Call flips if the model MoS crosses the band edges (±10–15pp), if quality legs deteriorate, or on a data-confidence downgrade.",,Agree,
SYRMA,AVOID,-0.7570676285953176,high,49.5,Weakly-justified,prices a -76% collapse without a distress story in the data,TENSION: prices a -76% collapse without a distress story in the data,model reads the price 76% above fair value; 80x earnings vs sector-normal 32x,Rests on: sector-derived discount rate (CAPITAL_GOODS); statement-derived growth/margins; terminal reinvestment at mature returns.,"Call flips if the model MoS crosses the band edges (±10–15pp), if quality legs deteriorate, or on a data-confidence downgrade.",,Agree,
RBLBANK,AVOID,-0.7583405619679888,high,52.2,Weakly-justified,prices a -76% collapse without a distress story in the data,TENSION: prices a -76% collapse without a distress story in the data,model reads the price 76% above fair value; 26x earnings vs sector-normal 16x; thin 5% returns on equity,Rests on: sector-derived discount rate (BANK); statement-derived growth/margins; terminal book-multiple economics.,"Call flips if the model MoS crosses the band edges (±10–15pp), if quality legs deteriorate, or on a data-confidence downgrade.",,Agree,
TATVA,AVOID,-0.7622070381418246,medium,29.0,Weakly-justified,prices a -76% collapse without a distress story in the data,TENSION: prices a -76% collapse without a distress story in the data,model reads the price 76% above fair value; 79x earnings vs sector-normal 26x; thin 5% returns on equity; street -17%,Rests on: sector-derived discount rate (CHEMICALS); statement-derived growth/margins; terminal reinvestment at mature returns.,"Call flips if the model MoS crosses the band edges (±10–15pp), if quality legs deteriorate, or on a data-confidence downgrade.",,Agree,
AEROFLEX,AVOID,-0.7633795226662611,medium,41.6,Weakly-justified,prices a -76% collapse without a distress story in the data,TENSION: prices a -76% collapse without a distress story in the data,model reads the price 76% above fair value; 94x earnings vs sector-normal 28x; street -42%,Rests on: sector-derived discount rate (MANUFACTURING); statement-derived growth/margins; terminal reinvestment at mature returns.,"Call flips if the model MoS crosses the band edges (±10–15pp), if quality legs deteriorate, or on a data-confidence downgrade.",,Agree,
TATAPOWER,AVOID,-0.7638810694548065,high,54.6,Weakly-justified,prices a -76% collapse without a distress story in the data,street consensus +11%; TENSION: prices a -76% collapse without a distress story in the data,model reads the price 76% above fair value; 32x earnings vs sector-normal 15x,Rests on: sector-derived discount rate (UTILITIES); statement-derived growth/margins; terminal reinvestment at mature returns.,"Call flips if the model MoS crosses the band edges (±10–15pp), if quality legs deteriorate, or on a data-confidence downgrade.",,Dir-agree-magnitude-off,engine-bearish: level bias (VAL-02 family)
IRCTC,AVOID,-0.7678805954480581,high,36.2,Unjustifiable,street sees +31% upside vs the avoid | prices a -77% collapse without a distress story in the data,street consensus +31%; TENSION: street sees +31% upside vs the avoid; TENSION: prices a -77% collapse without a distress story in the data,model reads the price 77% above fair value; 131x earnings vs sector-normal 42x; thin 7% returns on equity,Rests on: sector-derived discount rate (CONSUMER); statement-derived growth/margins; terminal reinvestment at mature returns.,"Call flips if the model MoS crosses the band edges (±10–15pp), if quality legs deteriorate, or on a data-confidence downgrade.",,Agree,
BANDHANBNK,AVOID,-0.7686134919487899,high,42.8,Weakly-justified,prices a -77% collapse without a distress story in the data,TENSION: prices a -77% collapse without a distress story in the data,model reads the price 77% above fair value; 28x earnings vs sector-normal 16x; thin 5% returns on equity; street -11%,Rests on: sector-derived discount rate (BANK); statement-derived growth/margins; terminal book-multiple economics.,"Call flips if the model MoS crosses the band edges (±10–15pp), if quality legs deteriorate, or on a data-confidence downgrade.",,Agree,
BORORENEW,AVOID,-0.7705569379649553,medium,38.6,Weakly-justified,prices a -77% collapse without a distress story in the data,TENSION: prices a -77% collapse without a distress story in the data,model reads the price 77% above fair value; 64x earnings vs sector-normal 28x; thin 8% returns on equity,Rests on: sector-derived discount rate (MANUFACTURING); statement-derived growth/margins; terminal reinvestment at mature returns.,"Call flips if the model MoS crosses the band edges (±10–15pp), if quality legs deteriorate, or on a data-confidence downgrade.",,Agree,
SOBHA,AVOID,-0.7778940306430285,high,37.9,Weakly-justified,prices a -78% collapse without a distress story in the data,street consensus +23%; TENSION: prices a -78% collapse without a distress story in the data,model reads the price 78% above fair value; 81x earnings vs sector-normal 20x; thin 4% returns on equity,Rests on: sector-derived discount rate (REALTY); statement-derived growth/margins; terminal reinvestment at mature returns.,"Call flips if the model MoS crosses the band edges (±10–15pp), if quality legs deteriorate, or on a data-confidence downgrade.",,Agree,
AVALON,AVOID,-0.778265606745553,medium,42.8,Weakly-justified,prices a -78% collapse without a distress story in the data,returns on equity of 16% evidence a real franchise; TENSION: prices a -78% collapse without a distress story in the data,model reads the price 78% above fair value; 102x earnings vs sector-normal 28x; street -41%,Rests on: sector-derived discount rate (MANUFACTURING); statement-derived growth/margins; terminal reinvestment at mature returns.,"Call flips if the model MoS crosses the band edges (±10–15pp), if quality legs deteriorate, or on a data-confidence downgrade.",,Engine-should-have-abstained,threshold/judgment difference (<0.30 gap)
BDL,AVOID,-0.7825917288387508,high,29.3,Weakly-justified,prices a -78% collapse without a distress story in the data,TENSION: prices a -78% collapse without a distress story in the data,model reads the price 78% above fair value; 110x earnings vs sector-normal 32x; thin 10% returns on equity,Rests on: sector-derived discount rate (CAPITAL_GOODS); statement-derived growth/margins; terminal reinvestment at mature returns.,"Call flips if the model MoS crosses the band edges (±10–15pp), if quality legs deteriorate, or on a data-confidence downgrade.",,Agree,
SGFIN,AVOID,-0.7881310189446832,medium,49.6,Weakly-justified,prices a -79% collapse without a distress story in the data,TENSION: prices a -79% collapse without a distress story in the data,model reads the price 79% above fair value; 28x earnings vs sector-normal 18x; thin 9% returns on equity,Rests on: sector-derived discount rate (NBFC); statement-derived growth/margins; terminal book-multiple economics.,"Call flips if the model MoS crosses the band edges (±10–15pp), if quality legs deteriorate, or on a data-confidence downgrade.",,Agree,
HEG,AVOID,-0.7887634790785981,high,35.8,Weakly-justified,prices a -79% collapse without a distress story in the data,street consensus +14%; TENSION: prices a -79% collapse without a distress story in the data,model reads the price 79% above fair value; thin 7% returns on equity,Rests on: sector-derived discount rate (CAPITAL_GOODS); statement-derived growth/margins; terminal reinvestment at mature returns.,"Call flips if the model MoS crosses the band edges (±10–15pp), if quality legs deteriorate, or on a data-confidence downgrade.",,Agree,
PIRAMALFIN,AVOID,-0.7908588466022901,high,36.1,Weakly-justified,prices a -79% collapse without a distress story in the data,TENSION: prices a -79% collapse without a distress story in the data,model reads the price 79% above fair value; 32x earnings vs sector-normal 18x; thin 5% returns on equity; street -34%,Rests on: sector-derived discount rate (NBFC); statement-derived growth/margins; terminal book-multiple economics.,"Call flips if the model MoS crosses the band edges (±10–15pp), if quality legs deteriorate, or on a data-confidence downgrade.",,Agree,
ADANIGREEN,AVOID,-0.7914162404206484,high,35.6,Weakly-justified,prices a -79% collapse without a distress story in the data,TENSION: prices a -79% collapse without a distress story in the data,model reads the price 79% above fair value; 153x earnings vs sector-normal 15x; thin 8% returns on equity; street -9%,Rests on: sector-derived discount rate (UTILITIES); statement-derived growth/margins; terminal reinvestment at mature returns.,"Call flips if the model MoS crosses the band edges (±10–15pp), if quality legs deteriorate, or on a data-confidence downgrade.",,Agree,
POKARNA,AVOID,-0.7921445151524604,medium,30.4,Weakly-justified,prices a -79% collapse without a distress story in the data,TENSION: prices a -79% collapse without a distress story in the data,model reads the price 79% above fair value; 38x earnings vs sector-normal 24x; thin 9% returns on equity,Rests on: sector-derived discount rate (CEMENT); statement-derived growth/margins; terminal reinvestment at mature returns.,"Call flips if the model MoS crosses the band edges (±10–15pp), if quality legs deteriorate, or on a data-confidence downgrade.",,Agree,
LMW,AVOID,-0.7927701378822943,medium,42.3,Weakly-justified,prices a -79% collapse without a distress story in the data,TENSION: prices a -79% collapse without a distress story in the data,model reads the price 79% above fair value; 131x earnings vs sector-normal 32x; thin 5% returns on equity; street -29%,Rests on: sector-derived discount rate (CAPITAL_GOODS); statement-derived growth/margins; terminal reinvestment at mature returns.,"Call flips if the model MoS crosses the band edges (±10–15pp), if quality legs deteriorate, or on a data-confidence downgrade.",,Agree,
ASTERDM,AVOID,-0.7935833163608534,high,47.8,Weakly-justified,prices a -79% collapse without a distress story in the data,TENSION: prices a -79% collapse without a distress story in the data,model reads the price 79% above fair value; 109x earnings vs sector-normal 30x; thin 9% returns on equity,Rests on: sector-derived discount rate (PHARMA); statement-derived growth/margins; terminal reinvestment at mature returns.,"Call flips if the model MoS crosses the band edges (±10–15pp), if quality legs deteriorate, or on a data-confidence downgrade.",,Agree,
KRN,AVOID,-0.796389044689003,medium,42.9,Weakly-justified,prices a -80% collapse without a distress story in the data,TENSION: prices a -80% collapse without a distress story in the data,model reads the price 80% above fair value; 102x earnings vs sector-normal 32x; street -16%,Rests on: sector-derived discount rate (CAPITAL_GOODS); statement-derived growth/margins; terminal reinvestment at mature returns.,"Call flips if the model MoS crosses the band edges (±10–15pp), if quality legs deteriorate, or on a data-confidence downgrade.",,Agree,
MANAPPURAM,AVOID,-0.8004781261292613,high,50.1,Weakly-justified,prices a -80% collapse without a distress story in the data,TENSION: prices a -80% collapse without a distress story in the data,model reads the price 80% above fair value; 28x earnings vs sector-normal 18x; thin 6% returns on equity,Rests on: sector-derived discount rate (NBFC); statement-derived growth/margins; terminal book-multiple economics.,"Call flips if the model MoS crosses the band edges (±10–15pp), if quality legs deteriorate, or on a data-confidence downgrade.",,Agree,
MOSCHIP,AVOID,-0.802174617391128,medium,32.8,Weakly-justified,prices a -80% collapse without a distress story in the data,TENSION: prices a -80% collapse without a distress story in the data,model reads the price 80% above fair value; 137x earnings vs sector-normal 28x; thin 9% returns on equity,Rests on: sector-derived discount rate (MANUFACTURING); statement-derived growth/margins; terminal reinvestment at mature returns.,"Call flips if the model MoS crosses the band edges (±10–15pp), if quality legs deteriorate, or on a data-confidence downgrade.",,Agree,
AMAGI,AVOID,-0.8027019603307788,medium,14.1,Weakly-justified,prices a -80% collapse without a distress story in the data,TENSION: prices a -80% collapse without a distress story in the data,model reads the price 80% above fair value; 165x earnings vs sector-normal 25x; thin 4% returns on equity,Rests on: sector-derived discount rate (IT_SERVICES); statement-derived growth/margins; terminal reinvestment at mature returns.,"Call flips if the model MoS crosses the band edges (±10–15pp), if quality legs deteriorate, or on a data-confidence downgrade.",,Agree,
ASTRAMICRO,AVOID,-0.8050745531893178,medium,51.0,Weakly-justified,prices a -81% collapse without a distress story in the data,TENSION: prices a -81% collapse without a distress story in the data,model reads the price 81% above fair value; 84x earnings vs sector-normal 34x; street -15%,Rests on: sector-derived discount rate (DEFENCE); statement-derived growth/margins; terminal reinvestment at mature returns.,"Call flips if the model MoS crosses the band edges (±10–15pp), if quality legs deteriorate, or on a data-confidence downgrade.",,Agree,
FLUOROCHEM,AVOID,-0.8118656983459046,high,36.6,Weakly-justified,prices a -81% collapse without a distress story in the data,TENSION: prices a -81% collapse without a distress story in the data,model reads the price 81% above fair value; 78x earnings vs sector-normal 26x; thin 7% returns on equity,Rests on: sector-derived discount rate (CHEMICALS); statement-derived growth/margins; terminal reinvestment at mature returns.,"Call flips if the model MoS crosses the band edges (±10–15pp), if quality legs deteriorate, or on a data-confidence downgrade.",,Agree,
OPTIEMUS,AVOID,-0.813078286465168,medium,20.7,Weakly-justified,prices a -81% collapse without a distress story in the data,TENSION: prices a -81% collapse without a distress story in the data,model reads the price 81% above fair value; 80x earnings vs sector-normal 25x; thin 8% returns on equity,Rests on: sector-derived discount rate (IT_SERVICES); statement-derived growth/margins; terminal reinvestment at mature returns.,"Call flips if the model MoS crosses the band edges (±10–15pp), if quality legs deteriorate, or on a data-confidence downgrade.",,Agree,
AZAD,AVOID,-0.8140530533976231,medium,39.4,Weakly-justified,prices a -81% collapse without a distress story in the data,TENSION: prices a -81% collapse without a distress story in the data,model reads the price 81% above fair value; 114x earnings vs sector-normal 32x; thin 9% returns on equity; street -16%,Rests on: sector-derived discount rate (CAPITAL_GOODS); statement-derived growth/margins; terminal reinvestment at mature returns.,"Call flips if the model MoS crosses the band edges (±10–15pp), if quality legs deteriorate, or on a data-confidence downgrade.",,Agree,
GRAVITA,AVOID,-0.8149651747163216,high,51.6,Weakly-justified,prices a -81% collapse without a distress story in the data,returns on equity of 15% evidence a real franchise; street consensus +17%; TENSION: prices a -81% collapse without a distress story in the data,model reads the price 81% above fair value; 35x earnings vs sector-normal 11x,Rests on: sector-derived discount rate (METAL); statement-derived growth/margins; terminal reinvestment at mature returns.,"Call flips if the model MoS crosses the band edges (±10–15pp), if quality legs deteriorate, or on a data-confidence downgrade.",,Agree,
SHILPAMED,AVOID,-0.8169442210205813,medium,42.7,Weakly-justified,prices a -82% collapse without a distress story in the data,TENSION: prices a -82% collapse without a distress story in the data,model reads the price 82% above fair value; 50x earnings vs sector-normal 25x; thin 9% returns on equity,Rests on: sector-derived discount rate (IT_SERVICES); statement-derived growth/margins; terminal reinvestment at mature returns.,"Call flips if the model MoS crosses the band edges (±10–15pp), if quality legs deteriorate, or on a data-confidence downgrade.",,Agree,
TFCILTD,AVOID,-0.8178794912421161,medium,44.5,Weakly-justified,prices a -82% collapse without a distress story in the data,TENSION: prices a -82% collapse without a distress story in the data,model reads the price 82% above fair value; 32x earnings vs sector-normal 18x; thin 9% returns on equity,Rests on: sector-derived discount rate (NBFC); statement-derived growth/margins; terminal book-multiple economics.,"Call flips if the model MoS crosses the band edges (±10–15pp), if quality legs deteriorate, or on a data-confidence downgrade.",,Agree,
CYIENTDLM,AVOID,-0.8195912021895299,medium,28.1,Weakly-justified,prices a -82% collapse without a distress story in the data,TENSION: prices a -82% collapse without a distress story in the data,model reads the price 82% above fair value; 62x earnings vs sector-normal 28x; thin 7% returns on equity; street -13%,Rests on: sector-derived discount rate (MANUFACTURING); statement-derived growth/margins; terminal reinvestment at mature returns.,"Call flips if the model MoS crosses the band edges (±10–15pp), if quality legs deteriorate, or on a data-confidence downgrade.",,Agree,
DYNAMATECH,AVOID,-0.8225377988425767,medium,39.9,Weakly-justified,prices a -82% collapse without a distress story in the data,TENSION: prices a -82% collapse without a distress story in the data,model reads the price 82% above fair value; 218x earnings vs sector-normal 32x; thin 4% returns on equity; street -19%,Rests on: sector-derived discount rate (CAPITAL_GOODS); statement-derived growth/margins; terminal reinvestment at mature returns.,"Call flips if the model MoS crosses the band edges (±10–15pp), if quality legs deteriorate, or on a data-confidence downgrade.",,Engine-should-have-abstained,threshold/judgment difference (<0.30 gap)
CHOICEIN,AVOID,-0.8262563823422018,high,47.2,Weakly-justified,prices a -83% collapse without a distress story in the data,TENSION: prices a -83% collapse without a distress story in the data,model reads the price 83% above fair value; 73x earnings vs sector-normal 18x,Rests on: sector-derived discount rate (NBFC); statement-derived growth/margins; terminal book-multiple economics.,"Call flips if the model MoS crosses the band edges (±10–15pp), if quality legs deteriorate, or on a data-confidence downgrade.",,Agree,
PFOCUS,AVOID,-0.832107792057318,medium,46.0,Weakly-justified,prices a -83% collapse without a distress story in the data,TENSION: prices a -83% collapse without a distress story in the data,model reads the price 83% above fair value; 73x earnings vs sector-normal 28x,Rests on: sector-derived discount rate (MANUFACTURING); statement-derived growth/margins; terminal reinvestment at mature returns.,"Call flips if the model MoS crosses the band edges (±10–15pp), if quality legs deteriorate, or on a data-confidence downgrade.",,Agree,
LLOYDSENGG,AVOID,-0.8343660219964075,medium,35.9,Weakly-justified,prices a -83% collapse without a distress story in the data,TENSION: prices a -83% collapse without a distress story in the data,model reads the price 83% above fair value; 59x earnings vs sector-normal 11x; thin 9% returns on equity,Rests on: sector-derived discount rate (METAL); statement-derived growth/margins; terminal reinvestment at mature returns.,"Call flips if the model MoS crosses the band edges (±10–15pp), if quality legs deteriorate, or on a data-confidence downgrade.",,Agree,
TITAGARH,AVOID,-0.8390445404643511,high,32.2,Weakly-justified,prices a -84% collapse without a distress story in the data,street consensus +14%; TENSION: prices a -84% collapse without a distress story in the data,model reads the price 84% above fair value; 95x earnings vs sector-normal 32x; thin 5% returns on equity,Rests on: sector-derived discount rate (CAPITAL_GOODS); statement-derived growth/margins; terminal reinvestment at mature returns.,"Call flips if the model MoS crosses the band edges (±10–15pp), if quality legs deteriorate, or on a data-confidence downgrade.",,Agree,
MTARTECH,AVOID,-0.8417529636279465,medium,40.4,Weakly-justified,prices a -84% collapse without a distress story in the data,street consensus +7%; TENSION: prices a -84% collapse without a distress story in the data,model reads the price 84% above fair value; 198x earnings vs sector-normal 32x,Rests on: sector-derived discount rate (CAPITAL_GOODS); statement-derived growth/margins; terminal reinvestment at mature returns.,"Call flips if the model MoS crosses the band edges (±10–15pp), if quality legs deteriorate, or on a data-confidence downgrade.",,Agree,
ZAGGLE,AVOID,-0.8438833531516815,medium,32.2,Unjustifiable,street sees +177% upside vs the avoid | prices a -84% collapse without a distress story in the data,street consensus +177%; TENSION: street sees +177% upside vs the avoid; TENSION: prices a -84% collapse without a distress story in the data,model reads the price 84% above fair value; thin 10% returns on equity,Rests on: sector-derived discount rate (NBFC); statement-derived growth/margins; terminal book-multiple economics.,"Call flips if the model MoS crosses the band edges (±10–15pp), if quality legs deteriorate, or on a data-confidence downgrade.",,Dir-agree-magnitude-off,threshold/judgment difference (<0.30 gap)
VOLTAS,AVOID,-0.8439277649564274,high,32.3,Weakly-justified,prices a -84% collapse without a distress story in the data,TENSION: prices a -84% collapse without a distress story in the data,model reads the price 84% above fair value; 120x earnings vs sector-normal 38x; thin 8% returns on equity,Rests on: sector-derived discount rate (CONSUMER_DISC); statement-derived growth/margins; terminal reinvestment at mature returns.,"Call flips if the model MoS crosses the band edges (±10–15pp), if quality legs deteriorate, or on a data-confidence downgrade.",,Engine-should-have-abstained,threshold/judgment difference (<0.30 gap)
PARAS,AVOID,-0.8483538152971181,medium,38.2,Weakly-justified,prices a -85% collapse without a distress story in the data,TENSION: prices a -85% collapse without a distress story in the data,model reads the price 85% above fair value; 108x earnings vs sector-normal 32x; street -17%,Rests on: sector-derived discount rate (TELECOM); statement-derived growth/margins; terminal reinvestment at mature returns.,"Call flips if the model MoS crosses the band edges (±10–15pp), if quality legs deteriorate, or on a data-confidence downgrade.",,Agree,
BHEL,AVOID,-0.8487380885015354,high,42.3,Weakly-justified,prices a -85% collapse without a distress story in the data,TENSION: prices a -85% collapse without a distress story in the data,model reads the price 85% above fair value; 92x earnings vs sector-normal 32x; thin 6% returns on equity; street -21%,Rests on: sector-derived discount rate (CAPITAL_GOODS); statement-derived growth/margins; terminal reinvestment at mature returns.,"Call flips if the model MoS crosses the band edges (±10–15pp), if quality legs deteriorate, or on a data-confidence downgrade.",,Engine-should-have-abstained,uncomparable
BEML,AVOID,-0.8560194431511154,high,32.1,Unjustifiable,street sees +26% upside vs the avoid | prices a -86% collapse without a distress story in the data,street consensus +26%; TENSION: street sees +26% upside vs the avoid; TENSION: prices a -86% collapse without a distress story in the data,model reads the price 86% above fair value; 106x earnings vs sector-normal 32x; thin 5% returns on equity,Rests on: sector-derived discount rate (CAPITAL_GOODS); statement-derived growth/margins; terminal reinvestment at mature returns.,"Call flips if the model MoS crosses the band edges (±10–15pp), if quality legs deteriorate, or on a data-confidence downgrade.",,Agree,
MIDHANI,AVOID,-0.866382715231472,medium,38.6,Weakly-justified,prices a -87% collapse without a distress story in the data,street consensus +12%; TENSION: prices a -87% collapse without a distress story in the data,model reads the price 87% above fair value; 58x earnings vs sector-normal 11x; thin 9% returns on equity,Rests on: sector-derived discount rate (METAL); statement-derived growth/margins; terminal reinvestment at mature returns.,"Call flips if the model MoS crosses the band edges (±10–15pp), if quality legs deteriorate, or on a data-confidence downgrade.",,Agree,
HFCL,AVOID,-0.8678051027109932,high,40.7,Weakly-justified,prices a -87% collapse without a distress story in the data,TENSION: prices a -87% collapse without a distress story in the data,model reads the price 87% above fair value; 100x earnings vs sector-normal 32x; thin 7% returns on equity,Rests on: sector-derived discount rate (TELECOM); statement-derived growth/margins; terminal reinvestment at mature returns.,"Call flips if the model MoS crosses the band edges (±10–15pp), if quality legs deteriorate, or on a data-confidence downgrade.",,Agree,
GODREJPROP,AVOID,-0.8680264682857479,high,38.3,Weakly-justified,prices a -87% collapse without a distress story in the data,street consensus +9%; TENSION: prices a -87% collapse without a distress story in the data,model reads the price 87% above fair value; 34x earnings vs sector-normal 20x; thin 10% returns on equity,Rests on: sector-derived discount rate (REALTY); statement-derived growth/margins; terminal reinvestment at mature returns.,"Call flips if the model MoS crosses the band edges (±10–15pp), if quality legs deteriorate, or on a data-confidence downgrade.",,Engine-should-have-abstained,threshold/judgment difference (<0.30 gap)
LENSKART,AVOID,-0.8694322511572679,high,19.2,Weakly-justified,prices a -87% collapse without a distress story in the data,TENSION: prices a -87% collapse without a distress story in the data,model reads the price 87% above fair value; 186x earnings vs sector-normal 42x; thin 6% returns on equity,Rests on: sector-derived discount rate (CONSUMER); statement-derived growth/margins; terminal reinvestment at mature returns.,"Call flips if the model MoS crosses the band edges (±10–15pp), if quality legs deteriorate, or on a data-confidence downgrade.",,Agree,
AVANTEL,AVOID,-0.8718841421699314,medium,25.9,Weakly-justified,prices a -87% collapse without a distress story in the data,TENSION: prices a -87% collapse without a distress story in the data,model reads the price 87% above fair value; 314x earnings vs sector-normal 32x; thin 4% returns on equity,Rests on: sector-derived discount rate (TELECOM); statement-derived growth/margins; terminal reinvestment at mature returns.,"Call flips if the model MoS crosses the band edges (±10–15pp), if quality legs deteriorate, or on a data-confidence downgrade.",,Agree,
BLACKBUCK,AVOID,-0.8732116743658852,medium,43.7,Unjustifiable,street sees +27% upside vs the avoid | prices a -87% collapse without a distress story in the data,street consensus +27%; TENSION: street sees +27% upside vs the avoid; TENSION: prices a -87% collapse without a distress story in the data,model reads the price 87% above fair value; 66x earnings vs sector-normal 25x,Rests on: sector-derived discount rate (IT_SERVICES); statement-derived growth/margins; terminal reinvestment at mature returns.,"Call flips if the model MoS crosses the band edges (±10–15pp), if quality legs deteriorate, or on a data-confidence downgrade.",,Agree,
INOXGREEN,AVOID,-0.8789630790239368,medium,38.4,Weakly-justified,prices a -88% collapse without a distress story in the data,TENSION: prices a -88% collapse without a distress story in the data,model reads the price 88% above fair value; 68x earnings vs sector-normal 15x; thin 6% returns on equity,Rests on: sector-derived discount rate (CONSTRUCTION); statement-derived growth/margins; terminal reinvestment at mature returns.,"Call flips if the model MoS crosses the band edges (±10–15pp), if quality legs deteriorate, or on a data-confidence downgrade.",,Agree,
WHEELS,AVOID,-0.8863119833938858,medium,35.7,Weakly-justified,prices a -89% collapse without a distress story in the data,TENSION: prices a -89% collapse without a distress story in the data,model reads the price 89% above fair value; 121x earnings vs sector-normal 11x; street -80%,Rests on: sector-derived discount rate (METAL); statement-derived growth/margins; terminal reinvestment at mature returns.,"Call flips if the model MoS crosses the band edges (±10–15pp), if quality legs deteriorate, or on a data-confidence downgrade.",,Agree,
ATGL,AVOID,-0.8869264533819352,high,36.8,Weakly-justified,prices a -89% collapse without a distress story in the data,TENSION: prices a -89% collapse without a distress story in the data,model reads the price 89% above fair value; 118x earnings vs sector-normal 12x,Rests on: sector-derived discount rate (ENERGY); statement-derived growth/margins; terminal reinvestment at mature returns.,"Call flips if the model MoS crosses the band edges (±10–15pp), if quality legs deteriorate, or on a data-confidence downgrade.",,Agree,
ITI,AVOID,-0.8958248456856958,high,42.6,Weakly-justified,prices a -90% collapse without a distress story in the data,returns on equity of 15% evidence a real franchise; TENSION: prices a -90% collapse without a distress story in the data,model reads the price 90% above fair value; 94x earnings vs sector-normal 32x,Rests on: sector-derived discount rate (TELECOM); statement-derived growth/margins; terminal reinvestment at mature returns.,"Call flips if the model MoS crosses the band edges (±10–15pp), if quality legs deteriorate, or on a data-confidence downgrade.",,Engine-should-have-abstained,threshold/judgment difference (<0.30 gap)
PREMEXPLN,AVOID,-0.8973423592020803,medium,48.0,Weakly-justified,prices a -90% collapse without a distress story in the data,returns on equity of 16% evidence a real franchise; street consensus +7%; TENSION: prices a -90% collapse without a distress story in the data,model reads the price 90% above fair value; 78x earnings vs sector-normal 26x,Rests on: sector-derived discount rate (CHEMICALS); statement-derived growth/margins; terminal reinvestment at mature returns.,"Call flips if the model MoS crosses the band edges (±10–15pp), if quality legs deteriorate, or on a data-confidence downgrade.",,Agree,
IGIL,AVOID,-0.8982258643738463,high,39.6,Unjustifiable,street sees +40% upside vs the avoid | prices a -90% collapse without a distress story in the data,street consensus +40%; TENSION: street sees +40% upside vs the avoid; TENSION: prices a -90% collapse without a distress story in the data,model reads the price 90% above fair value; 109x earnings vs sector-normal 28x; thin 9% returns on equity,Rests on: sector-derived discount rate (MANUFACTURING); statement-derived growth/margins; terminal reinvestment at mature returns.,"Call flips if the model MoS crosses the band edges (±10–15pp), if quality legs deteriorate, or on a data-confidence downgrade.",,Agree,
MBAPL,AVOID,-0.8990170529090318,medium,49.9,Weakly-justified,prices a -90% collapse without a distress story in the data,TENSION: prices a -90% collapse without a distress story in the data,model reads the price 90% above fair value,Rests on: sector-derived discount rate (CHEMICALS); statement-derived growth/margins; terminal reinvestment at mature returns.,"Call flips if the model MoS crosses the band edges (±10–15pp), if quality legs deteriorate, or on a data-confidence downgrade.",,Method-limited-unchecked,input-gap: spot multiples/ROE unavailable to this method
GRWRHITECH,AVOID,-0.9050723734124484,medium,42.1,Weakly-justified,prices a -91% collapse without a distress story in the data,TENSION: prices a -91% collapse without a distress story in the data,model reads the price 91% above fair value; 147x earnings vs sector-normal 28x,Rests on: sector-derived discount rate (MANUFACTURING); statement-derived growth/margins; terminal reinvestment at mature returns.,"Call flips if the model MoS crosses the band edges (±10–15pp), if quality legs deteriorate, or on a data-confidence downgrade.",,Engine-should-have-abstained,threshold/judgment difference (<0.30 gap)
NYKAA,AVOID,-0.906911162792176,high,48.3,Weakly-justified,prices a -91% collapse without a distress story in the data,TENSION: prices a -91% collapse without a distress story in the data,model reads the price 91% above fair value; 459x earnings vs sector-normal 42x; street -26%,Rests on: sector-derived discount rate (CONSUMER); statement-derived growth/margins; terminal reinvestment at mature returns.,"Call flips if the model MoS crosses the band edges (±10–15pp), if quality legs deteriorate, or on a data-confidence downgrade.",,Engine-should-have-abstained,threshold/judgment difference (<0.30 gap)
POONAWALLA,AVOID,-0.9073237527573745,high,36.3,Weakly-justified,prices a -91% collapse without a distress story in the data,TENSION: prices a -91% collapse without a distress story in the data,model reads the price 91% above fair value; 70x earnings vs sector-normal 18x; thin 5% returns on equity,Rests on: sector-derived discount rate (NBFC); statement-derived growth/margins; terminal book-multiple economics.,"Call flips if the model MoS crosses the band edges (±10–15pp), if quality legs deteriorate, or on a data-confidence downgrade.",,Agree,
CERA,AVOID,-0.9077176869099337,medium,47.0,Weakly-justified,prices a -91% collapse without a distress story in the data,returns on equity of 16% evidence a real franchise; TENSION: prices a -91% collapse without a distress story in the data,model reads the price 91% above fair value; 196x earnings vs sector-normal 28x; street -78%,Rests on: sector-derived discount rate (MANUFACTURING); statement-derived growth/margins; terminal reinvestment at mature returns.,"Call flips if the model MoS crosses the band edges (±10–15pp), if quality legs deteriorate, or on a data-confidence downgrade.",,Dir-agree-magnitude-off,engine-bearish: level bias (VAL-02 family)
IBULLSLTD,AVOID,-0.9166248825960897,medium,43.6,Weakly-justified,prices a -92% collapse without a distress story in the data,TENSION: prices a -92% collapse without a distress story in the data,model reads the price 92% above fair value,Rests on: sector-derived discount rate (MANUFACTURING); statement-derived growth/margins; terminal reinvestment at mature returns.,"Call flips if the model MoS crosses the band edges (±10–15pp), if quality legs deteriorate, or on a data-confidence downgrade.",,Engine-should-have-abstained,engine-bearish: level bias (VAL-02 family)
LINDEINDIA,AVOID,-0.9237661179706631,high,44.5,Weakly-justified,prices a -92% collapse without a distress story in the data,TENSION: prices a -92% collapse without a distress story in the data,model reads the price 92% above fair value; 110x earnings vs sector-normal 26x; street -5%,Rests on: sector-derived discount rate (CHEMICALS); statement-derived growth/margins; terminal reinvestment at mature returns.,"Call flips if the model MoS crosses the band edges (±10–15pp), if quality legs deteriorate, or on a data-confidence downgrade.",,Agree,
PTCIL,AVOID,-0.9320047613304396,high,40.9,Weakly-justified,prices a -93% collapse without a distress story in the data,TENSION: prices a -93% collapse without a distress story in the data,model reads the price 93% above fair value; 258x earnings vs sector-normal 32x; thin 7% returns on equity,Rests on: sector-derived discount rate (CAPITAL_GOODS); statement-derived growth/margins; terminal reinvestment at mature returns.,"Call flips if the model MoS crosses the band edges (±10–15pp), if quality legs deteriorate, or on a data-confidence downgrade.",,Agree,
VIYASH,AVOID,-0.9408624858010096,medium,38.8,Weakly-justified,prices a -94% collapse without a distress story in the data,street consensus +16%; TENSION: prices a -94% collapse without a distress story in the data,model reads the price 94% above fair value; 67x earnings vs sector-normal 25x; thin 8% returns on equity,Rests on: sector-derived discount rate (IT_SERVICES); statement-derived growth/margins; terminal reinvestment at mature returns.,"Call flips if the model MoS crosses the band edges (±10–15pp), if quality legs deteriorate, or on a data-confidence downgrade.",,Agree,
IFCI,AVOID,-0.943909817631954,high,35.0,Weakly-justified,prices a -94% collapse without a distress story in the data,TENSION: prices a -94% collapse without a distress story in the data,model reads the price 94% above fair value; 105x earnings vs sector-normal 18x; thin 5% returns on equity,Rests on: sector-derived discount rate (NBFC); statement-derived growth/margins; terminal book-multiple economics.,"Call flips if the model MoS crosses the band edges (±10–15pp), if quality legs deteriorate, or on a data-confidence downgrade.",,Agree,
AEGISVOPAK,AVOID,-0.9444592919225249,high,33.9,Weakly-justified,prices a -94% collapse without a distress story in the data,street consensus +15%; TENSION: prices a -94% collapse without a distress story in the data,model reads the price 94% above fair value; 94x earnings vs sector-normal 12x; thin 8% returns on equity,Rests on: sector-derived discount rate (ENERGY); statement-derived growth/margins; terminal reinvestment at mature returns.,"Call flips if the model MoS crosses the band edges (±10–15pp), if quality legs deteriorate, or on a data-confidence downgrade.",,Agree,
MAHLIFE,AVOID,-0.9541010832761115,medium,53.7,Unjustifiable,street sees +27% upside vs the avoid | prices a -95% collapse without a distress story in the data,street consensus +27%; TENSION: street sees +27% upside vs the avoid; TENSION: prices a -95% collapse without a distress story in the data,model reads the price 95% above fair value; 26x earnings vs sector-normal 15x; thin 8% returns on equity,Rests on: sector-derived discount rate (CONSTRUCTION); statement-derived growth/margins; terminal reinvestment at mature returns.,"Call flips if the model MoS crosses the band edges (±10–15pp), if quality legs deteriorate, or on a data-confidence downgrade.",,Dir-agree-magnitude-off,threshold/judgment difference (<0.30 gap)
ELLEN,AVOID,-0.966002411488631,medium,35.2,Unjustifiable,street sees +103% upside vs the avoid | prices a -97% collapse without a distress story in the data,street consensus +103%; TENSION: street sees +103% upside vs the avoid; TENSION: prices a -97% collapse without a distress story in the data,model reads the price 97% above fair value; 38x earnings vs sector-normal 26x,Rests on: sector-derived discount rate (CHEMICALS); statement-derived growth/margins; terminal reinvestment at mature returns.,"Call flips if the model MoS crosses the band edges (±10–15pp), if quality legs deteriorate, or on a data-confidence downgrade.",,Dir-agree-magnitude-off,threshold/judgment difference (<0.30 gap)
PTC,AVOID,-0.9726696376928364,medium,59.5,Unjustifiable,street sees +31% upside vs the avoid | prices a -97% collapse without a distress story in the data,street consensus +31%; TENSION: street sees +31% upside vs the avoid; TENSION: prices a -97% collapse without a distress story in the data,model reads the price 97% above fair value; 265x earnings vs sector-normal 11x; thin 7% returns on equity,Rests on: sector-derived discount rate (METAL); statement-derived growth/margins; terminal reinvestment at mature returns.,"Call flips if the model MoS crosses the band edges (±10–15pp), if quality legs deteriorate, or on a data-confidence downgrade.",,Disagree,engine-bearish: trough extrapolation + AVOID asymmetry (VAL-10)
PRSMJOHNSN,AVOID,-0.9777423722653305,medium,36.3,Unjustifiable,street sees +31% upside vs the avoid | prices a -98% collapse without a distress story in the data,street consensus +31%; TENSION: street sees +31% upside vs the avoid; TENSION: prices a -98% collapse without a distress story in the data,model reads the price 98% above fair value; 549x earnings vs sector-normal 24x; thin 7% returns on equity,Rests on: sector-derived discount rate (CEMENT); statement-derived growth/margins; terminal reinvestment at mature returns.,"Call flips if the model MoS crosses the band edges (±10–15pp), if quality legs deteriorate, or on a data-confidence downgrade.",,Agree,
RAJESHEXPO,LOW CONF,90.15818728363436,low,24.3,Honest-abstention,,,,,,Insufficient data / model fit for a call — abstention is the correct output.,Data-defect,known live data bug (platform audit DATA-01/02)
CLEANMAX,LOW CONF,11.220461192921814,low,48.6,Honest-abstention,,,,,,Insufficient data / model fit for a call — abstention is the correct output.,Abstention-justified,near-zero/negative returns — no defensible capitalization
ASHOKA,LOW CONF,5.231849049095008,low,60.8,Honest-abstention,,,,,,Insufficient data / model fit for a call — abstention is the correct output.,Abstention-justified,
LICI,LOW CONF,5.049412786648624,high,80.2,Honest-abstention,,,,,,Insufficient data / model fit for a call — abstention is the correct output.,Engine-wrongly-abstained,
KISSHT,LOW CONF,4.66489615027489,low,88.5,Honest-abstention,,,,,,Insufficient data / model fit for a call — abstention is the correct output.,Abstention-justified,
OSWALPUMPS,LOW CONF,4.12000345750943,medium,52.1,Honest-abstention,,,,,,Insufficient data / model fit for a call — abstention is the correct output.,Abstention-justified,
CHOLAHLDNG,LOW CONF,3.9700960508642287,high,67.6,Honest-abstention,,,,,,Insufficient data / model fit for a call — abstention is the correct output.,Engine-wrongly-abstained,
PFC,LOW CONF,3.9257249598770145,medium,79.5,Honest-abstention,,,,,,Insufficient data / model fit for a call — abstention is the correct output.,Engine-wrongly-abstained,
KALPATARU,LOW CONF,3.323007456028219,medium,64.4,Honest-abstention,,,,,,Insufficient data / model fit for a call — abstention is the correct output.,Engine-wrongly-abstained,
EFCIL,LOW CONF,3.1316614536283316,medium,54.7,Honest-abstention,,,,,,Insufficient data / model fit for a call — abstention is the correct output.,Abstention-justified,
GRMOVER,LOW CONF,2.7515000239865466,medium,44.7,Honest-abstention,,,,,,Insufficient data / model fit for a call — abstention is the correct output.,Abstention-justified,
TMPV,LOW CONF,2.7027118299443864,medium,34.8,Honest-abstention,,,,,,Insufficient data / model fit for a call — abstention is the correct output.,Abstention-justified,input-gap: spot multiples/ROE unavailable to this method
CEIGALL,LOW CONF,2.6051821893885476,medium,77.3,Honest-abstention,,,,,,Insufficient data / model fit for a call — abstention is the correct output.,Abstention-justified,
RELINFRA,LOW CONF,2.298776425063472,low,47.8,Honest-abstention,,,,,,Insufficient data / model fit for a call — abstention is the correct output.,Abstention-justified,
NAVNETEDUL,LOW CONF,1.9808895800969777,medium,55.8,Honest-abstention,,,,,,Insufficient data / model fit for a call — abstention is the correct output.,Engine-wrongly-abstained,
SENCO,LOW CONF,1.967173210149399,medium,63.7,Honest-abstention,,,,,,Insufficient data / model fit for a call — abstention is the correct output.,Abstention-justified,
GHCL,LOW CONF,1.8287445239650817,medium,61.1,Honest-abstention,,,,,,Insufficient data / model fit for a call — abstention is the correct output.,Engine-wrongly-abstained,
ARSSBL,LOW CONF,1.7563188064789599,medium,54.6,Honest-abstention,,,,,,Insufficient data / model fit for a call — abstention is the correct output.,Abstention-justified,
MAHABANK,LOW CONF,1.7402474128540686,high,77.9,Honest-abstention,,,,,,Insufficient data / model fit for a call — abstention is the correct output.,Engine-wrongly-abstained,
CANBK,LOW CONF,1.725913498070969,high,76.4,Honest-abstention,,,,,,Insufficient data / model fit for a call — abstention is the correct output.,Abstention-justified,
HAPPSTMNDS,LOW CONF,1.5839843630208252,medium,50.3,Honest-abstention,,,,,,Insufficient data / model fit for a call — abstention is the correct output.,Engine-wrongly-abstained,
GATEWAY,LOW CONF,1.5332275368794834,medium,65.8,Honest-abstention,,,,,,Insufficient data / model fit for a call — abstention is the correct output.,Engine-wrongly-abstained,
GOKULAGRO,LOW CONF,1.5215054527161453,medium,71.4,Honest-abstention,,,,,,Insufficient data / model fit for a call — abstention is the correct output.,Abstention-justified,
RECLTD,LOW CONF,1.512520774342327,medium,68.7,Honest-abstention,,,,,,Insufficient data / model fit for a call — abstention is the correct output.,Engine-wrongly-abstained,
GMRP&UI,LOW CONF,1.4285869201654346,medium,63.3,Honest-abstention,,,,,,Insufficient data / model fit for a call — abstention is the correct output.,Abstention-justified,
LICHSGFIN,LOW CONF,1.3566455378032247,high,65.0,Honest-abstention,,,,,,Insufficient data / model fit for a call — abstention is the correct output.,Engine-wrongly-abstained,
SAATVIKGL,LOW CONF,1.3439181416280495,medium,84.7,Honest-abstention,,,,,,Insufficient data / model fit for a call — abstention is the correct output.,Abstention-justified,
PARADEEP,LOW CONF,1.3174918357899033,high,49.7,Honest-abstention,,,,,,Insufficient data / model fit for a call — abstention is the correct output.,Engine-wrongly-abstained,
TSFINV,LOW CONF,1.3124563371272904,medium,35.8,Honest-abstention,,,,,,Insufficient data / model fit for a call — abstention is the correct output.,Abstention-justified,near-zero/negative returns — no defensible capitalization
IOC,LOW CONF,1.2635421228552046,medium,70.0,Honest-abstention,,,,,,Insufficient data / model fit for a call — abstention is the correct output.,Engine-wrongly-abstained,
BBTC,LOW CONF,1.1923364836785557,high,68.5,Honest-abstention,,,,,,Insufficient data / model fit for a call — abstention is the correct output.,Abstention-justified,
CHENNPETRO,LOW CONF,1.1908594818569638,high,64.0,Honest-abstention,,,,,,Insufficient data / model fit for a call — abstention is the correct output.,Abstention-justified,
GESHIP,LOW CONF,1.1891566008287122,high,80.6,Honest-abstention,,,,,,Insufficient data / model fit for a call — abstention is the correct output.,Abstention-justified,
BANKBARODA,LOW CONF,1.1883065631090028,high,70.6,Honest-abstention,,,,,,Insufficient data / model fit for a call — abstention is the correct output.,Engine-wrongly-abstained,
KRBL,LOW CONF,1.1671060790741485,medium,49.6,Honest-abstention,,,,,,Insufficient data / model fit for a call — abstention is the correct output.,Engine-wrongly-abstained,
ITC,LOW CONF,1.1255624061707894,medium,69.6,Honest-abstention,,,,,,Insufficient data / model fit for a call — abstention is the correct output.,Engine-wrongly-abstained,
ASHOKLEY,LOW CONF,1.120804488426284,high,65.8,Honest-abstention,,,,,,Insufficient data / model fit for a call — abstention is the correct output.,Abstention-justified,
NIITMTS,LOW CONF,1.1187942259426873,medium,58.9,Honest-abstention,,,,,,Insufficient data / model fit for a call — abstention is the correct output.,Abstention-justified,
VSTIND,LOW CONF,1.1128327600202526,medium,74.2,Honest-abstention,,,,,,Insufficient data / model fit for a call — abstention is the correct output.,Abstention-justified,
MARINE,LOW CONF,1.1038617271764801,medium,71.4,Honest-abstention,,,,,,Insufficient data / model fit for a call — abstention is the correct output.,Engine-wrongly-abstained,
SUNTV,LOW CONF,1.015078965560733,high,52.1,Honest-abstention,,,,,,Insufficient data / model fit for a call — abstention is the correct output.,Abstention-justified,
ROUTE,LOW CONF,1.014413549364729,medium,44.3,Honest-abstention,,,,,,Insufficient data / model fit for a call — abstention is the correct output.,Engine-wrongly-abstained,
UNIONBANK,LOW CONF,1.0121754156943379,high,66.1,Honest-abstention,,,,,,Insufficient data / model fit for a call — abstention is the correct output.,Abstention-justified,
RSYSTEMS,LOW CONF,1.006298075408586,medium,48.2,Honest-abstention,,,,,,Insufficient data / model fit for a call — abstention is the correct output.,Abstention-justified,
SHAREINDIA,LOW CONF,0.33919351664240555,medium,42.3,Honest-abstention,,,,,,Insufficient data / model fit for a call — abstention is the correct output.,Engine-wrongly-abstained,
ELECTCAST,LOW CONF,0.19375249674717623,medium,35.0,Honest-abstention,,,,,,Insufficient data / model fit for a call — abstention is the correct output.,Abstention-justified,near-zero/negative returns — no defensible capitalization
IIFLCAPS,LOW CONF,0.018030832498942023,medium,58.6,Honest-abstention,,,,,,Insufficient data / model fit for a call — abstention is the correct output.,Abstention-justified,
JINDALPOLY,LOW CONF,-0.013295362710078971,medium,43.8,Honest-abstention,,,,,,Insufficient data / model fit for a call — abstention is the correct output.,Abstention-justified,near-zero/negative returns — no defensible capitalization
PURVA,LOW CONF,-0.09685541379776928,medium,22.1,Honest-abstention,,,,,,Insufficient data / model fit for a call — abstention is the correct output.,Abstention-justified,near-zero/negative returns — no defensible capitalization
CROMPTON,LOW CONF,-0.1470567186256142,medium,46.9,Honest-abstention,,,,,,Insufficient data / model fit for a call — abstention is the correct output.,Abstention-justified,input-gap: spot multiples/ROE unavailable to this method
SHOPERSTOP,LOW CONF,-0.16157144366821685,medium,18.8,Honest-abstention,,,,,,Insufficient data / model fit for a call — abstention is the correct output.,Abstention-justified,input-gap: spot multiples/ROE unavailable to this method
CRAMC,LOW CONF,-0.18005495613745778,medium,64.9,Honest-abstention,,,,,,Insufficient data / model fit for a call — abstention is the correct output.,Abstention-justified,
ICRA,LOW CONF,-0.2130001358126259,medium,60.5,Honest-abstention,,,,,,Insufficient data / model fit for a call — abstention is the correct output.,Engine-wrongly-abstained,
ZEEL,LOW CONF,-0.21534648041430526,high,24.7,Honest-abstention,,,,,,Insufficient data / model fit for a call — abstention is the correct output.,Abstention-justified,near-zero/negative returns — no defensible capitalization
GREAVESCOT,LOW CONF,-0.25805904366085586,medium,41.5,Honest-abstention,,,,,,Insufficient data / model fit for a call — abstention is the correct output.,Abstention-justified,near-zero/negative returns — no defensible capitalization
BHARATCOAL,LOW CONF,-0.2596416427423615,medium,24.9,Honest-abstention,,,,,,Insufficient data / model fit for a call — abstention is the correct output.,Abstention-justified,near-zero/negative returns — no defensible capitalization
EASEMYTRIP,LOW CONF,-0.2642123651161752,medium,22.1,Honest-abstention,,,,,,Insufficient data / model fit for a call — abstention is the correct output.,Abstention-justified,
ZYDUSWELL,LOW CONF,-0.2751986109044059,high,38.5,Honest-abstention,,,,,,Insufficient data / model fit for a call — abstention is the correct output.,Abstention-justified,near-zero/negative returns — no defensible capitalization
PVRINOX,LOW CONF,-0.30286647385058424,high,48.0,Honest-abstention,,,,,,Insufficient data / model fit for a call — abstention is the correct output.,Abstention-justified,near-zero/negative returns — no defensible capitalization
SUDARSCHEM,LOW CONF,-0.3157227311099227,medium,32.4,Honest-abstention,,,,,,Insufficient data / model fit for a call — abstention is the correct output.,Abstention-justified,
MEDIASSIST,LOW CONF,-0.32884142373440983,medium,45.6,Honest-abstention,,,,,,Insufficient data / model fit for a call — abstention is the correct output.,Abstention-justified,
RELIGARE,LOW CONF,-0.33761799966248085,medium,38.0,Honest-abstention,,,,,,Insufficient data / model fit for a call — abstention is the correct output.,Abstention-justified,near-zero/negative returns — no defensible capitalization
BSE,LOW CONF,-0.3579230321028347,high,68.1,Honest-abstention,,,,,,Insufficient data / model fit for a call — abstention is the correct output.,Abstention-justified,
IEX,LOW CONF,-0.3742623203631217,high,40.3,Honest-abstention,,,,,,Insufficient data / model fit for a call — abstention is the correct output.,Abstention-justified,
JPPOWER,LOW CONF,-0.3751047944480484,high,28.7,Honest-abstention,,,,,,Insufficient data / model fit for a call — abstention is the correct output.,Abstention-justified,near-zero/negative returns — no defensible capitalization
IIFL,LOW CONF,-0.38397504929920007,high,51.9,Honest-abstention,,,,,,Insufficient data / model fit for a call — abstention is the correct output.,Engine-wrongly-abstained,
BAJAJELEC,LOW CONF,-0.3874020389275799,medium,34.7,Honest-abstention,,,,,,Insufficient data / model fit for a call — abstention is the correct output.,Abstention-justified,input-gap: spot multiples/ROE unavailable to this method
RUSTOMJEE,LOW CONF,-0.39818428712871445,medium,38.9,Honest-abstention,,,,,,Insufficient data / model fit for a call — abstention is the correct output.,Abstention-justified,near-zero/negative returns — no defensible capitalization
SYMPHONY,LOW CONF,-0.444341049867222,medium,35.3,Honest-abstention,,,,,,Insufficient data / model fit for a call — abstention is the correct output.,Abstention-justified,input-gap: spot multiples/ROE unavailable to this method
JYOTICNC,LOW CONF,-0.45108917894763684,high,36.2,Honest-abstention,,,,,,Insufficient data / model fit for a call — abstention is the correct output.,Abstention-justified,
RAYMONDLSL,LOW CONF,-0.4602074063794669,medium,28.4,Honest-abstention,,,,,,Insufficient data / model fit for a call — abstention is the correct output.,Abstention-justified,
OFSS,LOW CONF,-0.4630139152136981,high,55.9,Honest-abstention,,,,,,Insufficient data / model fit for a call — abstention is the correct output.,Abstention-justified,
DEVYANI,LOW CONF,-0.463564741870455,medium,31.2,Honest-abstention,,,,,,Insufficient data / model fit for a call — abstention is the correct output.,Abstention-justified,near-zero/negative returns — no defensible capitalization
KIRLPNU,LOW CONF,-0.46507879445475986,medium,61.5,Honest-abstention,,,,,,Insufficient data / model fit for a call — abstention is the correct output.,Abstention-justified,
NXST,LOW CONF,-0.46982016293881607,medium,53.8,Honest-abstention,,,,,,Insufficient data / model fit for a call — abstention is the correct output.,Abstention-justified,near-zero/negative returns — no defensible capitalization
THYROCARE,LOW CONF,-0.4739895836644176,medium,59.7,Honest-abstention,,,,,,Insufficient data / model fit for a call — abstention is the correct output.,Abstention-justified,
TITAN,LOW CONF,-0.47731027237539764,high,63.5,Honest-abstention,,,,,,Insufficient data / model fit for a call — abstention is the correct output.,Abstention-justified,
SMLMAH,LOW CONF,-0.4777770359430047,medium,58.5,Honest-abstention,,,,,,Insufficient data / model fit for a call — abstention is the correct output.,Abstention-justified,
ASHAPURMIN,LOW CONF,-0.48204604106295273,medium,64.4,Honest-abstention,,,,,,Insufficient data / model fit for a call — abstention is the correct output.,Abstention-justified,
BLUEJET,LOW CONF,-0.48221245197643264,high,42.3,Honest-abstention,,,,,,Insufficient data / model fit for a call — abstention is the correct output.,Abstention-justified,
TATACOMM,LOW CONF,-0.48329289566245437,high,57.6,Honest-abstention,,,,,,Insufficient data / model fit for a call — abstention is the correct output.,Engine-wrongly-abstained,
PRIVISCL,LOW CONF,-0.4839897615131571,medium,58.0,Honest-abstention,,,,,,Insufficient data / model fit for a call — abstention is the correct output.,Abstention-justified,
NESTLEIND,LOW CONF,-0.486020672057449,high,68.7,Honest-abstention,,,,,,Insufficient data / model fit for a call — abstention is the correct output.,Abstention-justified,
APOLLO,LOW CONF,-0.48729142457992347,medium,66.2,Honest-abstention,,,,,,Insufficient data / model fit for a call — abstention is the correct output.,Data-defect,known live data bug (platform audit DATA-01/02)
APOLLOHOSP,LOW CONF,-0.48729142457992347,high,65.4,Honest-abstention,,,,,,Insufficient data / model fit for a call — abstention is the correct output.,Abstention-justified,
BIOCON,LOW CONF,-0.4935101525730058,high,47.8,Honest-abstention,,,,,,Insufficient data / model fit for a call — abstention is the correct output.,Abstention-justified,
NUVOCO,LOW CONF,-0.4941079776131491,high,38.8,Honest-abstention,,,,,,Insufficient data / model fit for a call — abstention is the correct output.,Abstention-justified,near-zero/negative returns — no defensible capitalization
SAPPHIRE,LOW CONF,-0.49676320520926986,medium,29.0,Honest-abstention,,,,,,Insufficient data / model fit for a call — abstention is the correct output.,Abstention-justified,near-zero/negative returns — no defensible capitalization
PPLPHARMA,LOW CONF,-0.4968307834693644,medium,42.8,Honest-abstention,,,,,,Insufficient data / model fit for a call — abstention is the correct output.,Abstention-justified,input-gap: spot multiples/ROE unavailable to this method
TENNIND,LOW CONF,-0.5006757983963027,medium,68.1,Honest-abstention,,,,,,Insufficient data / model fit for a call — abstention is the correct output.,Abstention-justified,
PRECWIRE,LOW CONF,-0.5013871670495943,medium,59.8,Honest-abstention,,,,,,Insufficient data / model fit for a call — abstention is the correct output.,Abstention-justified,
FIRSTCRY,LOW CONF,-0.5019126601189601,medium,30.4,Honest-abstention,,,,,,Insufficient data / model fit for a call — abstention is the correct output.,Abstention-justified,input-gap: spot multiples/ROE unavailable to this method
GLAXO,LOW CONF,-0.502673324660174,high,53.5,Honest-abstention,,,,,,Insufficient data / model fit for a call — abstention is the correct output.,Abstention-justified,
ABSLAMC,LOW CONF,-0.5081803657433501,high,59.5,Honest-abstention,,,,,,Insufficient data / model fit for a call — abstention is the correct output.,Engine-wrongly-abstained,
ADANIPOWER,LOW CONF,-0.5096041729199255,high,63.3,Honest-abstention,,,,,,Insufficient data / model fit for a call — abstention is the correct output.,Abstention-justified,
JBCHEPHARM,LOW CONF,-0.5098390564778501,high,59.9,Honest-abstention,,,,,,Insufficient data / model fit for a call — abstention is the correct output.,Abstention-justified,
COHANCE,LOW CONF,-0.5145462249813751,high,24.0,Honest-abstention,,,,,,Insufficient data / model fit for a call — abstention is the correct output.,Abstention-justified,near-zero/negative returns — no defensible capitalization
SUDEEPPHRM,LOW CONF,-0.5224398055523529,medium,55.5,Honest-abstention,,,,,,Insufficient data / model fit for a call — abstention is the correct output.,Abstention-justified,
ASIANPAINT,LOW CONF,-0.5240110800529773,high,64.3,Honest-abstention,,,,,,Insufficient data / model fit for a call — abstention is the correct output.,Engine-wrongly-abstained,
BOSCHLTD,LOW CONF,-0.5252267234288284,high,58.5,Honest-abstention,,,,,,Insufficient data / model fit for a call — abstention is the correct output.,Abstention-justified,
VIJAYA,LOW CONF,-0.5253040427161892,high,57.6,Honest-abstention,,,,,,Insufficient data / model fit for a call — abstention is the correct output.,Abstention-justified,
NEULANDLAB,LOW CONF,-0.5264173423225691,high,61.2,Honest-abstention,,,,,,Insufficient data / model fit for a call — abstention is the correct output.,Abstention-justified,
EICHERMOT,LOW CONF,-0.528682431582076,high,62.9,Honest-abstention,,,,,,Insufficient data / model fit for a call — abstention is the correct output.,Abstention-justified,
BIRET,LOW CONF,-0.5302873114012496,medium,47.9,Honest-abstention,,,,,,Insufficient data / model fit for a call — abstention is the correct output.,Abstention-justified,
TRENT,LOW CONF,-0.5313282790806135,high,41.4,Honest-abstention,,,,,,Insufficient data / model fit for a call — abstention is the correct output.,Abstention-justified,
SWSOLAR,LOW CONF,-0.5353367894803938,medium,16.4,Honest-abstention,,,,,,Insufficient data / model fit for a call — abstention is the correct output.,Abstention-justified,input-gap: spot multiples/ROE unavailable to this method
DIXON,LOW CONF,-0.5409086958571209,high,46.0,Honest-abstention,,,,,,Insufficient data / model fit for a call — abstention is the correct output.,Abstention-justified,
BHARTIHEXA,LOW CONF,-0.5424738150053372,high,57.8,Honest-abstention,,,,,,Insufficient data / model fit for a call — abstention is the correct output.,Abstention-justified,
TORNTPHARM,LOW CONF,-0.5425031758053326,high,60.5,Honest-abstention,,,,,,Insufficient data / model fit for a call — abstention is the correct output.,Abstention-justified,
EBGNG,LOW CONF,-0.543753511427443,medium,54.2,Honest-abstention,,,,,,Insufficient data / model fit for a call — abstention is the correct output.,Abstention-justified,
SHANTIGEAR,LOW CONF,-0.5471973815328218,medium,55.1,Honest-abstention,,,,,,Insufficient data / model fit for a call — abstention is the correct output.,Abstention-justified,
EUREKAFORB,LOW CONF,-0.5517677085720776,medium,41.0,Honest-abstention,,,,,,Insufficient data / model fit for a call — abstention is the correct output.,Abstention-justified,near-zero/negative returns — no defensible capitalization
PILANIINVS,LOW CONF,-0.5518381842807087,medium,38.5,Honest-abstention,,,,,,Insufficient data / model fit for a call — abstention is the correct output.,Abstention-justified,
BOSCH-HCIL,LOW CONF,-0.5526447337277106,medium,61.5,Honest-abstention,,,,,,Insufficient data / model fit for a call — abstention is the correct output.,Data-defect,known live data bug (platform audit DATA-01/02)
TRITURBINE,LOW CONF,-0.5530659412666827,high,50.0,Honest-abstention,,,,,,Insufficient data / model fit for a call — abstention is the correct output.,Abstention-justified,
BALUFORGE,LOW CONF,-0.5568988426919558,medium,39.9,Honest-abstention,,,,,,Insufficient data / model fit for a call — abstention is the correct output.,Engine-wrongly-abstained,
NBCC,LOW CONF,-0.5580325337599685,high,61.1,Honest-abstention,,,,,,Insufficient data / model fit for a call — abstention is the correct output.,Abstention-justified,
CUMMINSIND,LOW CONF,-0.5633366651112934,high,66.6,Honest-abstention,,,,,,Insufficient data / model fit for a call — abstention is the correct output.,Abstention-justified,
CRISIL,LOW CONF,-0.5649810235317569,high,49.1,Honest-abstention,,,,,,Insufficient data / model fit for a call — abstention is the correct output.,Engine-wrongly-abstained,
LALPATHLAB,LOW CONF,-0.5678818572543181,high,56.6,Honest-abstention,,,,,,Insufficient data / model fit for a call — abstention is the correct output.,Abstention-justified,
CEMPRO,LOW CONF,-0.5696577795255854,high,48.7,Honest-abstention,,,,,,Insufficient data / model fit for a call — abstention is the correct output.,Abstention-justified,
GRAPHITE,LOW CONF,-0.571314625424526,high,38.0,Honest-abstention,,,,,,Insufficient data / model fit for a call — abstention is the correct output.,Abstention-justified,near-zero/negative returns — no defensible capitalization
INOXINDIA,LOW CONF,-0.5750525163357159,medium,56.0,Honest-abstention,,,,,,Insufficient data / model fit for a call — abstention is the correct output.,Abstention-justified,
SAMMAANCAP,LOW CONF,-0.5772057618706625,medium,45.4,Honest-abstention,,,,,,Insufficient data / model fit for a call — abstention is the correct output.,Abstention-justified,input-gap: spot multiples/ROE unavailable to this method
SJS,LOW CONF,-0.5814142050220817,medium,58.8,Honest-abstention,,,,,,Insufficient data / model fit for a call — abstention is the correct output.,Abstention-justified,
INGERRAND,LOW CONF,-0.5825543285615474,medium,61.7,Honest-abstention,,,,,,Insufficient data / model fit for a call — abstention is the correct output.,Abstention-justified,
CMPDI,LOW CONF,-0.5836219775203275,medium,67.6,Honest-abstention,,,,,,Insufficient data / model fit for a call — abstention is the correct output.,Abstention-justified,
SEDEMAC,LOW CONF,-0.5886898474548393,medium,63.1,Honest-abstention,,,,,,Insufficient data / model fit for a call — abstention is the correct output.,Abstention-justified,
ANANDRATHI,LOW CONF,-0.5900641823478111,high,76.0,Honest-abstention,,,,,,Insufficient data / model fit for a call — abstention is the correct output.,Abstention-justified,
SBCL,LOW CONF,-0.5941752394651585,medium,51.0,Honest-abstention,,,,,,Insufficient data / model fit for a call — abstention is the correct output.,Abstention-justified,
TRIVENI,LOW CONF,-0.5949098462032144,medium,59.8,Honest-abstention,,,,,,Insufficient data / model fit for a call — abstention is the correct output.,Abstention-justified,
PRAJIND,LOW CONF,-0.597815610242667,medium,20.2,Honest-abstention,,,,,,Insufficient data / model fit for a call — abstention is the correct output.,Abstention-justified,near-zero/negative returns — no defensible capitalization
BAJAJ-AUTO,LOW CONF,-0.5991093371576844,high,49.7,Honest-abstention,,,,,,Insufficient data / model fit for a call — abstention is the correct output.,Engine-wrongly-abstained,
NAVINFLUOR,LOW CONF,-0.5999607277229866,high,55.3,Honest-abstention,,,,,,Insufficient data / model fit for a call — abstention is the correct output.,Abstention-justified,
RADICO,LOW CONF,-0.600275013891395,high,54.7,Honest-abstention,,,,,,Insufficient data / model fit for a call — abstention is the correct output.,Abstention-justified,
CORONA,LOW CONF,-0.6025740362096689,medium,57.1,Honest-abstention,,,,,,Insufficient data / model fit for a call — abstention is the correct output.,Abstention-justified,
3MINDIA,LOW CONF,-0.6032545560183509,high,56.8,Honest-abstention,,,,,,Insufficient data / model fit for a call — abstention is the correct output.,Abstention-justified,
GRSE,LOW CONF,-0.6033894025242809,high,53.4,Honest-abstention,,,,,,Insufficient data / model fit for a call — abstention is the correct output.,Abstention-justified,
LGEINDIA,LOW CONF,-0.604131462298364,high,56.0,Honest-abstention,,,,,,Insufficient data / model fit for a call — abstention is the correct output.,Abstention-justified,
GRINDWELL,LOW CONF,-0.6061564921787059,medium,50.8,Honest-abstention,,,,,,Insufficient data / model fit for a call — abstention is the correct output.,Engine-wrongly-abstained,
SUMICHEM,LOW CONF,-0.6102387746937179,high,41.0,Honest-abstention,,,,,,Insufficient data / model fit for a call — abstention is the correct output.,Engine-wrongly-abstained,
SWIGGY,LOW CONF,-0.6119211399400304,medium,21.6,Honest-abstention,,,,,,Insufficient data / model fit for a call — abstention is the correct output.,Abstention-justified,input-gap: spot multiples/ROE unavailable to this method
ANTHEM,LOW CONF,-0.6189636178825503,high,52.5,Honest-abstention,,,,,,Insufficient data / model fit for a call — abstention is the correct output.,Abstention-justified,
ATLANTAELE,LOW CONF,-0.6211074965594279,medium,54.9,Honest-abstention,,,,,,Insufficient data / model fit for a call — abstention is the correct output.,Abstention-justified,
SMARTWORKS,LOW CONF,-0.6280715438646055,medium,34.4,Honest-abstention,,,,,,Insufficient data / model fit for a call — abstention is the correct output.,Abstention-justified,near-zero/negative returns — no defensible capitalization
HIRECT,LOW CONF,-0.6375848578918043,medium,51.0,Honest-abstention,,,,,,Insufficient data / model fit for a call — abstention is the correct output.,Abstention-justified,
SHREEJISPG,LOW CONF,-0.6401728947839741,medium,56.6,Honest-abstention,,,,,,Insufficient data / model fit for a call — abstention is the correct output.,Abstention-justified,
PRUDENT,LOW CONF,-0.6417236953917956,medium,54.2,Honest-abstention,,,,,,Insufficient data / model fit for a call — abstention is the correct output.,Abstention-justified,
SCHAEFFLER,LOW CONF,-0.6445759986498765,high,54.8,Honest-abstention,,,,,,Insufficient data / model fit for a call — abstention is the correct output.,Abstention-justified,
GROWW,LOW CONF,-0.6484754865526337,high,39.1,Honest-abstention,,,,,,Insufficient data / model fit for a call — abstention is the correct output.,Engine-wrongly-abstained,
BBOX,LOW CONF,-0.6512903453029216,medium,60.3,Honest-abstention,,,,,,Insufficient data / model fit for a call — abstention is the correct output.,Abstention-justified,
TIPSMUSIC,LOW CONF,-0.6513746153465538,medium,56.3,Honest-abstention,,,,,,Insufficient data / model fit for a call — abstention is the correct output.,Engine-wrongly-abstained,
HDFCAMC,LOW CONF,-0.6534618576661704,high,63.6,Honest-abstention,,,,,,Insufficient data / model fit for a call — abstention is the correct output.,Abstention-justified,
PIDILITIND,LOW CONF,-0.6537115919724316,high,61.7,Honest-abstention,,,,,,Insufficient data / model fit for a call — abstention is the correct output.,Abstention-justified,
KSB,LOW CONF,-0.654652139461662,medium,56.2,Honest-abstention,,,,,,Insufficient data / model fit for a call — abstention is the correct output.,Engine-wrongly-abstained,
RKFORGE,LOW CONF,-0.6564137567338758,high,32.8,Honest-abstention,,,,,,Insufficient data / model fit for a call — abstention is the correct output.,Abstention-justified,near-zero/negative returns — no defensible capitalization
LLOYDSME,LOW CONF,-0.6598107544439954,high,54.7,Honest-abstention,,,,,,Insufficient data / model fit for a call — abstention is the correct output.,Abstention-justified,
UTIAMC,LOW CONF,-0.6634398533515683,high,45.4,Honest-abstention,,,,,,Insufficient data / model fit for a call — abstention is the correct output.,Engine-wrongly-abstained,
UNOMINDA,LOW CONF,-0.6681903156315993,high,52.6,Honest-abstention,,,,,,Insufficient data / model fit for a call — abstention is the correct output.,Abstention-justified,
GUJTHEM,LOW CONF,-0.6690259534243913,medium,42.6,Honest-abstention,,,,,,Insufficient data / model fit for a call — abstention is the correct output.,Abstention-justified,
JAINREC,LOW CONF,-0.6701376050018785,high,54.7,Honest-abstention,,,,,,Insufficient data / model fit for a call — abstention is the correct output.,Abstention-justified,
JSWCEMENT,LOW CONF,-0.671574588111713,medium,41.4,Honest-abstention,,,,,,Insufficient data / model fit for a call — abstention is the correct output.,Abstention-justified,input-gap: spot multiples/ROE unavailable to this method
NUVAMA,LOW CONF,-0.6766258401355353,high,64.5,Honest-abstention,,,,,,Insufficient data / model fit for a call — abstention is the correct output.,Engine-wrongly-abstained,
WAKEFIT,LOW CONF,-0.6799093565895011,medium,61.5,Honest-abstention,,,,,,Insufficient data / model fit for a call — abstention is the correct output.,Abstention-justified,
ANGELONE,LOW CONF,-0.6815097069587387,high,56.0,Honest-abstention,,,,,,Insufficient data / model fit for a call — abstention is the correct output.,Engine-wrongly-abstained,
ZFCVINDIA,LOW CONF,-0.6818129347425411,high,53.7,Honest-abstention,,,,,,Insufficient data / model fit for a call — abstention is the correct output.,Abstention-justified,near-zero/negative returns — no defensible capitalization
ASTRAZEN,LOW CONF,-0.6850024923576391,medium,58.9,Honest-abstention,,,,,,Insufficient data / model fit for a call — abstention is the correct output.,Abstention-justified,
QPOWER,LOW CONF,-0.6913266923961848,medium,56.6,Honest-abstention,,,,,,Insufficient data / model fit for a call — abstention is the correct output.,Abstention-justified,
TATACHEM,LOW CONF,-0.6920701640745326,medium,34.5,Honest-abstention,,,,,,Insufficient data / model fit for a call — abstention is the correct output.,Abstention-justified,input-gap: spot multiples/ROE unavailable to this method
IXIGO,LOW CONF,-0.6958082575572707,medium,34.0,Honest-abstention,,,,,,Insufficient data / model fit for a call — abstention is the correct output.,Engine-wrongly-abstained,
TATAINVEST,LOW CONF,-0.7028936624212917,high,32.9,Honest-abstention,,,,,,Insufficient data / model fit for a call — abstention is the correct output.,Engine-wrongly-abstained,
KOLTEPATIL,LOW CONF,-0.7052074221435216,medium,34.3,Honest-abstention,,,,,,Insufficient data / model fit for a call — abstention is the correct output.,Abstention-justified,input-gap: spot multiples/ROE unavailable to this method
CAMS,LOW CONF,-0.7086324916271162,high,62.4,Honest-abstention,,,,,,Insufficient data / model fit for a call — abstention is the correct output.,Abstention-justified,
NETWEB,LOW CONF,-0.7105982804903532,high,55.2,Honest-abstention,,,,,,Insufficient data / model fit for a call — abstention is the correct output.,Abstention-justified,
SUNFLAG,LOW CONF,-0.7139388104062203,medium,40.8,Honest-abstention,,,,,,Insufficient data / model fit for a call — abstention is the correct output.,Abstention-justified,near-zero/negative returns — no defensible capitalization
63MOONS,LOW CONF,-0.7167151049492526,medium,15.9,Honest-abstention,,,,,,Insufficient data / model fit for a call — abstention is the correct output.,Abstention-justified,input-gap: spot multiples/ROE unavailable to this method
JIOFIN,LOW CONF,-0.7186435562210323,high,35.3,Honest-abstention,,,,,,Insufficient data / model fit for a call — abstention is the correct output.,Abstention-justified,near-zero/negative returns — no defensible capitalization
INDUSINDBK,LOW CONF,-0.7189220813383062,high,45.0,Honest-abstention,,,,,,Insufficient data / model fit for a call — abstention is the correct output.,Engine-wrongly-abstained,
KFINTECH,LOW CONF,-0.7228854482225423,high,35.3,Honest-abstention,,,,,,Insufficient data / model fit for a call — abstention is the correct output.,Engine-wrongly-abstained,
360ONE,LOW CONF,-0.7249806429490745,high,51.7,Honest-abstention,,,,,,Insufficient data / model fit for a call — abstention is the correct output.,Abstention-justified,
RUBICON,LOW CONF,-0.7283343808880797,medium,37.8,Honest-abstention,,,,,,Insufficient data / model fit for a call — abstention is the correct output.,Abstention-justified,
INDIGO,LOW CONF,-0.7285401809453764,medium,25.9,Honest-abstention,,,,,,Insufficient data / model fit for a call — abstention is the correct output.,Abstention-justified,input-gap: spot multiples/ROE unavailable to this method
VEDPOWER,LOW CONF,-0.7304645196654295,medium,11.5,Honest-abstention,,,,,,Insufficient data / model fit for a call — abstention is the correct output.,Abstention-justified,input-gap: spot multiples/ROE unavailable to this method
ENRIN,LOW CONF,-0.7309727050908233,high,57.8,Honest-abstention,,,,,,Insufficient data / model fit for a call — abstention is the correct output.,Abstention-justified,
INDOSTAR,LOW CONF,-0.7361430967092346,medium,28.0,Honest-abstention,,,,,,Insufficient data / model fit for a call — abstention is the correct output.,Abstention-justified,near-zero/negative returns — no defensible capitalization
SOLARINDS,LOW CONF,-0.7389927894107443,high,52.0,Honest-abstention,,,,,,Insufficient data / model fit for a call — abstention is the correct output.,Abstention-justified,
CENTUM,LOW CONF,-0.7395818415560041,medium,58.6,Honest-abstention,,,,,,Insufficient data / model fit for a call — abstention is the correct output.,Abstention-justified,
GABRIEL,LOW CONF,-0.7406497336557615,high,38.3,Honest-abstention,,,,,,Insufficient data / model fit for a call — abstention is the correct output.,Abstention-justified,
IDFCFIRSTB,LOW CONF,-0.7416678230158973,high,41.7,Honest-abstention,,,,,,Insufficient data / model fit for a call — abstention is the correct output.,Abstention-justified,near-zero/negative returns — no defensible capitalization
SCHNEIDER,LOW CONF,-0.7425921481923417,high,53.8,Honest-abstention,,,,,,Insufficient data / model fit for a call — abstention is the correct output.,Abstention-justified,
MCX,LOW CONF,-0.7494697721815892,high,66.8,Honest-abstention,,,,,,Insufficient data / model fit for a call — abstention is the correct output.,Abstention-justified,
AGIIL,LOW CONF,-0.754215934203779,medium,56.3,Honest-abstention,,,,,,Insufficient data / model fit for a call — abstention is the correct output.,Abstention-justified,
TDPOWERSYS,LOW CONF,-0.7577900869909446,medium,56.4,Honest-abstention,,,,,,Insufficient data / model fit for a call — abstention is the correct output.,Abstention-justified,
ABB,LOW CONF,-0.7611772538391344,high,50.4,Honest-abstention,,,,,,Insufficient data / model fit for a call — abstention is the correct output.,Abstention-justified,
NEOGEN,LOW CONF,-0.7625615408812165,medium,34.9,Honest-abstention,,,,,,Insufficient data / model fit for a call — abstention is the correct output.,Abstention-justified,near-zero/negative returns — no defensible capitalization
RTNINDIA,LOW CONF,-0.7631750061599608,medium,13.2,Honest-abstention,,,,,,Insufficient data / model fit for a call — abstention is the correct output.,Abstention-justified,input-gap: spot multiples/ROE unavailable to this method
MMTC,LOW CONF,-0.7662693987991395,high,53.0,Honest-abstention,,,,,,Insufficient data / model fit for a call — abstention is the correct output.,Abstention-justified,
GVT&D,LOW CONF,-0.7685234607465237,high,60.8,Honest-abstention,,,,,,Insufficient data / model fit for a call — abstention is the correct output.,Abstention-justified,
LAURUSLABS,LOW CONF,-0.7706010350424366,high,57.6,Honest-abstention,,,,,,Insufficient data / model fit for a call — abstention is the correct output.,Abstention-justified,
NAM-INDIA,LOW CONF,-0.7717052114335924,high,57.9,Honest-abstention,,,,,,Insufficient data / model fit for a call — abstention is the correct output.,Abstention-justified,
LLOYDSENT,LOW CONF,-0.7768488786223754,medium,31.1,Honest-abstention,,,,,,Insufficient data / model fit for a call — abstention is the correct output.,Engine-wrongly-abstained,
PAGEIND,LOW CONF,-0.7818490530092892,high,58.9,Honest-abstention,,,,,,Insufficient data / model fit for a call — abstention is the correct output.,Engine-wrongly-abstained,
FUSION,LOW CONF,-0.7824542543606352,medium,32.6,Honest-abstention,,,,,,Insufficient data / model fit for a call — abstention is the correct output.,Abstention-justified,
ACUTAAS,LOW CONF,-0.7864723024721921,high,48.5,Honest-abstention,,,,,,Insufficient data / model fit for a call — abstention is the correct output.,Abstention-justified,
AEGISLOG,LOW CONF,-0.7934332873304133,high,47.8,Honest-abstention,,,,,,Insufficient data / model fit for a call — abstention is the correct output.,Engine-wrongly-abstained,
CDSL,LOW CONF,-0.7968278633494521,high,45.9,Honest-abstention,,,,,,Insufficient data / model fit for a call — abstention is the correct output.,Engine-wrongly-abstained,
MAHSCOOTER,LOW CONF,-0.797357655673964,medium,37.3,Honest-abstention,,,,,,Insufficient data / model fit for a call — abstention is the correct output.,Abstention-justified,
HSCL,LOW CONF,-0.7973863316463151,high,50.8,Honest-abstention,,,,,,Insufficient data / model fit for a call — abstention is the correct output.,Engine-wrongly-abstained,
RHIM,LOW CONF,-0.7995135484401241,medium,33.0,Honest-abstention,,,,,,Insufficient data / model fit for a call — abstention is the correct output.,Abstention-justified,near-zero/negative returns — no defensible capitalization
SHAILY,LOW CONF,-0.8128839833450354,medium,51.6,Honest-abstention,,,,,,Insufficient data / model fit for a call — abstention is the correct output.,Abstention-justified,
NAZARA,LOW CONF,-0.8161706621429488,medium,33.8,Honest-abstention,,,,,,Insufficient data / model fit for a call — abstention is the correct output.,Abstention-justified,near-zero/negative returns — no defensible capitalization
CPPLUS,LOW CONF,-0.8162357992851207,high,49.9,Honest-abstention,,,,,,Insufficient data / model fit for a call — abstention is the correct output.,Abstention-justified,
PWL,LOW CONF,-0.8180714386116293,medium,9.5,Honest-abstention,,,,,,Insufficient data / model fit for a call — abstention is the correct output.,Abstention-justified,input-gap: spot multiples/ROE unavailable to this method
MEESHO,LOW CONF,-0.8181661323291808,medium,2.8,Honest-abstention,,,,,,Insufficient data / model fit for a call — abstention is the correct output.,Abstention-justified,input-gap: spot multiples/ROE unavailable to this method
LXCHEM,LOW CONF,-0.8245223939004961,medium,29.3,Honest-abstention,,,,,,Insufficient data / model fit for a call — abstention is the correct output.,Engine-wrongly-abstained,
POCL,LOW CONF,-0.8295298027658394,medium,59.5,Honest-abstention,,,,,,Insufficient data / model fit for a call — abstention is the correct output.,Engine-wrongly-abstained,
DELHIVERY,LOW CONF,-0.8378724236350527,high,44.2,Honest-abstention,,,,,,Insufficient data / model fit for a call — abstention is the correct output.,Abstention-justified,near-zero/negative returns — no defensible capitalization
TURTLEMINT,LOW CONF,-0.8401782530577471,medium,5.6,Honest-abstention,,,,,,Insufficient data / model fit for a call — abstention is the correct output.,Abstention-justified,input-gap: spot multiples/ROE unavailable to this method
GVPIL,LOW CONF,-0.8426587363325531,medium,63.3,Honest-abstention,,,,,,Insufficient data / model fit for a call — abstention is the correct output.,Engine-wrongly-abstained,
DIACABS,LOW CONF,-0.8493213728462271,low,42.1,Honest-abstention,,,,,,Insufficient data / model fit for a call — abstention is the correct output.,Abstention-justified,input-gap: spot multiples/ROE unavailable to this method
SIGNATURE,LOW CONF,-0.8514802377193711,high,59.8,Honest-abstention,,,,,,Insufficient data / model fit for a call — abstention is the correct output.,Engine-wrongly-abstained,
RITES,LOW CONF,-0.8570331688476546,high,35.7,Honest-abstention,,,,,,Insufficient data / model fit for a call — abstention is the correct output.,Abstention-justified,near-zero/negative returns — no defensible capitalization
URBANCO,LOW CONF,-0.8580394900565254,medium,24.3,Honest-abstention,,,,,,Insufficient data / model fit for a call — abstention is the correct output.,Abstention-justified,input-gap: spot multiples/ROE unavailable to this method
ICICIAMC,LOW CONF,-0.8602795955780632,high,57.3,Honest-abstention,,,,,,Insufficient data / model fit for a call — abstention is the correct output.,Abstention-justified,
AAVAS,LOW CONF,-0.8644871358218189,high,37.6,Honest-abstention,,,,,,Insufficient data / model fit for a call — abstention is the correct output.,Abstention-justified,near-zero/negative returns — no defensible capitalization
E2E,LOW CONF,-0.8662780932586519,medium,33.0,Honest-abstention,,,,,,Insufficient data / model fit for a call — abstention is the correct output.,Abstention-justified,input-gap: spot multiples/ROE unavailable to this method
MAHLOG,LOW CONF,-0.8668917715131796,medium,33.1,Honest-abstention,,,,,,Insufficient data / model fit for a call — abstention is the correct output.,Abstention-justified,near-zero/negative returns — no defensible capitalization
CUPID,LOW CONF,-0.8698655385320065,medium,53.3,Honest-abstention,,,,,,Insufficient data / model fit for a call — abstention is the correct output.,Abstention-justified,
GODIGIT,LOW CONF,-0.8699972482147075,high,57.8,Honest-abstention,,,,,,Insufficient data / model fit for a call — abstention is the correct output.,Engine-wrongly-abstained,
DBREALTY,LOW CONF,-0.874770802109881,medium,11.7,Honest-abstention,,,,,,Insufficient data / model fit for a call — abstention is the correct output.,Abstention-justified,
POWERINDIA,LOW CONF,-0.8759564057793088,high,53.7,Honest-abstention,,,,,,Insufficient data / model fit for a call — abstention is the correct output.,Abstention-justified,
NSIL,LOW CONF,-0.8801333231033863,low,36.8,Honest-abstention,,,,,,Insufficient data / model fit for a call — abstention is the correct output.,Abstention-justified,
HINDCOPPER,LOW CONF,-0.8812058688615271,high,66.1,Honest-abstention,,,,,,Insufficient data / model fit for a call — abstention is the correct output.,Abstention-justified,
ORCHPHARMA,LOW CONF,-0.8820653551566965,medium,38.7,Honest-abstention,,,,,,Insufficient data / model fit for a call — abstention is the correct output.,Abstention-justified,near-zero/negative returns — no defensible capitalization
KWIL,LOW CONF,-0.8867266317952142,medium,3.9,Honest-abstention,,,,,,Insufficient data / model fit for a call — abstention is the correct output.,Abstention-justified,input-gap: spot multiples/ROE unavailable to this method
ETERNAL,LOW CONF,-0.8872383359946182,high,36.6,Honest-abstention,,,,,,Insufficient data / model fit for a call — abstention is the correct output.,Abstention-justified,
CARTRADE,LOW CONF,-0.8875037234213496,high,38.4,Honest-abstention,,,,,,Insufficient data / model fit for a call — abstention is the correct output.,Abstention-justified,
INDOTHAI,LOW CONF,-0.8885200062717397,medium,53.4,Honest-abstention,,,,,,Insufficient data / model fit for a call — abstention is the correct output.,Abstention-justified,
BHAGCHEM,LOW CONF,-0.8905068195882938,medium,22.3,Honest-abstention,,,,,,Insufficient data / model fit for a call — abstention is the correct output.,Abstention-justified,near-zero/negative returns — no defensible capitalization
GMRAIRPORT,LOW CONF,-0.8908872938138117,low,55.3,Honest-abstention,,,,,,Insufficient data / model fit for a call — abstention is the correct output.,Abstention-justified,input-gap: spot multiples/ROE unavailable to this method
PINELABS,LOW CONF,-0.8928792440199874,high,22.9,Honest-abstention,,,,,,Insufficient data / model fit for a call — abstention is the correct output.,Abstention-justified,near-zero/negative returns — no defensible capitalization
RTNPOWER,LOW CONF,-0.9023953961631699,medium,24.6,Honest-abstention,,,,,,Insufficient data / model fit for a call — abstention is the correct output.,Abstention-justified,
GUJALKALI,LOW CONF,-0.911004726582122,medium,40.4,Honest-abstention,,,,,,Insufficient data / model fit for a call — abstention is the correct output.,Abstention-justified,input-gap: spot multiples/ROE unavailable to this method
NIVABUPA,LOW CONF,-0.918599213802298,high,40.8,Honest-abstention,,,,,,Insufficient data / model fit for a call — abstention is the correct output.,Abstention-justified,near-zero/negative returns — no defensible capitalization
SPARC,LOW CONF,-0.9193870726094734,medium,64.3,Honest-abstention,,,,,,Insufficient data / model fit for a call — abstention is the correct output.,Abstention-justified,
RPEL,LOW CONF,-0.9224574004695065,medium,54.7,Honest-abstention,,,,,,Insufficient data / model fit for a call — abstention is the correct output.,Abstention-justified,
ATHERENERG,LOW CONF,-0.9256283863154312,medium,27.2,Honest-abstention,,,,,,Insufficient data / model fit for a call — abstention is the correct output.,Abstention-justified,input-gap: spot multiples/ROE unavailable to this method
VIPIND,LOW CONF,-0.9289740624737709,medium,19.9,Honest-abstention,,,,,,Insufficient data / model fit for a call — abstention is the correct output.,Abstention-justified,input-gap: spot multiples/ROE unavailable to this method
IDEAFORGE,LOW CONF,-0.93140085568376,medium,34.3,Honest-abstention,,,,,,Insufficient data / model fit for a call — abstention is the correct output.,Abstention-justified,input-gap: spot multiples/ROE unavailable to this method
SUVEN,LOW CONF,-0.9321510241898613,medium,25.2,Honest-abstention,,,,,,Insufficient data / model fit for a call — abstention is the correct output.,Abstention-justified,input-gap: spot multiples/ROE unavailable to this method
BLUESTONE,LOW CONF,-0.9387249227727076,medium,22.3,Honest-abstention,,,,,,Insufficient data / model fit for a call — abstention is the correct output.,Abstention-justified,near-zero/negative returns — no defensible capitalization
NACLIND,LOW CONF,-0.9400136277626414,medium,10.0,Honest-abstention,,,,,,Insufficient data / model fit for a call — abstention is the correct output.,Abstention-justified,
PAYTM,LOW CONF,-0.9413600187123781,high,33.6,Honest-abstention,,,,,,Insufficient data / model fit for a call — abstention is the correct output.,Abstention-justified,near-zero/negative returns — no defensible capitalization
APLAPOLLO,LOW CONF,-0.9417245854325415,high,46.6,Honest-abstention,,,,,,Insufficient data / model fit for a call — abstention is the correct output.,Abstention-justified,
CANHLIFE,LOW CONF,-0.9456588793466422,high,45.2,Honest-abstention,,,,,,Insufficient data / model fit for a call — abstention is the correct output.,Engine-wrongly-abstained,
GMDCLTD,LOW CONF,-0.9474713841285589,high,33.5,Honest-abstention,,,,,,Insufficient data / model fit for a call — abstention is the correct output.,Abstention-justified,near-zero/negative returns — no defensible capitalization
FACT,LOW CONF,-0.9501293963337717,medium,24.4,Honest-abstention,,,,,,Insufficient data / model fit for a call — abstention is the correct output.,Abstention-justified,input-gap: spot multiples/ROE unavailable to this method
NTPCGREEN,LOW CONF,-0.9540553335783426,high,37.0,Honest-abstention,,,,,,Insufficient data / model fit for a call — abstention is the correct output.,Abstention-justified,near-zero/negative returns — no defensible capitalization
SWANCORP,LOW CONF,-0.9596771477609549,high,25.2,Honest-abstention,,,,,,Insufficient data / model fit for a call — abstention is the correct output.,Abstention-justified,near-zero/negative returns — no defensible capitalization
POLICYBZR,LOW CONF,-0.960129145386884,high,38.3,Honest-abstention,,,,,,Insufficient data / model fit for a call — abstention is the correct output.,Engine-wrongly-abstained,
ZOTA,LOW CONF,-0.9616977318903159,medium,42.1,Honest-abstention,,,,,,Insufficient data / model fit for a call — abstention is the correct output.,Abstention-justified,input-gap: spot multiples/ROE unavailable to this method
KIOCL,LOW CONF,-0.9673082836445274,medium,27.0,Honest-abstention,,,,,,Insufficient data / model fit for a call — abstention is the correct output.,Abstention-justified,
MFSL,LOW CONF,-0.9680474309527383,high,43.9,Honest-abstention,,,,,,Insufficient data / model fit for a call — abstention is the correct output.,Abstention-justified,near-zero/negative returns — no defensible capitalization
AEQUS,LOW CONF,-0.9685420353827647,medium,5.8,Honest-abstention,,,,,,Insufficient data / model fit for a call — abstention is the correct output.,Abstention-justified,input-gap: spot multiples/ROE unavailable to this method
STLTECH,LOW CONF,-0.9705985235505188,medium,32.1,Honest-abstention,,,,,,Insufficient data / model fit for a call — abstention is the correct output.,Abstention-justified,near-zero/negative returns — no defensible capitalization
HEMIPROP,LOW CONF,-0.9891515553121988,medium,24.7,Honest-abstention,,,,,,Insufficient data / model fit for a call — abstention is the correct output.,Abstention-justified,input-gap: spot multiples/ROE unavailable to this method
VOGL,LOW CONF,-0.9936649422549675,low,0.0,Honest-abstention,,,,,,Insufficient data / model fit for a call — abstention is the correct output.,Abstention-justified,input-gap: spot multiples/ROE unavailable to this method
INDIACEM,LOW CONF,-0.9942131903268048,medium,43.8,Honest-abstention,,,,,,Insufficient data / model fit for a call — abstention is the correct output.,Abstention-justified,input-gap: spot multiples/ROE unavailable to this method
WESTLIFE,NO DATA,,medium,24.1,Honest-abstention,,,,,,Insufficient data / model fit for a call — abstention is the correct output.,Engine-wrongly-abstained,
BAGMANE,NO DATA,,low,,Honest-abstention,,,,,,Insufficient data / model fit for a call — abstention is the correct output.,Abstention-justified,input-gap: spot multiples/ROE unavailable to this method
RATEGAIN,NO DATA,,low,49.1,Honest-abstention,,,,,,Insufficient data / model fit for a call — abstention is the correct output.,Abstention-justified,input-gap: spot multiples/ROE unavailable to this method
BAJAJHIND,LOW CONF,,medium,38.2,Honest-abstention,,,,,,Insufficient data / model fit for a call — abstention is the correct output.,Abstention-justified,near-zero/negative returns — no defensible capitalization
ALOKINDS,NO DATA,,low,28.4,Honest-abstention,,,,,,Insufficient data / model fit for a call — abstention is the correct output.,Abstention-justified,input-gap: spot multiples/ROE unavailable to this method
AGARWALEYE,NO DATA,,low,68.9,Honest-abstention,,,,,,Insufficient data / model fit for a call — abstention is the correct output.,Abstention-justified,input-gap: spot multiples/ROE unavailable to this method
AGL,NO DATA,,low,,Honest-abstention,,,,,,Insufficient data / model fit for a call — abstention is the correct output.,Abstention-justified,input-gap: spot multiples/ROE unavailable to this method
CCAVENUE,NO DATA,,low,45.5,Honest-abstention,,,,,,Insufficient data / model fit for a call — abstention is the correct output.,Abstention-justified,input-gap: spot multiples/ROE unavailable to this method
CMSINFO,NO DATA,,low,41.5,Honest-abstention,,,,,,Insufficient data / model fit for a call — abstention is the correct output.,Abstention-justified,input-gap: spot multiples/ROE unavailable to this method
EQUITASBNK,NO DATA,,low,69.2,Honest-abstention,,,,,,Insufficient data / model fit for a call — abstention is the correct output.,Abstention-justified,input-gap: spot multiples/ROE unavailable to this method
DBL,NO DATA,,low,70.4,Honest-abstention,,,,,,Insufficient data / model fit for a call — abstention is the correct output.,Abstention-justified,
EDELWEISS,LOW CONF,,medium,58.3,Honest-abstention,,,,,,Insufficient data / model fit for a call — abstention is the correct output.,Engine-wrongly-abstained,
GMMPFAUDLR,NO DATA,,low,48.4,Honest-abstention,,,,,,Insufficient data / model fit for a call — abstention is the correct output.,Abstention-justified,input-gap: spot multiples/ROE unavailable to this method
HCG,NO DATA,,low,75.0,Honest-abstention,,,,,,Insufficient data / model fit for a call — abstention is the correct output.,Abstention-justified,input-gap: spot multiples/ROE unavailable to this method
HGINFRA,NO DATA,,low,39.5,Honest-abstention,,,,,,Insufficient data / model fit for a call — abstention is the correct output.,Abstention-justified,input-gap: spot multiples/ROE unavailable to this method
IONEXCHANG,NO DATA,,low,21.8,Honest-abstention,,,,,,Insufficient data / model fit for a call — abstention is the correct output.,Abstention-justified,input-gap: spot multiples/ROE unavailable to this method
KITEX,LOW CONF,,low,2.9,Honest-abstention,,,,,,Insufficient data / model fit for a call — abstention is the correct output.,Abstention-justified,input-gap: spot multiples/ROE unavailable to this method
RAIN,NO DATA,,low,54.9,Honest-abstention,,,,,,Insufficient data / model fit for a call — abstention is the correct output.,Abstention-justified,input-gap: spot multiples/ROE unavailable to this method
RBA,LOW CONF,,medium,40.3,Honest-abstention,,,,,,Insufficient data / model fit for a call — abstention is the correct output.,Abstention-justified,input-gap: spot multiples/ROE unavailable to this method
RENUKA,NO DATA,,low,33.9,Honest-abstention,,,,,,Insufficient data / model fit for a call — abstention is the correct output.,Abstention-justified,input-gap: spot multiples/ROE unavailable to this method
SAFARI,NO DATA,,low,40.2,Honest-abstention,,,,,,Insufficient data / model fit for a call — abstention is the correct output.,Abstention-justified,input-gap: spot multiples/ROE unavailable to this method
KSCL,NO DATA,,medium,52.7,Honest-abstention,,,,,,Insufficient data / model fit for a call — abstention is the correct output.,Abstention-justified,
TARC,LOW CONF,,medium,26.2,Honest-abstention,,,,,,Insufficient data / model fit for a call — abstention is the correct output.,Abstention-justified,near-zero/negative returns — no defensible capitalization
TI,NO DATA,,low,61.1,Honest-abstention,,,,,,Insufficient data / model fit for a call — abstention is the correct output.,Abstention-justified,input-gap: spot multiples/ROE unavailable to this method
VGUARD,NO DATA,,low,57.2,Honest-abstention,,,,,,Insufficient data / model fit for a call — abstention is the correct output.,Abstention-justified,input-gap: spot multiples/ROE unavailable to this method
DBCORP,NO DATA,,low,42.8,Honest-abstention,,,,,,Insufficient data / model fit for a call — abstention is the correct output.,Abstention-justified,input-gap: spot multiples/ROE unavailable to this method
DCAL,LOW CONF,,medium,19.2,Honest-abstention,,,,,,Insufficient data / model fit for a call — abstention is the correct output.,Abstention-justified,
DREDGECORP,LOW CONF,,medium,39.1,Honest-abstention,,,,,,Insufficient data / model fit for a call — abstention is the correct output.,Abstention-justified,
HEIDELBERG,NO DATA,,low,46.2,Honest-abstention,,,,,,Insufficient data / model fit for a call — abstention is the correct output.,Abstention-justified,input-gap: spot multiples/ROE unavailable to this method
ISGEC,NO DATA,,low,27.6,Honest-abstention,,,,,,Insufficient data / model fit for a call — abstention is the correct output.,Abstention-justified,input-gap: spot multiples/ROE unavailable to this method
INDIQUBE,LOW CONF,,medium,27.2,Honest-abstention,,,,,,Insufficient data / model fit for a call — abstention is the correct output.,Abstention-justified,input-gap: spot multiples/ROE unavailable to this method
POLYPLEX,NO DATA,,low,43.4,Honest-abstention,,,,,,Insufficient data / model fit for a call — abstention is the correct output.,Abstention-justified,input-gap: spot multiples/ROE unavailable to this method
JSWHL,LOW CONF,,medium,25.8,Honest-abstention,,,,,,Insufficient data / model fit for a call — abstention is the correct output.,Abstention-justified,
MAXESTATES,LOW CONF,,medium,44.7,Honest-abstention,,,,,,Insufficient data / model fit for a call — abstention is the correct output.,Abstention-justified,near-zero/negative returns — no defensible capitalization
RPSGVENT,LOW CONF,,medium,23.7,Honest-abstention,,,,,,Insufficient data / model fit for a call — abstention is the correct output.,Abstention-justified,input-gap: spot multiples/ROE unavailable to this method
ABFRL,LOW CONF,,medium,46.7,Honest-abstention,,,,,,Insufficient data / model fit for a call — abstention is the correct output.,Abstention-justified,input-gap: spot multiples/ROE unavailable to this method
ABREL,LOW CONF,,medium,35.1,Honest-abstention,,,,,,Insufficient data / model fit for a call — abstention is the correct output.,Abstention-justified,input-gap: spot multiples/ROE unavailable to this method
ACMESOLAR,LOW CONF,,high,31.6,Honest-abstention,,,,,,Insufficient data / model fit for a call — abstention is the correct output.,Abstention-justified,near-zero/negative returns — no defensible capitalization
HINDPETRO,LOW CONF,,high,36.2,Honest-abstention,,,,,,Insufficient data / model fit for a call — abstention is the correct output.,Abstention-justified,
EMBDL,LOW CONF,,medium,23.9,Honest-abstention,,,,,,Insufficient data / model fit for a call — abstention is the correct output.,Abstention-justified,input-gap: spot multiples/ROE unavailable to this method
JBMA,LOW CONF,,high,28.8,Honest-abstention,,,,,,Insufficient data / model fit for a call — abstention is the correct output.,Abstention-justified,near-zero/negative returns — no defensible capitalization
SHILCTECH,NO DATA,,medium,67.9,Honest-abstention,,,,,,Insufficient data / model fit for a call — abstention is the correct output.,Abstention-justified,
NSLNISP,LOW CONF,,high,39.3,Honest-abstention,,,,,,Insufficient data / model fit for a call — abstention is the correct output.,Abstention-justified,
OLAELEC,LOW CONF,,medium,26.6,Honest-abstention,,,,,,Insufficient data / model fit for a call — abstention is the correct output.,Abstention-justified,input-gap: spot multiples/ROE unavailable to this method
SINDHUTRAD,LOW CONF,,medium,20.2,Honest-abstention,,,,,,Insufficient data / model fit for a call — abstention is the correct output.,Abstention-justified,near-zero/negative returns — no defensible capitalization
ONESOURCE,LOW CONF,,medium,39.3,Honest-abstention,,,,,,Insufficient data / model fit for a call — abstention is the correct output.,Abstention-justified,input-gap: spot multiples/ROE unavailable to this method
RPOWER,LOW CONF,,medium,14.5,Honest-abstention,,,,,,Insufficient data / model fit for a call — abstention is the correct output.,Abstention-justified,input-gap: spot multiples/ROE unavailable to this method
PHOENIXLTD,LOW CONF,,high,48.2,Honest-abstention,,,,,,Insufficient data / model fit for a call — abstention is the correct output.,Abstention-justified,near-zero/negative returns — no defensible capitalization
IDEA,NO DATA,,low,61.3,Honest-abstention,,,,,,Insufficient data / model fit for a call — abstention is the correct output.,Abstention-justified,input-gap: spot multiples/ROE unavailable to this method
WOCKPHARMA,NO DATA,,high,29.1,Honest-abstention,,,,,,Insufficient data / model fit for a call — abstention is the correct output.,Engine-wrongly-abstained,
TTML,NO DATA,,low,22.8,Honest-abstention,,,,,,Insufficient data / model fit for a call — abstention is the correct output.,Abstention-justified,input-gap: spot multiples/ROE unavailable to this method
TEJASNET,LOW CONF,,medium,24.7,Honest-abstention,,,,,,Insufficient data / model fit for a call — abstention is the correct output.,Abstention-justified,near-zero/negative returns — no defensible capitalization
CHEMPLASTS,LOW CONF,,medium,22.8,Honest-abstention,,,,,,Insufficient data / model fit for a call — abstention is the correct output.,Abstention-justified,input-gap: spot multiples/ROE unavailable to this method
ITDC,NO DATA,,low,33.4,Honest-abstention,,,,,,Insufficient data / model fit for a call — abstention is the correct output.,Abstention-justified,input-gap: spot multiples/ROE unavailable to this method
SUNCLAY,NO DATA,,medium,53.7,Honest-abstention,,,,,,Insufficient data / model fit for a call — abstention is the correct output.,Abstention-justified,
SWANDEF,LOW CONF,,low,0.0,Honest-abstention,,,,,,Insufficient data / model fit for a call — abstention is the correct output.,Abstention-justified,input-gap: spot multiples/ROE unavailable to this method
TVSHLTD,NO DATA,,medium,75.6,Honest-abstention,,,,,,Insufficient data / model fit for a call — abstention is the correct output.,Engine-wrongly-abstained,
UEL,LOW CONF,,medium,7.3,Honest-abstention,,,,,,Insufficient data / model fit for a call — abstention is the correct output.,Abstention-justified,near-zero/negative returns — no defensible capitalization
SIGMAADV,NO DATA,,low,,Honest-abstention,,,,,,Insufficient data / model fit for a call — abstention is the correct output.,Abstention-justified,input-gap: spot multiples/ROE unavailable to this method
VAML,NO DATA,,low,,Honest-abstention,,,,,,Insufficient data / model fit for a call — abstention is the correct output.,Data-defect,known live data bug (platform audit DATA-01/02)
VISL,NO DATA,,low,,Honest-abstention,,,,,,Insufficient data / model fit for a call — abstention is the correct output.,Data-defect,known live data bug (platform audit DATA-01/02)
NETWORK18,LOW CONF,,medium,30.6,Honest-abstention,,,,,,Insufficient data / model fit for a call — abstention is the correct output.,Abstention-justified,near-zero/negative returns — no defensible capitalization
