ticker,name,type,sector,valuation_sector,data_tier,price,intrinsic,mos,verdict,confidence,composite,reliable,roe,pe,pb,implied_pe,analyst_upside,abstain_cause,red_flags,alt_model
NATCOPHARM,NATCO Pharma Ltd.,nonfinancial,Healthcare,PHARMA,full,947.1,1868.04841505668,0.972387725748791,BUY,high,84.01337568992324,True,0.14877834531671927,11.956973540345507,1.7789387383283992,23.6,0.044240312532995436,,,False
GODFRYPHLP,Godfrey Phillips India Ltd.,nonfinancial,Fast Moving Consumer Goods,CONSUMER,full,2113.5,4160.516194567794,0.9685432668880027,BUY,high,85.36847362206697,True,0.19995364140337776,21.60799388182257,4.3205970600923305,42.5,,,,False
AWL,AWL Agri Business Ltd.,nonfinancial,Fast Moving Consumer Goods,CONSUMER,full,188.76,360.91354278931385,0.9120234307550004,BUY,high,68.11594284126951,True,0.09486318951183445,23.449204797867612,2.224466358641933,44.8,0.7376562831108286,,,False
KKCL,Kewal Kiran Clothing,nonfinancial,Apparel/Accessories,CONSUMER_DISC,full,495.0,934.3641383338686,0.8876043198664012,BUY,medium,69.78709779716887,True,0.1622920596353251,21.484995731827436,3.4868442085744427,40.6,0.3696969696969697,,,False
GENUSPOWER,Genus Power Infrastructures,nonfinancial,Electronic Instr. & Controls,MANUFACTURING,full,317.6,590.2122622908149,0.858350951797276,BUY,medium,70.58204381789517,True,0.25475280027416536,14.92008850340738,3.800934326581411,27.7,0.40113350125944575,,,False
COALINDIA,Coal India Ltd.,nonfinancial,Oil Gas & Consumable Fuels,ENERGY,full,427.65,784.9363356588551,0.8354643649219108,BUY,high,87.69720983035744,True,0.26087466864413866,8.475074733075468,2.210932312725375,15.6,0.08967613702794347,,,False
KPITTECH,KPIT Technologies Ltd.,nonfinancial,Information Technology,IT_SERVICES,full,553.9,980.8888818045492,0.7708772013080868,BUY,high,78.837826185558,True,0.18000175096232326,23.794314134647063,4.283018207184029,42.1,0.46235782632244093,,,False
BLS,BLS International Services Ltd.,nonfinancial,Consumer Services,CONSUMER,full,234.4,413.76146720897964,0.7651939727345547,BUY,high,82.68456608468307,True,0.2938143911409156,14.08731693838077,4.139056449059453,24.9,0.4078498293515358,,,False
SAMHI,Samhi Hotels,nonfinancial,Hotels & Motels,CONSUMER_DISC,full,165.1,287.9994964372426,0.7443942849015301,BUY,medium,69.58765161792925,True,0.2621231979030144,6.410613636363636,1.6803705468843084,11.2,0.8291944276196246,,,False
CESC,CESC Ltd.,nonfinancial,Power,UTILITIES,full,165.1,287.7305021345695,0.7427650038435465,BUY,high,69.0107859469447,True,0.12913008778930565,14.195742892459826,1.8330975259377496,24.7,0.29618413082980016,,,False
INFY,Infosys Ltd.,nonfinancial,Information Technology,IT_SERVICES,full,1096.5,1801.6829799560028,0.6431217327460126,BUY,high,83.0768674155663,True,0.3174298884245897,15.346312512723078,4.871378268642571,25.2,0.2603739170086639,,,False
WEBELSOLAR,Websol Energy System,nonfinancial,Semiconductors,MANUFACTURING,full,104.29,168.83330416239843,0.6188829625313877,BUY,medium,72.81450833386174,True,0.48041858252735054,14.941349504950496,7.178101950214047,24.2,,,,False
SONATSOFTW,Sonata Software Ltd.,nonfinancial,Information Technology,IT_SERVICES,full,307.45,477.69260861552135,0.5537245360726016,BUY,high,73.14024437555425,True,0.24382163464819936,18.36530287043218,4.477858166678042,28.5,0.06358757521548224,,,False
CHALET,Chalet Hotels Ltd.,nonfinancial,Consumer Services,CONSUMER,full,863.0,1308.4481907540794,0.5161624458332322,BUY,high,73.28791939183078,True,0.17443391863788912,29.287572478372766,5.108746034793755,44.4,0.1564310544611819,,,False
WIPRO,Wipro Ltd.,nonfinancial,Information Technology,IT_SERVICES,full,176.0,266.8227108827139,0.51603813001542,BUY,high,71.5392369783391,True,0.14983035302834527,14.012733783121632,2.099532849617334,21.2,0.011363636363636364,,,False
HCLTECH,HCL Technologies Ltd.,nonfinancial,Information Technology,IT_SERVICES,full,1203.9,1824.90283933901,0.51582593183737,BUY,high,77.8747429860694,True,0.2215392802501164,19.620128633197215,4.346629175813211,29.7,0.04078411828224928,,,False
TCS,Tata Consultancy Services Ltd.,nonfinancial,Information Technology,IT_SERVICES,full,2269.0,3311.9267464745317,0.45964158064104527,BUY,high,77.89149254078244,True,0.46115255501678476,16.6827979536539,7.693314901156286,24.4,0.05817540766857646,,,False
INDIAMART,Indiamart Intermesh Ltd.,nonfinancial,Consumer Services,CONSUMER,full,1913.9,2703.065330966778,0.4123336281763823,BUY,high,74.22694213729976,True,0.19775202259642222,24.31283601584225,4.807912497187945,34.3,0.21113955797063583,,,False
EMAMILTD,Emami Ltd.,nonfinancial,Fast Moving Consumer Goods,CONSUMER,full,411.45,575.9143323257451,0.39971887793351596,BUY,high,77.57468679294345,True,0.26513861243920955,23.16615393545391,6.142241909999385,32.4,0.3634706525701787,,,False
LEMONTREE,Lemon Tree Hotels Ltd.,nonfinancial,Consumer Services,CONSUMER,full,111.7,154.88796807183087,0.3866425073574831,BUY,high,70.0870390533499,True,0.20713685314635075,38.91988762486127,8.061743047423361,54.0,0.36974037600716203,,,False
HEXT,Hexaware Technologies Ltd.,nonfinancial,Information Technology,IT_SERVICES,full,569.1,784.6329965675818,0.37872605265784887,BUY,high,73.39767709838122,True,0.20268596868826844,25.580318568623174,5.184771648435889,35.3,0.41451414514145135,,,False
GPPL,Gujarat Pipavav Port,nonfinancial,Misc. Transportation,LOGISTICS,full,150.73,207.50160186729732,0.37664434331120106,BUY,medium,68.65707627397099,True,0.2156939914504507,14.140537880699576,3.0500290567443886,19.5,0.14111324885556964,,,False
INDUSTOWER,Indus Towers Ltd.,nonfinancial,Telecommunication,TELECOM,full,403.0,554.2368593178103,0.3752775665454349,BUY,high,71.11116237673833,True,0.18021924248844765,14.876520315189858,2.681035222067518,20.5,0.11910669975186104,,,False
LUPIN,Lupin Ltd.,nonfinancial,Healthcare,PHARMA,full,2444.0,3314.9990236979265,0.35638257925447075,BUY,high,71.64492587351755,True,0.2385693864159688,20.987804991905474,5.007047759136896,28.5,0.0008183306055646482,,,False
ZENSARTECH,Zensar Technolgies Ltd.,nonfinancial,Information Technology,IT_SERVICES,full,520.5,686.8351785783981,0.3195680664330415,BUY,high,68.30221973841384,True,0.16414146765273038,15.448353989155693,2.535715496598927,20.4,0.17195004803073968,,,False
ZYDUSLIFE,Zydus Lifesciences Ltd.,nonfinancial,Healthcare,PHARMA,full,1153.9,1522.0516169887624,0.31904984573079315,BUY,high,68.08347613788355,True,0.18539802444728046,23.037136917077834,4.271039673347742,30.4,-0.03891151746251849,,,False
NMDC,NMDC Ltd.,nonfinancial,Metals & Mining,METAL,full,82.89,103.7809998323412,0.2520328125508649,BUY,high,74.57528869562314,True,0.21770002228268,9.786344592380422,2.1304874358272023,12.3,0.0737121486307154,,,False
CRIZAC,Crizac,nonfinancial,Business Services,MANUFACTURING,full,186.76,228.62390454718067,0.2241588377981403,BUY,medium,68.86372159682986,True,0.37492302429011287,14.920009124920156,5.593854943551146,18.3,1.104304990361962,,,False
GRINFRA,G R Infraprojects,nonfinancial,Construction Services,CONSTRUCTION,full,890.0,1717.8118325622806,0.9301256545643602,ACCUMULATE,medium,64.32387858208003,True,0.09622747117429756,9.535221254625629,0.9175502284200371,18.4,0.6112359550561798,,,False
MASTEK,Mastek,nonfinancial,Software & Programming,IT_SERVICES,full,1770.5,3323.9677538666406,0.877417539602734,ACCUMULATE,medium,66.36283162877227,True,0.13503350769590722,13.673168316831685,1.846335879138326,25.7,0.15108726348489127,,,False
LGBBROSLTD,LG Balakrishnan & Bros,nonfinancial,Misc. Capital Goods,CAPITAL_GOODS,full,1548.4,2833.554312501883,0.829988576919325,ACCUMULATE,medium,66.9732371182335,True,0.1479964711891164,15.496630482524942,2.2934466267353857,28.4,0.3258847842934641,,,False
PNGJL,P N Gadgil Jewellers,nonfinancial,Retail (Specialty),CONSUMER_DISC,full,591.75,1059.489855213925,0.7904349053044782,ACCUMULATE,medium,60.08264231881094,True,0.20880100676099106,19.594083988092336,4.091264463273094,35.1,0.38234051542036335,,,False
REDINGTON,Redington Ltd.,nonfinancial,Services,DISTRIBUTION,full,274.95,491.6733239626884,0.7882281286149788,ACCUMULATE,high,67.09507037315755,True,0.12638363582144196,14.424624459759373,1.8230364845832927,25.8,0.13111474813602478,,,False
LTFOODS,LT Foods Ltd.,nonfinancial,Fast Moving Consumer Goods,CONSUMER,full,383.9,684.2106886511431,0.7822627992996695,ACCUMULATE,high,66.22657518943831,True,0.1383449398731097,21.31345421983434,2.9486085425312583,38.0,0.30242250586090136,,,False
PATELENG,Patel Engineering,nonfinancial,Construction Services,CONSTRUCTION,full,29.37,52.12005114811378,0.7746016734121137,ACCUMULATE,medium,59.78579787744654,True,0.060793203557681696,10.34130409010077,0.6286810046013824,18.4,0.1235955056179775,,,False
JUSTDIAL,Just Dial,nonfinancial,Computer Services,IT_SERVICES,full,772.85,1358.9307675744571,0.758337022157543,ACCUMULATE,medium,66.34432559573358,True,0.09733123403988658,13.217224658967448,1.2864487866397205,23.2,0.2770912855017144,,,False
COROMANDEL,Coromandel International Ltd.,nonfinancial,Chemicals,CHEMICALS,full,2034.0,3545.008372198619,0.742875305899026,ACCUMULATE,high,66.25664312517551,True,0.1511511886152849,30.679201744866027,4.637197809504622,53.5,0.1863323500491642,,,False
BPCL,Bharat Petroleum Corporation Ltd.,nonfinancial,Oil Gas & Consumable Fuels,ENERGY,full,312.0,531.9284768671884,0.7048989643179114,ACCUMULATE,medium,60.156792340486824,True,0.2579952373089578,5.157936730583572,1.3307231108314983,8.8,0.08653846153846154,,,False
BALMLAWRIE,Balmer Lawrie & Company Ltd,nonfinancial,Misc. Fabricated Products,MANUFACTURING,full,176.96,301.1583128107336,0.7018439919232233,ACCUMULATE,medium,60.29974699243827,True,0.09896071439456279,11.381320192998666,1.1263035770524112,19.4,,,,False
SBIN,State Bank of India,financial,Financial Services,BANK,full,1044.3,1758.0759052543901,0.68349698865689,ACCUMULATE,high,64.106447729286,True,0.1397323711821869,11.455624776257228,1.6007216133598314,19.3,0.15675572153595715,,,False
KNRCON,KNR Constructions,nonfinancial,Construction Services,CONSTRUCTION,full,122.39,202.8222452335128,0.6571798777147871,ACCUMULATE,medium,59.74216091494948,True,0.08436058801405474,7.875515210757199,0.6643830940931096,13.1,0.21741972383364652,,,False
PNB,Punjab National Bank,financial,Financial Services,BANK,full,105.22,170.71497949319058,0.6224575127655444,ACCUMULATE,high,62.95757398683281,True,0.12264064638104309,6.576232122653076,0.8065133582739523,10.7,0.14046759171260217,,,False
BANKINDIA,Bank of India,financial,Financial Services,BANK,full,142.72,231.23117863934678,0.6201736171478894,ACCUMULATE,high,65.04088753827199,True,0.11456720900903804,6.303952495075828,0.7222262430863993,10.2,0.06502242152466368,,,False
JKIL,J. Kumar Infraprojects Ltd,nonfinancial,Construction Services,CONSTRUCTION,full,499.05,796.3763270361305,0.5957846448975664,ACCUMULATE,medium,58.15162643803802,True,0.11485926845125531,9.764302145257172,1.121520601341262,15.6,0.39064222021841494,,,False
KRISHANA,Krishana Phoschem,nonfinancial,Chemical Manufacturing,CHEMICALS,full,140.4,221.45810590203425,0.5773369366241755,ACCUMULATE,medium,62.80853358161239,True,0.3212833499785989,24.081931723563695,7.737123698102439,38.0,,,,False
RAYMOND,Raymond Realty,nonfinancial,Real Estate Operations,REALTY,full,605.5,944.3358457837053,0.5595967725577297,ACCUMULATE,medium,61.89488798103531,True,0.19432570721312728,13.23953511277455,2.572782023962945,20.6,,,,False
KPIGREEN,KPI Green Energy,nonfinancial,Electric Utilities,UTILITIES,full,410.2,634.4010649677265,0.5465652485805131,ACCUMULATE,medium,59.84137801572173,True,0.1678444297956493,17.060788626188042,2.8635583388266315,26.4,,,,False
J&KBANK,Jammu & Kashmir Bank Ltd.,financial,Financial Services,BANK,full,180.82,276.488185819577,0.5290796693926391,ACCUMULATE,high,65.97317360919332,True,0.14300251276077622,8.441296286093298,1.2071265798695499,12.9,0.09501161375953991,,,False
INDIANB,Indian Bank,financial,Financial Services,BANK,full,829.95,1268.23986007744,0.5280918851466232,ACCUMULATE,high,61.77528147376786,True,0.14622512333389304,9.551571305539511,1.3966796921849887,14.6,0.18320380745828055,,,False
BSOFT,Birlasoft Ltd.,nonfinancial,Information Technology,IT_SERVICES,full,288.0,435.4077004258201,0.5118322931452087,ACCUMULATE,high,66.71677511510993,True,0.12602751715871602,15.567867891040974,1.9619797377627903,23.5,0.3645833333333333,,,False
EIDPARRY,E.I.D. Parry (India) Ltd.,nonfinancial,Fast Moving Consumer Goods,CONSUMER,full,747.9,1124.7108215265202,0.5038251390914832,ACCUMULATE,high,58.68689512882903,True,0.06842585850179733,22.474900337837838,1.5378643503588887,33.8,0.5590319561438696,,,False
DDEVPLSTIK,Ddev Plastiks Industries,nonfinancial,Fabricated Plastic & Rubber,MANUFACTURING,full,284.45,424.4457916383201,0.4921630924180703,ACCUMULATE,medium,64.15045569668438,True,0.19917102536267642,14.587540878010108,2.90541547419323,21.8,0.32184918263315176,,,False
RAYMONDREL,Raymond Realty,nonfinancial,Real Estate Operations,REALTY,full,679.45,1012.9833605535109,0.4908872772882638,ACCUMULATE,medium,60.70536171513221,True,0.19432570721312728,14.856485767753377,2.886997103520435,22.1,,,,False
WEWORK,WeWork India Management,nonfinancial,Real Estate Operations,REALTY,full,677.95,1007.2480661817095,0.4857261836148823,ACCUMULATE,medium,65.10948598121429,True,0.5028694163841997,62.754715029364654,31.557426922173374,93.2,0.23017921675639788,,implied_pe_gt_2x_sector_exit,False
SHAKTIPUMP,Shakti Pumps India Ltd,nonfinancial,Misc. Capital Goods,CAPITAL_GOODS,full,546.65,782.8146718239414,0.43202171741322853,ACCUMULATE,medium,58.757432642342664,True,0.15102371068739887,26.04004775215467,3.932664638007458,37.3,,,,False
EIEL,Enviro Infra Engineers,nonfinancial,Water Utilities,UTILITIES,full,219.46,313.4118688191626,0.4281047517504901,ACCUMULATE,medium,60.60635188665902,True,0.15281777547030526,21.062940864210635,3.218791767731258,30.1,,,,False
JKTYRE,JK Tyre & Industries Ltd.,nonfinancial,Automobile and Auto Components,AUTO,full,404.7,569.1655770628345,0.40638887339469854,ACCUMULATE,high,58.2340443418792,True,0.12773684088951662,14.856267841227606,1.897692721446933,20.9,0.21324437855201386,,,False
M&M,Mahindra & Mahindra Ltd.,nonfinancial,Automobile and Auto Components,AUTO,full,3179.2,4444.855261526245,0.398104951411124,ACCUMULATE,high,62.697985171743326,True,0.20002620940563187,20.8370423554013,4.167954597575522,29.1,,,,False
CANFINHOME,Can Fin Homes Ltd.,financial,Financial Services,NBFC,full,887.9,1223.7770644610082,0.3782825368408697,ACCUMULATE,high,62.241004062405075,True,0.18155140124406396,10.89277273773889,1.9775981539696343,15.0,0.2073431692758194,,,False
AGI,AGI Greenpac,nonfinancial,Containers & Packaging,MANUFACTURING,full,695.6,953.4616589297832,0.3707039375068763,ACCUMULATE,medium,59.15319696717814,True,0.14607763723596487,12.797963942444404,1.8694963341433528,17.5,1.1851638872915469,,,False
JYOTHYLAB,Jyothy Labs,nonfinancial,Personal & Household Prods.,CONSUMER,full,200.22,268.3517656583689,0.340284515324987,ACCUMULATE,medium,65.26347612190655,True,0.20973681394426574,22.077741828986465,4.630515230295668,29.6,0.4783737888322845,,,False
VADILALIND,Vadilal Industries,nonfinancial,Food Processing,CONSUMER,full,6684.5,8867.814931263578,0.3266235217688051,ACCUMULATE,medium,60.010531349643216,True,0.18241582481683152,31.02856037650699,5.6601004339593795,41.2,,,,False
ACC,ACC Ltd.,nonfinancial,Construction Materials,CEMENT,full,1361.4,1804.398710370968,0.32539937591521073,ACCUMULATE,high,63.359941276220425,True,0.10399872704074929,11.994573349616092,1.24742035975697,15.9,0.2942559130307036,,,False
ABLBL,Aditya Birla Lifestyle Brands Ltd.,nonfinancial,Consumer Services,CONSUMER,full,94.65,125.24440448579446,0.3232372370395611,ACCUMULATE,high,63.002047793133855,True,0.24224957158435895,33.56326074247296,8.130685535838207,44.4,,,,False
FSL,Firstsource Solutions Ltd.,nonfinancial,Services,MANUFACTURING,full,263.78,347.03464531894133,0.3156215229317665,ACCUMULATE,high,63.35087418315449,True,0.15381580237790596,27.590102756483446,4.243793793177376,36.3,0.09940101599818041,,,False
CYIENT,Cyient Ltd.,nonfinancial,Information Technology,IT_SERVICES,full,845.8,1107.716819829874,0.30966755714101935,ACCUMULATE,high,63.46731682996527,True,0.08148682658969711,21.93965010799136,1.7877924637885214,28.7,0.28280917474580286,,,False
SHARDAMOTR,Sharda Motor Industries,nonfinancial,Electronic Instr. & Controls,MANUFACTURING,full,876.15,1140.6665491590256,0.30190783445645797,ACCUMULATE,medium,65.61939252657731,True,0.26305568037287796,14.560222929936307,3.8301493492151746,19.0,,,,False
DRREDDY,Dr. Reddy's Laboratories Ltd.,nonfinancial,Healthcare,PHARMA,full,1211.2,1548.720229627534,0.2786659755841595,ACCUMULATE,high,65.79958754025868,True,0.10972381668711981,24.054450644602653,2.6393461330377526,30.8,0.10056142668428002,,,False
CCL,CCL Products (I) Ltd.,nonfinancial,Fast Moving Consumer Goods,CONSUMER,full,1182.7,1507.0199593174752,0.2742199706751291,ACCUMULATE,high,60.07747356612419,True,0.16553709667100297,40.65140810594934,6.72931607344693,51.8,0.048448465375834915,,,False
INDRAMEDCO,Indraprastha Medical Corporation,nonfinancial,Healthcare Facilities,PHARMA,full,371.0,467.17474867099037,0.2592311284932355,ACCUMULATE,medium,66.21745974258731,True,0.24801112957034996,18.52777475220564,4.5950943447195325,23.3,0.48247978436657685,,,False
TANLA,Tanla Platforms,nonfinancial,Communications Services,TELECOM,full,584.55,733.732878178333,0.25520978218857754,ACCUMULATE,medium,63.26291405309723,True,0.20464228295819933,15.281077285672199,3.127154541800643,19.2,0.23171670515781378,,,False
AURIONPRO,Aurionpro Solutions,nonfinancial,Software & Programming,IT_SERVICES,full,843.45,1055.743569551564,0.2516966856975089,ACCUMULATE,medium,58.38554455667864,True,0.12399139012627047,21.884912272558484,2.713540695466004,27.4,0.11447033019147543,,,False
SHARDACROP,Sharda Cropchem,nonfinancial,Chemical Manufacturing,CHEMICALS,full,899.1,1104.8184853648202,0.2288048997495497,ACCUMULATE,medium,62.665452910702015,True,0.21711849870396527,11.90895901555089,2.5856553025834614,14.6,0.4058502947391836,,,False
LTM,LTM Ltd.,nonfinancial,Information Technology,IT_SERVICES,full,4060.3,4954.654657342828,0.22026812239066756,ACCUMULATE,high,67.24740365609031,True,0.2073964620187305,24.00634956951051,4.978831966701353,29.3,0.12430116001280689,,,False
AIIL,Authum Investment & Infrastructure Ltd.,financial,Financial Services,NBFC,full,531.5,637.7492367267894,0.19990449054899223,ACCUMULATE,high,58.631483590789884,True,0.13099952199372072,8.628121533788757,1.1302797966300557,10.4,,,,False
NH,Narayana Hrudayalaya Ltd.,nonfinancial,Healthcare,PHARMA,full,2036.3,2443.2587363069265,0.199852053384534,ACCUMULATE,high,63.28935445230751,True,0.17862322194452157,50.77810502677492,9.070148724119843,60.9,0.04405048372047343,,,False
MANYAVAR,Vedant Fashions,nonfinancial,Retail (Apparel),CONSUMER_DISC,full,400.25,480.20172166738,0.19975445763242977,ACCUMULATE,medium,60.73834610254873,True,0.19117871651547086,25.909563561804333,4.9533571072217635,31.1,0.9212991880074953,,,False
BAJAJHLDNG,Bajaj Holdings & Investment Ltd.,financial,Financial Services,NBFC,full,10407.0,12290.008841732979,0.1809367581178994,ACCUMULATE,medium,58.53612244468792,True,0.1338187612456388,12.024122170780844,1.6090531339601135,14.2,,,,True
KARURVYSYA,Karur Vysya Bank Ltd.,financial,Financial Services,BANK,full,303.95,357.0720807961948,0.17477243229542636,ACCUMULATE,high,60.93743762819181,True,0.17793827133365986,11.703563674895332,2.082511888754291,13.7,0.1646652409935845,,,False
WELCORP,Welspun Corp Ltd.,nonfinancial,Capital Goods,CAPITAL_GOODS,full,1589.6,1839.6839050205017,0.15732505348546919,ACCUMULATE,high,62.29453872078061,True,0.17699518107030046,25.975234651247458,4.597491360441087,30.1,-0.03371917463512828,,,False
MPSLTD,MPS Ltd,nonfinancial,Software & Programming,IT_SERVICES,full,2110.0,2438.236795608515,0.15556246237370377,ACCUMULATE,medium,66.15095264026519,True,0.2904767494508074,20.70777046530424,6.015125853135008,23.9,0.4127962085308057,,,False
MUTHOOTFIN,Muthoot Finance,financial,Gold Loan NBFC,NBFC,full,2996.1,3420.940335008835,0.14179778211970068,ACCUMULATE,high,68.35997808206234,True,0.2710652506802909,11.358033142670738,3.0787681010530967,13.0,0.25896999432595713,,,False
EIHOTEL,EIH Ltd.,nonfinancial,Consumer Services,CONSUMER,full,334.95,379.90856620698037,0.13422470878334194,ACCUMULATE,high,62.17401214469864,True,0.12490593430984288,33.327344094691846,4.1627830522131095,37.8,0.08075832213763252,,,False
GOLDIAM,Goldiam International,nonfinancial,Jewelry & Silverware,CONSUMER_DISC,full,342.3,384.05090675051247,0.12197168200558707,ACCUMULATE,medium,58.40583906135255,True,0.15423771722030344,22.65412392285597,3.49412035948717,25.4,,,,False
MPHASIS,MphasiS Ltd.,nonfinancial,Information Technology,IT_SERVICES,full,2389.3,2675.737384039489,0.11988339013078672,ACCUMULATE,high,65.44492010015043,True,0.1733665558731574,24.501036185976595,4.247660258886364,27.4,0.11245971623488042,,,False
ECLERX,eClerx Services Ltd.,nonfinancial,Services,MANUFACTURING,full,1858.7,2077.130256970171,0.11751775809445907,ACCUMULATE,high,73.66135229465195,True,0.2758140079643945,24.96788681755772,6.886492933551963,27.9,0.0060795179426480625,,,False
MGL,Mahanagar Gas Ltd.,nonfinancial,Oil Gas & Consumable Fuels,ENERGY,full,1100.8,1217.5970041624298,0.10610192965337015,ACCUMULATE,high,64.56632264606192,True,0.13077177986841143,12.925936589138065,1.6903477342278077,14.3,0.2100290697674419,,,False
LTTS,L&T Technology Services Ltd.,nonfinancial,Information Technology,IT_SERVICES,full,3368.2,3712.713251550366,0.10228408394702394,ACCUMULATE,high,67.00072932791022,True,0.19002889057116815,29.108915447154473,5.531534908152703,32.1,0.08782138827860585,,,False
WAAREEENER,Waaree Energies Ltd.,nonfinancial,Capital Goods,CAPITAL_GOODS,full,2816.9,3102.600102828596,0.10142358721594513,ACCUMULATE,high,69.17427246504803,True,0.26903501614563347,21.865668164205807,5.882630387592174,24.1,0.20309560154780074,,,False
PETRONET,Petronet LNG Ltd.,nonfinancial,Oil Gas & Consumable Fuels,ENERGY,full,273.3,296.0420485391385,0.08321276450471447,ACCUMULATE,high,63.81664151423436,True,0.17556928887018158,10.479271980023157,1.8398383294098855,11.4,0.1598975484815221,,,False
PREMIERENE,Premier Energies Ltd.,nonfinancial,Capital Goods,CAPITAL_GOODS,full,1078.8,1160.5258456323124,0.07575625290351547,ACCUMULATE,high,67.81179317987645,True,0.35046149703323337,32.07766627585796,11.241986944369643,34.5,0.07434186132740087,,,False
WAAREERTL,Waaree Renewable Technologies,nonfinancial,Electric Utilities,UTILITIES,full,996.0,1070.960271180081,0.07526131644586447,ACCUMULATE,medium,63.57452708150406,True,0.5122705624230749,21.724552899883,11.128848932412907,23.4,,,,False
SANOFI,Sanofi Consumer Healthcare India,nonfinancial,Biotechnology & Drugs,IT_SERVICES,full,3407.9,3632.423790042866,0.06588332698813522,ACCUMULATE,medium,65.13870944348274,True,0.6252604166666667,32.64543940024989,20.411901041666667,34.8,0.7180668446844097,,,False
GILLETTE,Gillette India Ltd.,nonfinancial,Fast Moving Consumer Goods,CONSUMER,full,7804.5,8273.864344865404,0.060140219727772934,ACCUMULATE,high,76.61665015285492,True,0.6913453715541561,38.88473353609145,26.8827805542935,41.2,0.3524248830802742,,,False
PGHL,Procter & Gamble Health,nonfinancial,Biotechnology & Drugs,IT_SERVICES,full,6797.5,7151.86656519394,0.05213189631393012,ACCUMULATE,medium,65.64101144174529,True,0.6232199027738062,34.51668654981493,21.511486035649604,36.3,,,,False
RPTECH,Rashi Peripherals,nonfinancial,Computer Hardware,IT_SERVICES,full,739.85,1186.537559245959,0.6037542194309103,HOLD,medium,54.0504587558831,True,0.1394320987654321,17.975459536036833,2.506356049382716,28.8,,,,False
PNCINFRA,PNC Infratech,nonfinancial,Construction Services,CONSTRUCTION,full,245.27,386.38009718157883,0.5753255480962972,HOLD,medium,56.81496675418883,True,0.12204071448490453,7.5660559230306665,0.9233668706794064,11.9,0.1293676356668161,,,False
NFL,National Fertilizers,nonfinancial,Chemical Manufacturing,CHEMICALS,full,72.56,113.34922153973869,0.5621447290482179,HOLD,medium,46.81175440717437,True,0.07444262191215707,16.8354021466736,1.2532714767439403,26.3,,,,False
RCF,Rashtriya Chemicals and Fertilizers,nonfinancial,Chemical Manufacturing,CHEMICALS,full,127.83,199.03807941022814,0.5570529563500598,HOLD,medium,47.51356200151478,True,0.08346676560181207,16.492746520060827,1.3765962079200187,25.7,,,,False
STYRENIX,Styrenix Performance Materials,nonfinancial,Chemicals - Plastics & Rubber,CHEMICALS,full,2235.4,3448.06211027048,0.5424810370718797,HOLD,medium,56.24876076093359,True,0.13382760866860377,21.516565490839486,2.879510506400451,33.2,,,,False
GSFC,Gujarat State Fertilizers & Chemicals Ltd,nonfinancial,Chemical Manufacturing,CHEMICALS,full,158.61,242.1278841577912,0.5265612770808346,HOLD,medium,56.01078158666757,True,0.054865099519420854,9.396405200594355,0.5155347064554129,14.3,,,,False
NCC,NCC Ltd.,nonfinancial,Construction,CONSTRUCTION,full,139.9,212.99135411588898,0.5224542824581055,HOLD,high,56.6571859384582,True,0.09200210955718362,13.001370241449804,1.1961534893473718,19.8,0.401000714796283,,,False
THOMASCOOK,Thomas Cook (India),nonfinancial,Personal Services,MANUFACTURING,full,103.0,155.88802110817926,0.513475933089119,HOLD,medium,52.27645141067873,True,0.08498472317129684,21.961275415896488,1.8663729117085697,33.2,0.27184466019417475,,,False
GODREJAGRO,Godrej Agrovet,nonfinancial,Food Processing,CONSUMER,full,568.3,854.4402896222964,0.5035021812815352,HOLD,medium,56.71366089450462,True,0.2190760206291091,23.131308684127767,5.0675150584622655,34.8,0.35667781101530893,,,False
SOUTHBANK,South Indian Bank,financial,Regional Banks,BANK,full,44.6,66.26723787769352,0.48581250846846447,HOLD,medium,54.25375137207901,True,0.12750496218577934,8.036113324723145,1.0246443255894622,11.9,,,,False
SIS,SIS,nonfinancial,Security Systems & Services,MANUFACTURING,full,430.1,630.1289119184811,0.46507535902925146,HOLD,medium,45.131250645658014,True,0.05414356826584213,44.56736085915391,2.4130359451060204,65.3,-0.023482910950941693,,implied_pe_gt_2x_sector_exit,False
TMB,Tamilnad Mercantile Bank,financial,Regional Banks,BANK,full,795.5,1144.0762749359803,0.4381851350546579,HOLD,medium,53.83894662982739,True,0.13229760953338027,9.414799446749655,1.2455554610411705,13.5,,,,False
PGIL,Pearl Global Industries,nonfinancial,Apparel/Accessories,CONSUMER_DISC,full,2041.3,2888.9106418109745,0.41523080478664315,HOLD,medium,56.553159303002296,True,0.18497612703022995,33.94229159722994,6.278513642186312,48.0,0.1820898447068045,,,False
TRANSRAILL,Transrail Lighting,nonfinancial,Construction Services,CONSTRUCTION,full,501.3,683.4780353155544,0.3634112015071901,HOLD,medium,57.48672702081376,True,0.17691306234630405,16.768378800267598,2.9665452441381848,22.9,,,,False
JKLAKSHMI,JK Lakshmi Cement,nonfinancial,Construction - Raw Materials,CEMENT,full,571.3,766.6227494289733,0.34189173714156024,HOLD,medium,50.5139234749493,True,0.10618870041666345,17.210583844308182,1.8275695318391094,23.1,0.30929459128303877,,,False
PARAGMILK,Parag Milk Foods,nonfinancial,Food Processing,CONSUMER,full,224.21,295.6760674217153,0.31874611936004316,HOLD,medium,47.70357283793772,True,0.10730517416730233,20.27104109589041,2.1751875953470634,26.7,0.226528700771598,,,False
GNFC,Gujarat Narmada Valley Fertilizers & Chemicals Ltd,nonfinancial,Chemical Manufacturing,CHEMICALS,full,502.0,659.0809283593626,0.312910215855304,HOLD,medium,53.2263201543067,True,0.08743828853538124,9.132998745294856,0.7985737794843664,12.0,,,,False
BIRLACORPN,Birla Corporation,nonfinancial,Construction - Raw Materials,CEMENT,full,1016.85,1328.4546203119583,0.3064410879795036,HOLD,medium,48.54876629153636,True,0.07570980488003586,14.042370601528031,1.063145138294839,18.3,0.23125338053793576,,,False
PACEDIGITK,Pace Digitek,nonfinancial,Construction Services,CONSTRUCTION,full,198.44,258.30787290699743,0.3016925665541092,HOLD,medium,54.970334923356546,True,0.13920110904222788,14.389257306515656,2.00300057536096,18.7,,,,False
AUTOAXLES,Automotive Axles,nonfinancial,Auto & Truck Parts,AUTO,full,1804.1,2309.1601791337916,0.27995132150867014,HOLD,medium,56.991583928282935,True,0.14960364771517243,16.57252098795474,2.4793095916342818,21.2,0.1817526744637216,,,False
ROSSARI,Rossari Biotech,nonfinancial,Chemical Manufacturing,CHEMICALS,full,529.95,678.1267713007892,0.2796051916233402,HOLD,medium,50.30725490150514,True,0.11190610117373534,19.676449299644794,2.2019147260659246,25.2,,,,False
GAEL,Gujarat Ambuja Exports,nonfinancial,Food Processing,CONSUMER,full,146.22,186.88770330348711,0.2781268178326297,HOLD,medium,50.11127325437895,True,0.09234625901747805,22.05217497042198,2.036435861717335,28.2,0.35412392285597044,,,False
DALMIASUG,Dalmia Bharat Sugar and Industries,nonfinancial,Food Processing,CONSUMER,full,367.7,469.50341234747674,0.2768654129656697,HOLD,medium,48.400300775426864,True,0.07268028201158394,12.62281676992277,0.917429882618538,16.1,0.2238237693772097,,,False
GALAXYSURF,Galaxy Surfactants,nonfinancial,Chemical Manufacturing,CHEMICALS,full,1922.1,2427.9017054834876,0.26315056733962217,HOLD,medium,51.80252881534381,True,0.0974281987188363,25.519691076370705,2.486337533431959,32.2,0.18308100515061657,,,False
DEEPAKFERT,Deepak Fertilisers & Petrochemicals Corp. Ltd.,nonfinancial,Chemicals,CHEMICALS,full,1589.1,1996.299308095029,0.2562452382449368,HOLD,high,56.91786868675686,True,0.10793373433247085,27.210616438356162,2.9369434456802987,34.2,0.06664149518595437,,,False
UFLEX,Uflex,nonfinancial,Containers & Packaging,MANUFACTURING,full,435.85,545.1137866557106,0.2506912622592877,HOLD,medium,43.049036608737694,True,0.040426014440415416,9.92652062562883,0.4012896661547526,12.4,,,,False
MRPL,Mangalore Refinery & Petrochemicals Ltd.,nonfinancial,Oil Gas & Consumable Fuels,ENERGY,full,174.32,216.11488992030817,0.2397595796254485,HOLD,high,49.34140551997912,True,0.13556368410783504,15.876092238306539,2.152221553060639,19.7,-0.1280403854979348,,,False
WSTCSTPAPR,West Coast Paper Mills,nonfinancial,Paper & Paper Products,PAPER,full,518.55,634.5483865724551,0.2236975924644782,HOLD,medium,52.77294419978203,True,0.043164929222598875,22.742544789057987,0.9816803361614727,27.8,,,implied_pe_gt_2x_sector_exit,False
ICICIPRULI,ICICI Prudential Life Insurance Company Ltd.,financial,Financial Services,INSURANCE,full,503.2,614.2,0.22058823529411775,HOLD,medium,53.047116593100306,True,0.11497856013615873,46.72119646013183,5.371935896824553,57.0,0.3652623211446741,,implied_pe_gt_2x_sector_exit,True
KTKBANK,Karnataka Bank,financial,Regional Banks,BANK,full,270.25,329.4826065619326,0.2191770825603426,HOLD,medium,47.28616132411768,True,0.09911737705513067,7.808024032042723,0.7739108620395003,9.5,-0.08603145235892692,,,False
CMRGREEN,Cmr Green Technologies,nonfinancial,Metal Mining,METAL,full,216.75,263.35650875691124,0.21502426185426177,HOLD,medium,47.56735228755196,True,0.14913053982930763,22.369723706103862,3.336008972123729,27.2,,,implied_pe_gt_2x_sector_exit,False
VIKRAMSOLR,Vikram Solar,nonfinancial,Semiconductors,MANUFACTURING,full,192.22,232.75375617917544,0.21087168962218,HOLD,medium,53.65715261286756,True,0.14850241179887363,14.13394370987628,2.0989247291461477,17.1,,,,False
SAMBHV,Sambhv Steel Tubes,nonfinancial,Constr. - Supplies & Fixtures,MANUFACTURING,full,118.71,143.17932306946255,0.2061268896425117,HOLD,medium,50.46952448811829,True,0.13491709456060594,23.508170946183604,3.1716541224931425,28.4,,,,False
CSBBANK,CSB Bank,financial,Regional Banks,BANK,full,363.7,438.3026055710819,0.20512126909838313,HOLD,medium,49.55388287232594,True,0.12937142950546351,9.96587858113017,1.2892999583186906,12.0,0.17129502337091013,,,False
UPL,UPL Ltd.,nonfinancial,Chemicals,CHEMICALS,full,618.35,739.6592487452856,0.19618217634880822,HOLD,high,53.74424313299247,True,0.06398432095918838,27.703194144144145,1.772570065713627,33.1,0.23878062585914123,,,False
REDTAPE,RedTape,nonfinancial,Retail (Apparel),CONSUMER_DISC,full,134.04,159.90342053482698,0.19295300309479996,HOLD,medium,55.54206872469958,True,0.23551469580371656,30.81443358969029,7.257251953239734,36.8,,,,False
ADVENZYMES,Advanced Enzyme Technologies,nonfinancial,Biotechnology & Drugs,IT_SERVICES,full,316.6,376.94026340889263,0.1905883240963127,HOLD,medium,56.95664840702385,True,0.10638128385499646,20.989954495708773,2.232938307311454,25.0,0.1686670878079595,,,False
VRLLOG,VRL Logistics,nonfinancial,Trucking,LOGISTICS,full,231.45,275.29875196202346,0.18945237399880524,HOLD,medium,52.305258642692436,True,0.20730191519904764,17.092684626103107,3.5433462588844926,20.3,0.43443508317131135,,,False
PCJEWELLER,PC Jeweller,nonfinancial,Jewelry & Silverware,CONSUMER_DISC,full,9.7,11.533871715609466,0.1890589397535533,HOLD,medium,53.20004092192275,True,0.08740373734593389,11.686812417770062,1.021471082973973,13.9,,,,False
HNDFDS,Hindustan Foods,nonfinancial,Food Processing,CONSUMER,full,555.4,658.6462461384243,0.18589529373140862,HOLD,medium,44.2770528514725,True,0.12791396298966595,45.01933838824398,5.7586019844130885,53.4,0.4944184371624055,,,False
KDDL,KDDL,nonfinancial,Jewelry & Silverware,CONSUMER_DISC,full,3168.5,3723.616579044708,0.1751985415953,HOLD,medium,49.099719459395565,True,0.1251400164779723,44.299933422103855,5.543694398415152,52.1,-0.00268265740886855,,,False
JKPAPER,JK Paper,nonfinancial,Paper & Paper Products,PAPER,full,368.85,433.2990590284957,0.17472972489764318,HOLD,medium,51.21474328931796,True,0.04924708316049365,25.16705594585648,1.2394040970703901,29.6,0.3826758845058966,,implied_pe_gt_2x_sector_exit,False
AJMERA,Ajmera Realty & Infra India,nonfinancial,Construction Services,CONSTRUCTION,full,125.99,147.69447786428077,0.1722714331635906,HOLD,medium,52.295393844990485,True,0.1123227527226183,16.55483575248281,1.8594847225896873,19.4,0.38899912691483457,,,False
EPIGRAL,Epigral,nonfinancial,Chemical Manufacturing,CHEMICALS,full,1048.5,1228.457953104323,0.17163371779143824,HOLD,medium,56.76807871169481,True,0.1494397752798873,13.61278127541645,2.0342909747324924,15.9,1.479732951835956,,,False
KSL,Kalyani Steels,nonfinancial,Misc. Fabricated Products,MANUFACTURING,full,918.65,1074.0418230532748,0.1691523682069067,HOLD,medium,53.18006251641155,True,0.12250821883967086,15.567923760034127,1.9071986108735723,18.2,-0.04642682196701679,,,False
RELIANCE,Reliance Industries Ltd.,nonfinancial,Oil Gas & Consumable Fuels,ENERGY,full,1327.2,1547.7855885327574,0.16620372855090215,HOLD,medium,52.2355706968169,True,0.10575976460958154,22.23493793536241,2.3515618021525833,25.9,0.27712477396021695,,,True
EMIL,Electronics Mart India,nonfinancial,Appliance & Tool,CONSUMER_DISC,full,128.59,149.55104079864006,0.1630067719001482,HOLD,medium,41.21681963784413,True,0.06588608606885016,46.255913757700206,3.0476211150331456,53.8,0.3142546076677813,,,False
CENTRALBK,Central Bank of India,financial,Financial Services,BANK,full,31.93,36.818009787527295,0.1530851796908016,HOLD,high,53.1458242175324,True,0.11599122487188836,6.3860141164819755,0.7407215994199143,7.4,,,,False
SANGHVIMOV,Sanghvi Movers,nonfinancial,Rental & Leasing,MANUFACTURING,full,418.5,481.0215067756651,0.14939428142333358,HOLD,medium,54.07831723688301,True,0.1406418132560003,19.66579846980303,2.765833555920174,22.6,,,,False
SAGILITY,Sagility Ltd.,nonfinancial,Information Technology,IT_SERVICES,full,41.29,47.238356301180815,0.14406287966047024,HOLD,high,56.88545509224956,True,0.09574080400865505,20.853733793267516,1.9965532399498918,23.9,0.5015742310486802,,,False
ICICIBANK,ICICI Bank Ltd.,financial,Financial Services,BANK,full,1444.3,1640.3679879660083,0.13575295157931755,HOLD,high,56.24777898577155,True,0.14930765929559767,19.316500368028898,2.8841014557329454,21.9,0.165962750121166,,,False
SANATHAN,Sanathan Textiles,nonfinancial,Apparel/Accessories,CONSUMER_DISC,full,446.45,506.00676777208116,0.13340075657314632,HOLD,medium,41.25634165809694,True,0.04131789943752103,48.71413057530704,2.012765548296805,55.2,0.18490312465001682,,,False
FIVESTAR,Five-Star Business Finance Ltd.,financial,Financial Services,NBFC,full,558.0,628.7625937417647,0.12681468412502636,HOLD,high,57.31884572681537,True,0.14887908782341824,14.95617747440273,2.2266620597142337,16.9,0.33154121863799285,,,False
MAITHANALL,Maithan Alloys,nonfinancial,Iron & Steel,METAL,full,995.1,1119.326589569356,0.12483829722576219,HOLD,medium,51.11712782770419,True,0.10635413752182847,6.680038100421826,0.7104496907833168,7.5,,,,False
DCBBANK,DCB Bank,financial,Regional Banks,BANK,full,188.7,212.1124037471248,0.12407209192964926,HOLD,medium,46.66089067370055,True,0.11194508331305786,8.269618349827766,0.9257431151386614,9.3,0.19236883942766303,,,False
MAHSEAMLES,Maharashtra Seamless,nonfinancial,Iron & Steel,METAL,full,580.45,651.4390063099486,0.12229995057274275,HOLD,medium,53.74500488762736,True,0.10194504431792567,11.095303985620955,1.1311112565349855,12.5,,,,False
JINDALSAW,Jindal Saw Ltd.,nonfinancial,Capital Goods,CAPITAL_GOODS,full,267.2,299.72923234523137,0.12174113901658451,HOLD,high,56.434174194080114,True,0.07297538459580857,17.68404441974259,1.290499942740078,19.8,-0.0007485029940119335,,,False
REFEX,Refex Industries,nonfinancial,Chemical Manufacturing,CHEMICALS,full,306.8,343.5395708299249,0.11975088275725196,HOLD,medium,53.72513052433908,True,0.1611408436658578,17.07538575790082,2.7515420669481103,19.1,,,,False
CEATLTD,Ceat Ltd.,nonfinancial,Automobile and Auto Components,AUTO,full,3548.8,3954.4147598682234,0.11429631420993666,HOLD,high,53.965426325832986,True,0.13817649984839506,20.562721587975446,2.8412848963834794,22.9,0.09107303877366991,,,False
NIACL,The New India Assurance Company Ltd.,financial,Financial Services,INSURANCE,full,175.24,195.22066607572498,0.11401886598793065,HOLD,medium,52.514956567171886,True,0.03511986059680178,20.44770909520749,0.7181206929476428,22.8,-0.05843414745491902,,,True
BALRAMCHIN,Balrampur Chini Mills Ltd.,nonfinancial,Fast Moving Consumer Goods,CONSUMER,full,608.15,673.3234279883741,0.10716669898606282,HOLD,high,49.28585061083658,True,0.09145721114228476,32.716625270834435,2.9921713052577146,36.2,0.04250596070048512,,,False
FLAIR,Flair Writing Industries,nonfinancial,Office Supplies,MANUFACTURING,full,259.1,286.7255462046716,0.106621174082098,HOLD,medium,53.41519587214691,True,0.12381419549240996,19.540191015210475,2.4193530303163024,21.6,0.7406406792744112,,,False
PDSL,PDS,nonfinancial,Apparel/Accessories,CONSUMER_DISC,full,365.25,403.2220245424189,0.10396173728246111,HOLD,medium,39.36985444594053,True,0.10071444772057156,46.41196092782344,4.674355012474485,51.2,0.809719370294319,,,False
SANDHAR,Sandhar Technologies,nonfinancial,Auto & Truck Parts,AUTO,full,604.95,664.0244049687716,0.09765171496614851,HOLD,medium,44.03652259820677,True,0.14901772520309345,18.331818181818182,2.731765844291254,20.1,0.2877097280767005,,,False
JUNIPER,Juniper Hotels,nonfinancial,Hotels & Motels,CONSUMER_DISC,full,194.69,212.2195455928543,0.09003824332453801,HOLD,medium,50.0278799503984,True,0.04936846985981879,30.617515006002396,1.511539866756379,33.4,,,,False
BRIGADE,Brigade Enterprises Ltd.,nonfinancial,Realty,REALTY,full,566.0,607.8530576392311,0.07394533151807617,HOLD,high,50.8956415747154,True,0.10626636677409233,28.66079805728793,3.0456788783939523,30.8,0.36925795053003535,,,False
PATANJALI,Patanjali Foods Ltd.,nonfinancial,Fast Moving Consumer Goods,CONSUMER,full,342.85,364.80435533886083,0.06403487046481203,HOLD,high,51.368008895046415,True,0.13855019654676345,20.567561050885384,2.8496396260877264,21.9,0.7150357299110397,,,False
AARTIDRUGS,Aarti Drugs,nonfinancial,Biotechnology & Drugs,IT_SERVICES,full,416.0,440.80569630001213,0.059629077644259926,HOLD,medium,47.30839615810601,True,0.12585949756919562,19.483328203549814,2.4521618986745177,20.6,0.055288461538461536,,,False
VENTIVE,Ventive Hospitality,nonfinancial,Hotels & Motels,CONSUMER_DISC,full,616.9,651.5894032509821,0.05623180945207016,HOLD,medium,49.33830757795803,True,0.09115212846912589,33.83860407659049,3.0844607860052635,35.7,0.39244610147511755,,,False
QUESS,Quess Corp,nonfinancial,Business Services,MANUFACTURING,full,290.95,304.9456083867908,0.04810313932562578,HOLD,medium,51.562480128622795,True,0.1904908869571181,19.58871287128713,3.731471289199801,20.5,-0.03419831586183189,,,False
POWERMECH,Power Mech Projects,nonfinancial,Construction Services,CONSTRUCTION,full,2554.7,2677.39920950341,0.048028813364939214,HOLD,medium,51.32930842765208,True,0.16346886912325287,22.21586183443451,3.631601810673443,23.3,0.3171800994245901,,,False
INDGN,Indegene Ltd.,nonfinancial,Healthcare,PHARMA,full,507.0,530.5085219294137,0.04636789335190088,HOLD,high,61.9839277683082,True,0.12779176092012617,30.50089753178758,3.897763405231465,31.9,0.17751479289940827,,,False
APOLLOTYRE,Apollo Tyres Ltd.,nonfinancial,Automobile and Auto Components,AUTO,full,429.15,448.74928384670613,0.04567000779845312,HOLD,high,51.27152981405743,True,0.08210625437850767,19.821788155229445,1.6274927805101596,20.7,0.11382966328789473,,,False
EMMVEE,Emmvee Photovoltaic Power Ltd.,nonfinancial,Capital Goods,CAPITAL_GOODS,full,344.65,359.9496501493486,0.04439184723443674,HOLD,high,72.26140591273085,True,0.292711113035665,20.072584254079793,5.875468478513859,21.0,,,,False
BBL,Bharat Bijlee,nonfinancial,Electronic Instr. & Controls,MANUFACTURING,full,2659.0,2770.9792040977536,0.04211327720863242,HOLD,medium,46.5115557670134,True,0.05919466858576548,25.02015155300191,1.4810595791455738,26.1,,,,False
DATAMATICS,Datamatics Global Services,nonfinancial,Software & Programming,IT_SERVICES,full,836.8,869.4442831446825,0.039010854618406435,HOLD,medium,50.63007481163805,True,0.1262686779841055,25.453829186971017,3.214021361072069,26.4,,,,False
NTPC,NTPC Ltd.,nonfinancial,Power,UTILITIES,full,341.85,354.623388313774,0.03736547700387298,HOLD,high,56.8933934742038,True,0.14770459474798334,12.252727775893222,1.8097841906956675,12.7,0.27833845253766265,,,False
DODLA,Dodla Dairy,nonfinancial,Food Processing,CONSUMER,full,1075.2,1107.8608781280554,0.030376560758980098,HOLD,medium,52.20924547664198,True,0.1594905858740323,24.282606741573037,3.8728471757622103,25.0,0.44159226190476186,,,False
SKFINDIA,SKF India,nonfinancial,Misc. Fabricated Products,MANUFACTURING,full,1479.9,1516.3747150893603,0.024646743083559824,HOLD,medium,58.690472989847656,True,0.20004061891186448,27.490057907798757,5.499128197799058,28.2,0.9710791269680382,,,False
ELECON,Elecon Engineering Co. Ltd.,nonfinancial,Capital Goods,CAPITAL_GOODS,full,455.75,466.87540068888075,0.024411191857116283,HOLD,high,65.39608637167343,True,0.14794977990762626,29.978103473545364,4.435253810959082,30.7,0.2660449808008777,,,False
HEROMOTOCO,Hero MotoCorp Ltd.,nonfinancial,Automobile and Auto Components,AUTO,full,4898.7,4996.752042166861,0.02001593119947366,HOLD,high,67.11250109967006,True,0.2672550655470615,17.081880637844765,4.565219129534283,17.4,0.19786882234062103,,,False
GULFOILLUB,Gulf Oil Lubricants India,nonfinancial,Oil & Gas Operations,ENERGY,full,1014.5,1026.2633050452573,0.011595175007646438,HOLD,medium,54.72477582207024,True,0.22446495521766302,14.562200956937797,3.2687037856696524,14.7,0.571217348447511,,,False
ESCORTS,Escorts Kubota Ltd.,nonfinancial,Capital Goods,CAPITAL_GOODS,full,2927.2,2948.3902894877597,0.0072390986224924354,HOLD,high,53.91013900295376,True,0.11043714332129352,23.564643374657862,2.60241189768226,23.7,0.19021590598524193,,,False
AUROPHARMA,Aurobindo Pharma Ltd.,nonfinancial,Healthcare,PHARMA,full,1535.8,1546.00269054099,0.006643241659714829,HOLD,high,55.623790600701945,True,0.09244867576628416,25.450743226462116,2.3528875085541485,25.6,0.0216173980987108,,,False
HDFCLIFE,HDFC Life Insurance Company Ltd.,financial,Financial Services,INSURANCE,full,564.0,564.8,0.0014184397163119762,HOLD,medium,48.229127323783125,True,0.10773913014083744,63.58389809236948,6.850473871435541,63.7,0.35106382978723405,,implied_pe_gt_2x_sector_exit,True
PGHH,Procter & Gamble Hygiene and Health Care Ltd,nonfinancial,Personal & Household Prods.,CONSUMER,full,8741.0,8740.986493260345,-1.545216754946313e-06,HOLD,medium,65.01545484858946,True,1.13674067978818,33.16783420899007,37.70322640582903,33.2,0.23750143004232926,,,False
IGL,Indraprastha Gas Ltd.,nonfinancial,Oil Gas & Consumable Fuels,ENERGY,full,153.4,153.26243705333422,-0.0008967597566217815,HOLD,high,61.048633960315016,True,0.13416646094899012,13.857093248505032,1.8591571601920651,13.8,0.29074315514993476,,,False
AXISBANK,Axis Bank Ltd.,financial,Financial Services,BANK,full,1328.5,1325.8659214842892,-0.001982746342273862,HOLD,high,54.04119821013428,True,0.12270005838574913,15.72558191537947,1.9295298191669414,15.7,0.1945803537824614,,,False
KALYANKJIL,Kalyan Jewellers India Ltd.,nonfinancial,Consumer Durables,CONSUMER_DISC,full,573.85,572.554152484471,-0.002258164181456785,HOLD,high,51.806295310639506,True,0.2140532692103457,43.97363595971564,9.41270053624275,43.9,0.15709680230025264,,,False
APTUS,Aptus Value Housing Finance India Ltd.,financial,Financial Services,NBFC,full,303.05,301.78598147728025,-0.004170990010624538,HOLD,high,58.340530138376145,True,0.1863503055311816,16.085490593250892,2.9975360866712517,16.0,0.2968157069790463,,,False
PITTIENG,Pitti Engineering,nonfinancial,Electronic Instr. & Controls,MANUFACTURING,full,947.85,941.2334363575958,-0.00698060203872367,HOLD,medium,42.49806324141639,True,0.11937379673725809,29.84910873440285,3.563201438848921,29.6,0.1394207944294983,,,False
GICRE,General Insurance Corporation of India,financial,Financial Services,INSURANCE,full,360.8,358.094508807359,-0.007498589780047212,HOLD,medium,55.051842153323165,True,0.15178820178749347,6.55056141325482,0.994297937616491,6.5,0.2583148558758315,,,True
AJAXENGG,AJAX Engineering,nonfinancial,Constr. & Agric. Machinery,CAPITAL_GOODS,full,597.1,590.9629170952923,-0.01027814922912036,HOLD,medium,55.717682147856216,True,0.16171294766631708,30.552509549613575,4.940736377871313,30.2,0.38167811086920106,,,False
HERITGFOOD,Heritage Foods,nonfinancial,Fish/Livestock,MANUFACTURING,full,327.25,323.6709956929492,-0.01093660598029277,HOLD,medium,44.85038384125081,True,0.13608019432259,20.183395497535635,2.746560381394337,20.0,0.28953399541634833,,,False
APLLTD,Alembic Pharmaceuticals,nonfinancial,Biotechnology & Drugs,IT_SERVICES,full,823.2,812.5027672881586,-0.01299469474227585,HOLD,medium,47.014156900864755,True,0.1182118872702346,23.978247842225304,2.8345139308628835,23.7,0.13581146744412045,,,False
SHYAMMETL,Shyam Metalics and Energy Ltd.,nonfinancial,Capital Goods,CAPITAL_GOODS,full,1012.4,995.85204343299,-0.016345275155086957,HOLD,high,55.03720763290219,True,0.09200620334796808,26.661957987869872,2.4530655282869374,26.2,0.05887001185302254,,,False
THELEELA,Leela Palaces Hotels & Resorts Ltd.,nonfinancial,Consumer Services,CONSUMER,full,482.0,472.3097490200938,-0.020104255145033573,HOLD,high,53.90402957775886,True,0.06293823142679564,38.77239907699179,2.4402662260797867,38.0,0.14315352697095435,,,False
DCMSHRIRAM,DCM Shriram Ltd.,nonfinancial,Diversified,MANUFACTURING,full,1022.0,998.5818425548191,-0.022914048380803225,HOLD,high,47.37912769757935,True,0.11099368903146667,18.673426949227785,2.072632543954398,18.2,,,,False
SKIPPER,Skipper Ltd (India),nonfinancial,Misc. Fabricated Products,MANUFACTURING,full,538.8,523.0915089003868,-0.029154586302177404,HOLD,medium,45.96510928561562,True,0.1429222856299833,28.541509876601133,4.079217826894576,27.7,0.04862657757980707,,,False
FIEMIND,Fiem Industries,nonfinancial,Electronic Instr. & Controls,MANUFACTURING,full,2262.7,2196.5339679059425,-0.02924207013482004,HOLD,medium,56.47424229613466,True,0.2103513262173795,23.282085289514864,4.897417517755594,22.6,0.23878552172183684,,,False
CELLO,Cello World,nonfinancial,Fabricated Plastic & Rubber,MANUFACTURING,full,366.0,353.73535671148477,-0.033509954340205546,HOLD,medium,54.42616623068088,True,0.12273829578481646,24.896081566166934,3.0557026231511135,24.1,0.9617486338797814,,,False
NESCO,NESCO,nonfinancial,Real Estate Operations,REALTY,full,1094.0,1056.5681072993468,-0.034215624040816434,HOLD,medium,54.385349416824965,True,0.1377443749541119,18.68658235208606,2.5739716061166322,18.0,,,,False
MRF,MRF Ltd.,nonfinancial,Automobile and Auto Components,AUTO,full,130435.0,125741.48740749902,-0.035983536569946545,HOLD,high,51.61188160531175,True,0.11566869579147308,22.58056139483121,2.6118640867794123,21.8,0.026963621727297122,,,False
SOTL,Savita Oil Technologies,nonfinancial,Chemical Manufacturing,CHEMICALS,full,583.0,561.8742587421202,-0.03623626287800991,HOLD,medium,46.65726100535182,True,0.10019174398871575,21.993950725912892,2.2036122804310936,21.2,,,,False
ORKLAINDIA,Orkla India,nonfinancial,Food Processing,CONSUMER,full,584.5,563.0791602897127,-0.03664814321691579,HOLD,medium,49.54543994391725,True,0.10387886677599881,28.092501837784855,2.9182172558117547,27.1,,,,False
HCC,Hindustan Construction Company,nonfinancial,Construction Services,CONSTRUCTION,full,22.2,21.378571313135694,-0.03700129220109482,HOLD,medium,45.25559882889777,True,0.07781303622217521,29.59955292411793,2.3032310838445804,28.5,0.35135135135135137,,,False
GPIL,Godawari Power & Ispat Ltd.,nonfinancial,Capital Goods,CAPITAL_GOODS,full,244.05,234.64811394594494,-0.038524425544171556,HOLD,high,59.362215489617384,True,0.1380368309412964,19.399439344425875,2.677837129142448,18.7,0.22925629993853713,,,False
CIPLA,Cipla Ltd.,nonfinancial,Healthcare,PHARMA,full,1418.7,1358.0671564537802,-0.04273831221979268,HOLD,high,62.604998099594155,True,0.11238951032398689,29.5560208693495,3.321786712631728,28.3,0.046028053852118105,,,False
BHARTIARTL,Bharti Airtel Ltd.,nonfinancial,Telecommunication,TELECOM,full,1908.8,1824.769227639459,-0.04402282709584087,HOLD,high,59.12861532891764,True,0.2269124614408218,43.02006788320304,9.761789494728847,41.1,0.1976110645431685,,,False
ORIENTCEM,Orient Cement,nonfinancial,Construction - Raw Materials,CEMENT,full,137.36,130.53246489668865,-0.049705409895976715,HOLD,medium,51.52914950986241,True,0.1573674080908909,8.354924338890699,1.3147927880067294,7.9,0.4997087944088525,,,False
BECTORFOOD,Mrs. Bectors Food Specialities,nonfinancial,Food Processing,CONSUMER,full,188.35,178.21126270730397,-0.053829239674520954,HOLD,medium,46.40795802241018,True,0.11084621739643573,41.03110093696763,4.548142334474212,38.8,0.2423679320414123,,,False
MANORAMA,Manorama Industries,nonfinancial,Food Processing,CONSUMER,full,1591.5,1499.6058435466289,-0.05774059469266172,HOLD,medium,58.90677172844276,True,0.3197798110540802,44.204219782264815,14.135617049765678,41.7,0.25856110587496073,,,False
BANSALWIRE,Bansal Wire Industries,nonfinancial,Constr. - Supplies & Fixtures,MANUFACTURING,full,312.45,293.46595296296834,-0.06075867190600622,HOLD,medium,42.347124515709396,True,0.11249274815296328,30.402429476823663,3.4200528423745515,28.6,0.44983197311569856,,,False
TBOTEK,TBO Tek Ltd.,nonfinancial,Consumer Services,CONSUMER,full,1458.0,1368.8351173095482,-0.06115561227054308,HOLD,high,58.54774944567279,True,0.15755226806650072,64.03479186279726,10.088826693150013,60.1,0.30864197530864196,,,False
SCI,Shipping Corporation of India Ltd.,nonfinancial,Services,MANUFACTURING,full,281.85,264.06387871188696,-0.06310491853153473,HOLD,high,57.49893621962476,True,0.14873316483973137,9.70179648464063,1.442978895791581,9.1,,,,False
SBILIFE,SBI Life Insurance Company Ltd.,financial,Financial Services,INSURANCE,full,1829.4,1697.9,-0.07188149119930032,HOLD,medium,46.12143981633322,True,0.027809465732324692,346.9289376181474,9.647908402243683,322.0,0.294413468896906,,implied_pe_gt_2x_sector_exit,True
JSLL,Jeena Sikho Lifecare,nonfinancial,Biotechnology & Drugs,IT_SERVICES,full,566.05,524.3513175094428,-0.07366607630166451,HOLD,medium,60.09812902063507,True,0.4746510233792926,31.78765223274695,15.088041663098396,29.4,,,,False
TIMETECHNO,Time Technoplast,nonfinancial,Fabricated Plastic & Rubber,MANUFACTURING,full,204.03,185.22048506309872,-0.09218994724746989,HOLD,medium,46.654946331638776,True,0.11657901817381307,20.423976206961665,2.3810070934129097,18.5,0.37234720384257214,,,False
FORCEMOT,Force Motors Ltd.,nonfinancial,Automobile and Auto Components,AUTO,full,18240.0,16550.499815606225,-0.09262610660053593,HOLD,high,66.88756658524987,True,0.2889005447804785,19.86944501753662,5.740293490052093,18.0,,,,False
GOKEX,Gokaldas Exports,nonfinancial,Apparel/Accessories,CONSUMER_DISC,full,820.3,744.2940546612698,-0.09265627860384025,HOLD,medium,40.47244904229888,True,0.046347898537307905,62.58955358034555,2.900894278837252,56.8,0.13982689260026826,,,False
ALKEM,Alkem Laboratories Ltd.,nonfinancial,Healthcare,PHARMA,full,5571.0,5023.206074422601,-0.09832955045367062,HOLD,high,61.257765631055626,True,0.17012612065035707,28.931212677997244,4.9219549786181,26.1,0.061209836654101596,,,False
SUZLON,Suzlon Energy Ltd.,nonfinancial,Capital Goods,CAPITAL_GOODS,full,51.99,46.86473476866739,-0.09858175093926932,HOLD,high,69.88580490724782,True,0.3342720256310548,22.506445838167284,7.523275240079802,20.3,0.2502404308520869,,,False
HDFCBANK,HDFC Bank Ltd.,financial,Financial Services,BANK,full,819.6,737.6048042917721,-0.10004294254298185,REDUCE,high,48.36342700259772,True,0.12972398517850076,16.631441966475403,2.1574969311561505,15.0,0.2798926305514885,,,False
AHLUCONT,Ahluwalia Contracts (India),nonfinancial,Construction Services,CONSTRUCTION,full,857.45,770.4523152611403,-0.10146094202444432,REDUCE,medium,48.14560729341093,True,0.12912720384671428,21.608797863537202,2.7902836466074117,19.4,0.13825879060003493,,,False
EPL,EPL,nonfinancial,Containers & Packaging,MANUFACTURING,full,237.67,213.11303899333186,-0.10332377248566556,REDUCE,medium,46.537913947016136,True,0.13783812156629457,19.5916346788525,2.7004741225461033,17.6,0.21597172550174618,,,False
LOTUSDEV,Sri Lotus Developers and Realty,nonfinancial,Rental & Leasing,MANUFACTURING,full,140.22,125.40222525462943,-0.10567518717280396,REDUCE,medium,52.666821577105864,True,0.12731021202670742,27.81923304562269,3.5416724574586103,24.9,,,,False
PICCADIL,Piccadily Agro Industries,nonfinancial,Food Processing,CONSUMER,full,729.55,651.2954800809607,-0.10726409419373482,REDUCE,medium,49.855543321790506,True,0.15249214787520948,51.34460334788937,7.829648846320322,45.8,,,,False
NEWGEN,Newgen Software Technologies Ltd.,nonfinancial,Information Technology,IT_SERVICES,full,537.85,479.9304291819306,-0.10768721914673127,REDUCE,high,61.76546816768595,True,0.16911694376459335,25.319640361966865,4.281980195234479,22.6,0.37584828483778,,,False
ERIS,Eris Lifesciences Ltd.,nonfinancial,Healthcare,PHARMA,full,1451.4,1291.5556416727006,-0.11013115497264672,REDUCE,high,56.25534903501778,True,0.16591461742858093,32.07600500378373,5.321878098840026,28.5,0.17679481879564551,,,False
SWARAJENG,Swaraj Engines,nonfinancial,Auto & Truck Parts,AUTO,full,3721.0,3309.3138347427207,-0.11063858243947307,REDUCE,medium,59.58372140537487,True,0.4015176306962284,23.12475166827976,9.284995500286346,20.6,0.20935232464391293,,,False
FINCABLES,Finolex Cables Ltd.,nonfinancial,Capital Goods,CAPITAL_GOODS,full,1022.5,905.619031950717,-0.1143090152071227,REDUCE,high,54.48447117946916,True,0.11727474087560057,21.904983747127723,2.5689012928286457,19.4,0.18533007334963325,,,False
ONGC,Oil & Natural Gas Corporation Ltd.,nonfinancial,Oil Gas & Consumable Fuels,ENERGY,full,247.29,217.57964142346026,-0.12014379302252308,REDUCE,medium,48.2937081057166,True,0.1339360213552653,7.509569319845521,1.0058018367916748,6.6,0.2576327388895629,,,True
LT,Larsen & Toubro Ltd.,nonfinancial,Construction,CONSTRUCTION,full,3814.5,3355.295265983407,-0.1203839910909931,REDUCE,medium,52.51903281614352,True,0.17530821723527723,32.63530381953505,5.721236931534324,28.7,,,,True
LUMAXIND,Lumax Industries,nonfinancial,Auto & Truck Parts,AUTO,full,5187.5,4559.716886927472,-0.12101843143566807,REDUCE,medium,43.22615045420714,True,0.18797820163487738,27.972256044529484,5.258174386920981,24.6,0.06814457831325302,,,False
DHANUKA,Dhanuka Agritech,nonfinancial,Chemical Manufacturing,CHEMICALS,full,1018.1,892.4866247964062,-0.12338019369766606,REDUCE,medium,55.08002143524767,True,0.17077912811853402,15.985903283083243,2.730058624872167,14.0,0.366270503879776,,,False
TRAVELFOOD,Travel Food Services Ltd.,nonfinancial,Consumer Services,CONSUMER,full,1287.9,1128.8847199476766,-0.12346865443926044,REDUCE,high,70.41550909776466,True,0.31352108185290184,38.52424610894942,12.078163317645265,33.8,,,,False
JLHL,Jupiter Life Line Hospitals,nonfinancial,Healthcare Facilities,PHARMA,full,1555.3,1361.0208733273894,-0.12491424591565009,REDUCE,medium,47.87557751464173,True,0.12576420910833636,52.54013079973221,6.6076679964768665,46.0,0.16440558091686494,,,False
ACE,Action Construction Equipment Ltd.,nonfinancial,Capital Goods,CAPITAL_GOODS,full,987.0,861.8859212175735,-0.12676198458199242,REDUCE,high,64.95242111160235,True,0.20641574547859512,28.29510961214165,5.840556143988782,24.7,0.14994934143870314,,,False
KPIL,Kalpataru Projects International Ltd.,nonfinancial,Construction,CONSTRUCTION,full,1306.3,1134.2264848928546,-0.13172587851729722,REDUCE,high,50.854042250351156,True,0.13253049231342948,21.445713786712982,2.8422110061659733,18.6,0.18196432672433596,,,False
MSTCLTD,MSTC,nonfinancial,Retail (Catalog & Mail Order),CONSUMER_DISC,full,594.55,516.0582585046493,-0.1320187393749065,REDUCE,medium,59.7443162010655,True,0.2416421443901144,19.162349494117105,4.630431223311281,16.6,,,,False
ADANIPORTS,Adani Ports and Special Economic Zone Ltd.,nonfinancial,Services,MANUFACTURING,full,1837.4,1592.118525511144,-0.1334937816963405,REDUCE,high,57.5266649937234,True,0.1329725889021933,31.554273773414707,4.1958534745795335,27.3,0.06618047240666153,,,False
BANCOINDIA,Banco Products (India),nonfinancial,Auto & Truck Parts,AUTO,full,656.1,568.4536165279375,-0.1335869280171659,REDUCE,medium,55.72352300072895,True,0.2859789113707609,20.390751121076235,5.831324807637505,17.7,,,,False
BAYERCROP,Bayer Cropscience Ltd.,nonfinancial,Chemicals,CHEMICALS,full,4225.0,3658.1500348781688,-0.1341656722181849,REDUCE,high,69.60748980079728,True,0.23239032943318613,27.52502901915264,6.39655056141889,23.8,0.2293491124260355,,,False
JUBLFOOD,Jubilant Foodworks Ltd.,nonfinancial,Consumer Services,CONSUMER,full,416.65,360.515826656644,-0.1347274051202592,REDUCE,high,47.3704311409977,True,0.1684176083067929,74.26802709633967,12.508043497229613,64.3,0.3224528981159247,,,False
UNIVCABLES,Universal Cables,nonfinancial,Electronic Instr. & Controls,MANUFACTURING,full,1168.3,1008.7975964171592,-0.13652521063326267,REDUCE,medium,40.22016174343271,True,0.08625549309628189,24.854398871926918,2.143828430309729,21.5,,,,False
SEAMECLTD,Seamec,nonfinancial,Water Transportation,LOGISTICS,full,1375.2,1187.4399376929248,-0.13653291325412686,REDUCE,medium,52.6807988200917,True,0.19478763292150716,13.88652571789208,2.704923474091831,12.0,,,,False
COFORGE,Coforge Ltd.,nonfinancial,Information Technology,IT_SERVICES,full,1511.3,1294.6257830931402,-0.14336942824512658,REDUCE,high,61.45588641881599,True,0.17556827713470893,36.11054822335025,6.339866737963428,30.9,0.11228743465890297,,,False
JAMNAAUTO,Jamna Auto Industries,nonfinancial,Misc. Fabricated Products,MANUFACTURING,full,131.92,112.71965651071933,-0.14554535695331,REDUCE,medium,53.08689784597082,True,0.20135995118123964,22.862401939561863,4.603572138436056,19.5,0.39478471801091586,,,False
JSWDULUX,JSW Dulux Ltd.,nonfinancial,Consumer Durables,CONSUMER_DISC,full,3016.3,2572.640780191047,-0.14708723263897933,REDUCE,high,64.65658463645663,True,0.805106868983521,6.953169014084508,5.598044134442813,5.9,0.12687730000331526,,,False
POWERICA,Powerica Ltd,nonfinancial,Electric Utilities,UTILITIES,full,574.15,488.75064739509344,-0.14874049047271018,REDUCE,medium,45.008104846345795,True,0.13927477273868716,23.54075042371353,3.2786326653608557,20.0,,,,False
SANOFICONR,Sanofi Consumer Healthcare India,nonfinancial,Biotechnology & Drugs,IT_SERVICES,full,4567.2,3877.974472221012,-0.15090767379991848,REDUCE,medium,61.38553692143964,True,0.6252604166666667,43.75077051228654,27.355625,37.1,0.28196706953932393,,,False
VEDL,Vedanta Ltd.,nonfinancial,Metals & Mining,METAL,full,257.9,218.96318498983038,-0.15097640562299186,REDUCE,medium,64.14654593372546,True,0.2514500926448079,21.22629579495394,5.337354044147264,18.0,0.22528111671190396,,,True
RAMRAT,Ram Ratna Wires,nonfinancial,Misc. Fabricated Products,MANUFACTURING,full,410.8,345.50620573338193,-0.15894302401805763,REDUCE,medium,41.79869818249941,True,0.18740940153240834,35.784235727440155,6.706302201974184,30.1,,,,False
MEDPLUS,MedPlus Health Services,nonfinancial,Retail (Drugs),CONSUMER_DISC,full,801.1,672.908308256598,-0.1600195877461016,REDUCE,medium,36.01748844828146,True,0.11117467195852909,43.70100632940213,4.858445042928884,36.7,0.3518911496692048,,,False
RAILTEL,Railtel Corporation Of India Ltd.,nonfinancial,Telecommunication,TELECOM,full,297.8,250.05690308730277,-0.16031933147312705,REDUCE,high,57.24750536631844,True,0.15312984997413345,27.602737352737353,4.226803029700081,23.2,-0.12021490933512428,,,False
IDBI,IDBI Bank Ltd.,financial,Financial Services,BANK,full,86.99,72.98515966178361,-0.16099368132217937,REDUCE,high,52.12100752454957,True,0.1343263010879153,10.150566527361109,1.3634880555672233,8.5,,,,False
TMCV,Tata Motors Ltd.,nonfinancial,Capital Goods,CAPITAL_GOODS,full,416.95,349.3195494093585,-0.16220278352474274,REDUCE,high,55.108602604198445,True,0.23794565729542955,50.66286518151816,12.05500875608607,42.4,-0.009473557980573184,,,False
V2RETAIL,V2 Retail,nonfinancial,Retail (Apparel),CONSUMER_DISC,full,221.1,184.3224976963222,-0.16633877116091275,REDUCE,medium,43.305127295734295,True,0.17960169782673743,48.269270640503514,8.669242959892722,40.2,,,,False
STARCEMENT,Star Cement,nonfinancial,Construction - Raw Materials,CEMENT,full,205.65,170.92298599483257,-0.16886464383742977,REDUCE,medium,46.35417751661449,True,0.12235522687390324,21.13592813604467,2.58609128227626,17.6,0.3518113299294918,,,False
FINPIPE,Finolex Industries,nonfinancial,Fabricated Plastic & Rubber,MANUFACTURING,full,164.99,136.85510444174736,-0.170524853374463,REDUCE,medium,45.331814328439954,True,0.09639226930942875,17.02642817794842,1.6412160503064506,14.1,0.27280441238862957,,,False
KANSAINER,Kansai Nerolac Paints,nonfinancial,Chemical Manufacturing,CHEMICALS,full,201.36,166.89328905376155,-0.17116960144139085,REDUCE,medium,44.62794245867274,True,0.08576986436850777,27.659724923589884,2.372370855166538,22.9,0.23659117997616202,,,False
POWERGRID,Power Grid Corporation of India Ltd.,nonfinancial,Power,UTILITIES,full,283.55,234.8754194540667,-0.1716613667640039,REDUCE,high,53.28833536646017,True,0.18610399045595047,14.099920116947935,2.6240513988741423,11.7,0.19202962440486682,,,False
DABUR,Dabur India Ltd.,nonfinancial,Fast Moving Consumer Goods,CONSUMER,full,427.25,352.8394032124319,-0.17416172448816414,REDUCE,high,59.0127682142876,True,0.16363997786246706,40.07990892015262,6.558675408423472,33.1,0.22410766530134582,,,False
TRUALT,TruAlt Bioenergy,nonfinancial,Chemical Manufacturing,CHEMICALS,full,419.6,345.4821729069698,-0.17663924474030077,REDUCE,medium,38.41128593935802,True,0.06371642998559524,34.132837823887684,2.1748225714154166,28.1,,,,False
IKS,Inventurus Knowledge Solutions Ltd.,nonfinancial,Information Technology,IT_SERVICES,full,1893.8,1553.5142092479005,-0.1796841222685075,REDUCE,high,66.53037008912521,True,0.2609704882438648,44.8066476915077,11.693212724623603,36.8,-0.012567324955116673,,,False
KIRLOSENG,Kirloskar Oil Eng Ltd.,nonfinancial,Capital Goods,CAPITAL_GOODS,full,2258.0,1850.738155845417,-0.18036396995331402,REDUCE,high,52.80501081068067,True,0.15405821241426557,57.61195582012479,8.875594927338067,47.2,-0.0008857395925597874,,,False
LUXIND,Lux Industries,nonfinancial,Apparel/Accessories,CONSUMER_DISC,full,1274.9,1044.764298362868,-0.18051274738185905,REDUCE,medium,40.442018978892975,True,0.057834071230725606,36.89962289054398,2.134055418638634,30.2,,,,False
GLOBUSSPR,Globus Spirits,nonfinancial,Beverages (Alcoholic),CONSUMER,full,981.75,799.683917453181,-0.18545055517883266,REDUCE,medium,37.743857408521976,True,0.08549804374318518,31.038072018004502,2.653694439099481,25.3,,,,False
ALIVUS,Alivus Life Sciences,nonfinancial,Biotechnology & Drugs,IT_SERVICES,full,1138.2,924.8311867658504,-0.18746161767189393,REDUCE,medium,55.30204215662328,True,0.16940515526104924,24.80133928571429,4.201474732378389,20.2,0.06308205939202245,,,False
ARE&M,Amara Raja Energy & Mobility Ltd.,nonfinancial,Automobile and Auto Components,AUTO,full,907.05,736.4227110497186,-0.18811233002621836,REDUCE,high,54.11973650397646,True,0.11060308977942847,18.53044308248769,2.0495242599049757,15.0,0.04624882862025252,,,False
ITCHOTELS,ITC Hotels Ltd.,nonfinancial,Consumer Services,CONSUMER,full,169.35,137.1804113515489,-0.1899591889486335,REDUCE,high,57.50310466220416,True,0.0704471333405388,43.202540608333535,3.0434951388853144,35.0,0.535281960436965,,,False
HATSUN,Hatsun Agro Product,nonfinancial,Food Processing,CONSUMER,full,926.55,750.406089459741,-0.19010729106929897,REDUCE,medium,42.04248949378577,True,0.1831814535206632,57.95489612577204,10.616262110957974,46.9,0.00911985321893049,,,False
STYL,Seshaasai Technologies,financial,Consumer Financial Services,NBFC,full,399.95,323.71758848567947,-0.1906048543926004,REDUCE,medium,46.01708537631698,True,0.16813669125276945,25.88392477377924,4.352037468098831,21.0,,,,False
WHIRLPOOL,Whirlpool of India Ltd.,nonfinancial,Consumer Durables,CONSUMER_DISC,full,773.2,624.0272115985969,-0.19292911071055766,REDUCE,high,44.95130647423713,True,0.07097465774496231,33.4101997968168,2.3712774957698817,27.0,0.3838592860838075,,,False
MASFIN,MAS Financial Services,financial,Consumer Financial Services,NBFC,full,313.2,252.65530710545323,-0.19331000285615185,REDUCE,medium,42.398590380729495,True,0.1263596047353751,15.309147996381247,1.9344578896580942,12.3,0.3090676883780333,,,False
PSPPROJECT,PSP Projects Ltd,nonfinancial,Construction Services,CONSTRUCTION,full,1050.6,842.6359638894683,-0.1979478737012485,REDUCE,medium,41.05773229800118,True,0.04398117014122394,75.02935779816514,3.299878950907868,60.2,-0.2661336379211878,,implied_pe_gt_2x_sector_exit,False
SHRIPISTON,SPR Auto Technologies Ltd,nonfinancial,Auto & Truck Parts,AUTO,full,4169.9,3341.0862274334413,-0.1987610668281154,REDUCE,medium,47.65177781208081,True,0.19351280548757369,33.276009975062344,6.439334045706801,26.7,0.16309743638936194,,,False
PCBL,PCBL Chemical Ltd.,nonfinancial,Chemicals,CHEMICALS,full,320.7,256.35839359305163,-0.20062864486108,REDUCE,high,44.06631861212559,True,0.04943214437261313,62.26476974348617,3.077881087287522,49.8,0.025880885562831343,,,False
AWFIS,Awfis Space Solutions,nonfinancial,Real Estate Operations,REALTY,full,289.95,230.59190182869892,-0.20471839341714457,REDUCE,medium,39.798053795282975,True,0.12824922163492866,29.220084685956245,3.747453117080587,23.2,1.6487325400931196,,,False
NAVA,Nava Ltd.,nonfinancial,Power,UTILITIES,full,581.65,462.545417434186,-0.20477019266881114,REDUCE,high,52.33135820196107,True,0.11891644654843174,20.88427535674449,2.4834838141630367,16.6,,,,False
TIIL,Technocraft Industries (India),nonfinancial,Constr. - Supplies & Fixtures,MANUFACTURING,full,2546.8,2023.9397362295408,-0.20530087316258022,REDUCE,medium,45.09229728327975,True,0.14492839623387926,20.247181656885495,2.934391565788433,16.1,0.433171038165541,,,False
POLYCAB,Polycab India Ltd.,nonfinancial,Capital Goods,CAPITAL_GOODS,full,8863.0,7015.090223724443,-0.20849709762784127,REDUCE,high,58.3409355147453,True,0.2255412380148194,50.10006904368952,11.299631596741664,39.7,0.05912219338824326,,,False
TCI,Transport Corporation of India,nonfinancial,Trucking,LOGISTICS,full,930.0,734.1833544669493,-0.21055553283123737,REDUCE,medium,48.58230806055383,True,0.17922127521931108,15.652344089762547,2.805233067938691,12.4,0.3193548387096774,,,False
MARICO,Marico Ltd.,nonfinancial,Fast Moving Consumer Goods,CONSUMER,full,840.4,662.8565448279844,-0.21126065584485432,REDUCE,high,68.3808069378656,True,0.43064133016627076,61.84101709873138,26.631297862232778,48.8,0.06139933365064258,,,False
BANARISUG,Bannari Amman Sugars,nonfinancial,Food Processing,CONSUMER,full,3475.0,2737.372750431309,-0.21226683440825633,REDUCE,medium,45.1503332559905,True,0.07730741089160656,29.365535424553816,2.2701735131180096,23.1,,,,False
TEXRAIL,Texmaco Rail & Engineering,nonfinancial,Constr. & Agric. Machinery,CAPITAL_GOODS,full,115.28,90.26857460504364,-0.21696239933168252,REDUCE,medium,39.56904189114351,True,0.07200532405554876,23.81801462415911,1.7150238613723763,18.7,0.3705759888965996,,,False
AVANTIFEED,Avanti Feeds,nonfinancial,Food Processing,CONSUMER,full,1018.6,797.499049152095,-0.21706356847428332,REDUCE,medium,52.952371757774536,True,0.19955874073735944,22.94242100768574,4.578360645760107,18.0,0.14470842332613387,,,False
MARKSANS,Marksans Pharma,nonfinancial,Biotechnology & Drugs,IT_SERVICES,full,267.1,208.94699279680282,-0.2177199820411726,REDUCE,medium,49.97693048377175,True,0.13894732663835194,28.969851925915346,4.025283478214848,22.7,-0.049045301385249054,,,False
LUMAXTECH,Lumax Auto Technologies Ltd,nonfinancial,Auto & Truck Parts,AUTO,full,1420.9,1109.9158743580047,-0.2188641886424065,REDUCE,medium,48.14016642054721,True,0.2785857116887838,34.727023580008904,9.674452578869959,27.1,0.4610458160320922,,,False
FDC,FDC Ltd,nonfinancial,Biotechnology & Drugs,IT_SERVICES,full,421.2,326.95417894010575,-0.22375551058854284,REDUCE,medium,47.32885454335656,True,0.11324247216421003,24.36619998578637,2.759288723637988,18.9,,,,False
VMM,Vishal Mega Mart Ltd.,nonfinancial,Consumer Services,CONSUMER,full,109.92,84.63180753687158,-0.23005997510124113,REDUCE,high,48.62482132931267,True,0.11320660546102525,61.407352930662626,6.951717975627456,47.3,,,,False
TECHM,Tech Mahindra Ltd.,nonfinancial,Information Technology,IT_SERVICES,full,1572.9,1207.6788646198547,-0.23219602986848836,REDUCE,high,57.45103340943966,True,0.16226355207088203,29.026068463219232,4.709872971494561,22.3,0.01341471167906409,,,False
LATENTVIEW,Latent View Analytics Ltd.,nonfinancial,Information Technology,IT_SERVICES,full,302.25,231.9251883163139,-0.23267100639763807,REDUCE,high,59.03070412311381,True,0.11287602552415679,31.61023622047244,3.568037830446672,24.3,,,,False
SKYGOLD,Sky Gold and Diamonds,nonfinancial,Misc. Fabricated Products,MANUFACTURING,full,621.3,476.1290929923757,-0.23365669886950627,REDUCE,medium,44.88328054508498,True,0.2351503116369492,34.41256431181918,8.092125222150836,26.4,-0.039111540318686557,,,False
JUBLCPL,Jubilant Agri and Consumer Products,nonfinancial,Chemicals - Plastics & Rubber,CHEMICALS,full,2000.5,1522.8245081023165,-0.23877805143598277,REDUCE,medium,53.56043886231969,True,0.27801696020874106,23.93840919755983,6.655283757338553,18.2,,,,False
PFIZER,Pfizer Ltd.,nonfinancial,Healthcare,PHARMA,full,4582.2,3480.841748189383,-0.24035577927864712,REDUCE,high,59.58977290773801,True,0.17188845796949725,28.98641252439683,4.982429750886293,22.0,0.3166164724368208,,,False
ENTERO,Entero Healthcare Solutions,nonfinancial,Software & Programming,IT_SERVICES,full,1175.7,892.6899104478671,-0.24071624525995827,REDUCE,medium,36.7043608755615,True,0.08636689348043658,44.49989029072957,3.843317284630554,33.8,,,,False
CIEINDIA,CIE Automotive India Ltd.,nonfinancial,Automobile and Auto Components,AUTO,full,473.0,358.93920625094233,-0.2411433271650268,REDUCE,high,50.322986558390326,True,0.11595232668820635,20.748780205804138,2.4058693408051908,15.7,0.1331923890063425,,,False
HINDZINC,Hindustan Zinc Ltd.,nonfinancial,Metals & Mining,METAL,full,521.95,395.29111327656403,-0.24266478920095028,REDUCE,high,65.69870215076871,True,0.6112510495382032,15.961889097744361,9.756721463608645,12.1,0.2510776894338537,,,False
CAPLIPOINT,Caplin Point Laboratories Ltd.,nonfinancial,Healthcare,PHARMA,full,2609.0,1971.9654461324883,-0.2441680927050639,REDUCE,high,65.05872786363301,True,0.18116394621934967,30.999769134871407,5.616040508362099,23.4,-0.039862016098121886,,,False
TATAELXSI,Tata Elxsi Ltd.,nonfinancial,Information Technology,IT_SERVICES,full,3503.2,2635.666681424739,-0.24764024850858093,REDUCE,high,66.21006173882475,True,0.20662931470996335,34.72930318412552,7.176092117290405,26.1,0.03847910481845176,,,False
BATAINDIA,Bata India Ltd.,nonfinancial,Consumer Durables,CONSUMER_DISC,full,691.5,519.0724422868973,-0.24935293957064744,REDUCE,high,39.951829442114764,True,0.08410629230383554,66.21292846497765,5.568923915768363,49.7,0.05422993492407809,,,False
HUDCO,Housing & Urban Development Corporation Ltd.,financial,Financial Services,NBFC,full,203.04,151.73812382771916,-0.2526688148752996,REDUCE,high,53.38584804840805,True,0.18358523553090583,10.076584150685235,1.849912074650542,7.5,0.3494877856579985,,,False
ARVINDFASN,ARVIND FASHIONS,nonfinancial,Retail (Apparel),CONSUMER_DISC,full,466.45,348.57560669381144,-0.2527053131229254,REDUCE,medium,42.526254475355266,True,0.19591157644864568,50.31109969167524,9.856526853461066,37.6,0.4106549469396506,,,False
HINDUNILVR,Hindustan Unilever Ltd.,nonfinancial,Fast Moving Consumer Goods,CONSUMER,full,2143.8,1594.0931736894959,-0.25641702878556966,REDUCE,high,62.96327593924743,True,0.21855187837255585,47.37612842658656,10.354141857649932,35.2,0.1964735516372795,,,False
INDHOTEL,Indian Hotels Co. Ltd.,nonfinancial,Consumer Services,CONSUMER,full,731.45,542.0855690637823,-0.2588890982790591,REDUCE,high,60.63977296672836,True,0.1712473443357449,49.02469364746305,8.395348594001513,36.3,0.0704764508852279,,,False
BRITANNIA,Britannia Industries Ltd.,nonfinancial,Fast Moving Consumer Goods,CONSUMER,full,5310.5,3920.618332503448,-0.2617233156005182,REDUCE,high,60.48866266848354,True,0.4968139021180599,50.488275568484156,25.083277196390522,37.3,0.18501082760568685,,,False
VBL,Varun Beverages Ltd.,nonfinancial,Fast Moving Consumer Goods,CONSUMER,full,466.55,340.42295827401415,-0.27033981722427575,REDUCE,high,60.32067104332084,True,0.1625443681213452,49.98404467904611,8.124624958504635,36.5,0.2646018647519022,,,False
SANDUMA,Sandur Manganese & Iron Ores Ltd,nonfinancial,Metal Mining,METAL,full,199.17,144.11959504841997,-0.27639908094381693,REDUCE,medium,52.5752358417668,True,0.20246613065820857,14.74213552735442,2.9847831378623586,10.7,,,,False
BAJAJCON,Bajaj Consumer Care,nonfinancial,Personal & Household Prods.,CONSUMER,full,528.95,382.1472798392541,-0.27753610012429514,REDUCE,medium,57.537716553541486,True,0.2519007126016583,37.21396045851299,9.374223158229357,26.9,-0.03582569240949058,,,False
COLPAL,Colgate Palmolive (India) Ltd.,nonfinancial,Fast Moving Consumer Goods,CONSUMER,full,2039.7,1460.4901981289975,-0.283968133485808,REDUCE,high,67.96980227711823,True,0.8366275069281806,41.86178328089277,35.02271938186111,30.0,0.10702554297200566,,,False
PRICOLLTD,Pricol,nonfinancial,Auto & Truck Parts,AUTO,full,615.3,439.6988348435466,-0.2853911346602525,REDUCE,medium,47.20278612411588,True,0.19985815489803888,29.90632775119617,5.977023484130083,21.4,0.17828701446448894,,,False
THANGAMAYL,Thangamayil Jewellery,nonfinancial,Retail (Specialty),CONSUMER_DISC,full,6436.0,4589.279128101033,-0.2869361205560856,REDUCE,medium,48.32092409631534,True,0.24834039548022596,56.92011943694014,14.135564971751412,40.6,-0.23477315102548166,,,False
UTLSOLAR,Fujiyama Power Systems,nonfinancial,Electronic Instr. & Controls,MANUFACTURING,full,365.15,260.16236008269135,-0.28751921105657574,REDUCE,medium,51.995817523653606,True,0.23884054784193004,35.7670025975734,8.542610495068166,25.5,,,,False
VAIBHAVGBL,Vaibhav Global,nonfinancial,Jewelry & Silverware,CONSUMER_DISC,full,262.07,181.2494345405378,-0.30839304559645203,REDUCE,medium,41.03221354059027,True,0.1614935100398682,16.642178634501935,2.687603842396218,11.5,,,,False
CARYSIL,Carysil,nonfinancial,Constr. - Supplies & Fixtures,MANUFACTURING,full,1167.3,803.5959812403394,-0.31157715990718804,REDUCE,medium,43.21178661811664,True,0.16266723644850598,33.85016671718703,5.50631307320601,23.3,0.032296753191124856,,,False
AVL,Aditya Vision,nonfinancial,Retail (Specialty),CONSUMER_DISC,full,625.4,430.3424350116476,-0.3118924927859808,REDUCE,medium,37.63014014371605,True,0.16983818018070365,69.1085186452275,11.737265041689666,47.6,0.04892868564118968,,,False
PERSISTENT,Persistent Systems Ltd.,nonfinancial,Information Technology,IT_SERVICES,full,5182.9,3565.2089498273513,-0.312120830070549,REDUCE,high,62.81113436608454,True,0.23796291334624503,43.6002514583512,10.37524285965812,30.0,0.0005981207432133293,,,False
METROBRAND,Metro Brands,nonfinancial,Retail (Apparel),CONSUMER_DISC,full,1078.6,731.6139797753798,-0.32170037105935484,REDUCE,medium,45.96705282585152,True,0.20788701301959212,71.61164715819959,14.887131425131072,48.6,0.20063044687557954,,,False
VOLTAMP,Voltamp Transformers,nonfinancial,Electronic Instr. & Controls,MANUFACTURING,full,9495.0,6422.174076170249,-0.32362568971350725,REDUCE,medium,50.64615274392782,True,0.17043196785355508,31.403333551640582,5.352131934367676,21.2,0.07793575566087414,,,False
AJANTPHARM,Ajanta Pharmaceuticals Ltd.,nonfinancial,Healthcare,PHARMA,full,3436.3,2322.933856063636,-0.32400143873828363,REDUCE,high,63.2368166638334,True,0.2332624268569876,40.675899621212125,9.488159060235162,27.5,-0.03704565957570648,,,False
RAINBOW,Rainbow Childrens Medicare Ltd.,nonfinancial,Healthcare,PHARMA,full,1476.9,993.4107148898297,-0.3273676519129057,REDUCE,high,54.942481669428396,True,0.17083012250693236,53.92673154791503,9.21231015672878,36.3,0.09350666937504225,,,False
CARERATING,CARE Ratings,nonfinancial,Business Services,MANUFACTURING,full,1669.0,1118.4597862029502,-0.32986232102878954,REDUCE,medium,52.0322914865865,True,0.18628344683361037,29.402072538860107,5.477119416590702,19.7,,,,False
ESABINDIA,ESAB India,nonfinancial,Constr. & Agric. Machinery,CAPITAL_GOODS,full,5663.5,3758.667017199811,-0.3363349488479189,REDUCE,medium,55.72168709823195,True,0.4813684847920257,42.19744544970729,20.31252037821976,28.0,,,,False
HYUNDAI,Hyundai Motor India Ltd.,nonfinancial,Automobile and Auto Components,AUTO,full,2025.0,1339.8974525967083,-0.3383222456312552,REDUCE,high,61.075842890902614,True,0.2713721994781919,30.291934854331746,8.220388987870109,20.0,0.30617283950617286,,,False
CHOLAFIN,Cholamandalam Investment and Finance Company Ltd.,financial,Financial Services,NBFC,full,1789.1,1174.4408862300559,-0.3435577182773149,REDUCE,high,48.45622409973801,True,0.17167283901977778,28.9362515490889,4.967568454022535,19.0,0.035716281929461795,,,False
EMCURE,Emcure Pharmaceuticals Ltd.,nonfinancial,Healthcare,PHARMA,full,1780.1,1162.7773691864697,-0.34679098410961756,REDUCE,high,54.28878692778361,True,0.19015440310462767,36.49954848236957,6.940549855253402,23.8,-0.06578282118982075,,,False
SUPRIYA,Supriya Lifescience,nonfinancial,Biotechnology & Drugs,IT_SERVICES,full,828.7,541.2438621998899,-0.34687599589732127,REDUCE,medium,51.22838741313408,True,0.17459694588930727,31.900511667941856,5.569731909528859,20.8,0.02570290816942193,,,False
ENGINERSIN,Engineers India Ltd.,nonfinancial,Construction,CONSTRUCTION,full,227.74,146.88883466946993,-0.35501521616988707,REDUCE,high,57.08203102257653,True,0.2047887135895325,18.513751416463574,3.79140733629396,11.9,0.21629928866250983,,,False
ASKAUTOLTD,ASK Automotive Ltd,nonfinancial,Auto & Truck Parts,AUTO,full,480.8,309.2911696608797,-0.3567155373109824,REDUCE,medium,45.347473158125375,True,0.22677141331706202,31.88946589533163,7.231619251010602,20.5,0.22920133111480862,,,False
HAVELLS,Havells India Ltd.,nonfinancial,Consumer Durables,CONSUMER_DISC,full,1181.9,755.5800360671736,-0.36070730512972876,REDUCE,high,49.744000972873756,True,0.17865320285506697,43.868657688323225,7.837276200971503,28.0,0.2572975717065741,,,False
NLCINDIA,NLC India Ltd.,nonfinancial,Power,UTILITIES,full,295.7,185.99032380495902,-0.3710168285256712,REDUCE,high,50.06554106737773,True,0.17510903722039178,11.641503722295035,2.0385325086086903,7.3,0.3121406831247887,,,False
TVSMOTOR,TVS Motor Company Ltd.,nonfinancial,Automobile and Auto Components,AUTO,full,3563.5,2228.4671487806795,-0.37464090114194487,REDUCE,high,49.11288696841724,True,0.33316046736544946,56.09574351233198,18.688884125780902,35.1,0.10509330714185491,,,False
ELGIEQUIP,Elgi Equipments Ltd.,nonfinancial,Capital Goods,CAPITAL_GOODS,full,581.7,362.89192745013133,-0.3761527807286723,REDUCE,high,54.32502709691564,True,0.1927505712621533,42.74183403068341,8.23851292620637,26.7,0.16039195461578123,,,False
APARINDS,Apar Industries Ltd.,nonfinancial,Capital Goods,CAPITAL_GOODS,full,13860.0,8637.673099015481,-0.37679126269729574,REDUCE,high,51.68665357252536,True,0.18113502108139978,57.03295016019571,10.330664629601472,35.5,-0.022582972582972583,,,False
MSUMI,Motherson Sumi Wiring India Ltd.,nonfinancial,Automobile and Auto Components,AUTO,full,39.97,24.616667872378937,-0.38412139423620373,REDUCE,high,57.20907231560242,True,0.2892062302529016,42.521589462234886,12.297508592734456,26.2,0.3009757317988492,,,False
RPGLIFE,RPG Life Sciences,nonfinancial,Biotechnology & Drugs,IT_SERVICES,full,2860.5,1755.3620076936559,-0.3863443427045426,REDUCE,medium,50.866632936121384,True,0.19025357231353762,40.98137535816618,7.796853060213099,25.1,,,,False
CASTROLIND,Castrol India Ltd.,nonfinancial,Oil Gas & Consumable Fuels,ENERGY,full,183.7,112.31001402167193,-0.3886226781618294,REDUCE,high,65.4376980494081,True,0.5043940430458349,18.964126238914968,9.565392306477925,11.6,0.1867174741426239,,,False
TARIL,Transformers And Rectifiers (India) Ltd.,nonfinancial,Capital Goods,CAPITAL_GOODS,full,332.5,200.61238697075814,-0.39665447527591535,REDUCE,high,52.75153780491285,True,0.1796703260431864,36.66210456699857,6.5870922809820245,22.1,0.14285714285714285,,,False
ABBOTINDIA,Abbott India Ltd.,nonfinancial,Healthcare,PHARMA,full,27850.0,16630.15119506795,-0.4028671025110252,REDUCE,high,63.51621176254163,True,0.3250855118878805,38.22147910465071,12.425249099847305,22.8,0.21806104129263915,,,False
BAJFINANCE,Bajaj Finance,financial,Diversified NBFC,NBFC,full,1056.3,629.149739323065,-0.40438347124579666,REDUCE,high,49.047618281553014,True,0.1695835630867704,34.621429147812265,5.871225314042173,20.6,0.02338350847297174,,,False
CARRARO,Carraro India,nonfinancial,Auto & Truck Parts,AUTO,full,558.8,331.4483337201866,-0.4068569546882845,REDUCE,medium,45.152692076885025,True,0.23128287784055687,24.349609434829222,5.631647744380878,14.4,,,,False
HBLENGINE,HBL Engineering Ltd.,nonfinancial,Capital Goods,CAPITAL_GOODS,full,739.75,434.68727551047556,-0.41238624466309487,REDUCE,high,63.89236664253418,True,0.3604396994002457,25.174301465981706,9.07381765300961,14.8,,,,False
BERGEPAINT,Berger Paints India Ltd.,nonfinancial,Consumer Durables,CONSUMER_DISC,full,494.15,288.3360439408086,-0.41650097350843135,REDUCE,high,53.321295753438214,True,0.1630991764215981,51.15325570468608,8.343053876717715,29.8,0.09076191439846205,,,False
JAYNECOIND,Jayaswal Neco Industries,nonfinancial,Iron & Steel,METAL,full,89.17,51.40803851085958,-0.4234828023902705,REDUCE,medium,37.388498837819796,True,0.162988850409663,18.69429573967308,3.0469617718275757,10.8,,,,False
DOMS,DOMS Industries Ltd.,nonfinancial,Fast Moving Consumer Goods,CONSUMER,full,2261.3,1302.1132872637136,-0.424174905026439,REDUCE,high,51.704340561797046,True,0.19640412222377082,59.84572549674404,11.753947185032754,34.5,0.2859859372927076,,,False
MAZDOCK,Mazagoan Dock Shipbuilders Ltd.,nonfinancial,Capital Goods,CAPITAL_GOODS,full,2361.3,1356.4890723560284,-0.425532938484721,REDUCE,high,58.26615029866205,True,0.2482736845558326,36.8739846730639,9.154840039036873,21.2,0.19129293185956878,,,False
GODREJIND,Godrej Industries Ltd.,nonfinancial,Diversified,MANUFACTURING,full,1335.6,763.4753397465263,-0.42836527422392456,REDUCE,medium,44.49127262225108,True,0.2158020988700388,36.26521885144968,7.826110344124139,20.7,,,,True
JSL,Jindal Stainless Ltd.,nonfinancial,Metals & Mining,METAL,full,735.3,419.46195808574305,-0.4295363007129837,REDUCE,high,43.13028016381466,True,0.16090773310265938,19.000316212235873,3.057297809944582,10.8,0.1804705562355502,,,False
CAMPUS,Campus Activewear,nonfinancial,Footwear,CONSUMER_DISC,full,254.22,144.92219111040416,-0.4299339504743759,REDUCE,medium,41.40057903166949,True,0.16561655172413794,51.7789686188287,8.57545423448276,29.5,0.18794744709306901,,,False
BEL,Bharat Electronics Ltd.,nonfinancial,Capital Goods,CAPITAL_GOODS,full,409.45,233.27609009976692,-0.4302696541707976,REDUCE,high,60.717503536171925,True,0.2511002234004813,49.39051335857903,12.401968938203648,28.1,0.18940041519111006,,,False
SIEMENS,Siemens Ltd.,nonfinancial,Capital Goods,CAPITAL_GOODS,full,3657.6,2072.328615939172,-0.4334184667707863,REDUCE,high,52.71251016995133,True,0.16498316498316498,57.056894105281586,9.413426973598646,32.3,0.030457130358705186,,,False
HAL,Hindustan Aeronautics Ltd.,nonfinancial,Capital Goods,CAPITAL_GOODS,full,4433.8,2511.0847017029173,-0.43364953274777457,REDUCE,high,61.23541174952543,True,0.22210699902926626,32.530513234571366,7.225254671412475,18.4,0.17664306012900893,,,False
UNITDSPR,United Spirits Ltd.,nonfinancial,Fast Moving Consumer Goods,CONSUMER,full,1381.6,774.0565394185812,-0.4397390421116233,REDUCE,high,48.23413398055631,True,0.1908857366245951,57.398244587478054,10.956506199039428,32.2,0.09583092067168507,,,False
JSWSTEEL,JSW Steel Ltd.,nonfinancial,Metals & Mining,METAL,full,1237.3,688.2022135445462,-0.44378710616297884,REDUCE,high,51.9969236935197,True,0.2549448792140166,13.558010153677277,3.456545261011664,7.5,0.10078396508526635,,,False
STYLAMIND,Stylam Industries,nonfinancial,Fabricated Plastic & Rubber,MANUFACTURING,full,3257.4,1805.3204305047548,-0.44577870985916535,REDUCE,medium,48.826372654833904,True,0.1857240225540616,36.94922265963835,6.862358262593716,20.5,-0.0876158899735986,,,False
RRKABEL,R R Kabel Ltd.,nonfinancial,Capital Goods,CAPITAL_GOODS,full,2295.1,1269.503770528171,-0.4468634174858738,REDUCE,high,50.98380912859715,True,0.19119794903666873,52.735729958148795,10.082963408949658,29.2,-0.27062001655701273,,,False
SJVN,SJVN Ltd.,nonfinancial,Power,UTILITIES,full,69.28,51.933088168464884,-0.25038845022423667,AVOID,high,49.04765829076193,True,0.048817881231898105,39.141490699313785,1.9108046441985445,29.3,0.22690531177829099,,,False
MARUTI,Maruti Suzuki India Ltd.,nonfinancial,Automobile and Auto Components,AUTO,full,13783.0,10311.79930617904,-0.2518465278836944,AVOID,high,56.06371817573812,True,0.13699147880245957,29.519910078681153,4.043976135794162,22.1,0.1630994703620402,,,False
INTERARCH,Interarch Building Solutions,nonfinancial,Construction Services,CONSTRUCTION,full,1832.5,1366.8146586212092,-0.2541256978874711,AVOID,medium,47.78703119108162,True,0.15266932994370802,22.74959113886411,3.4731648356637006,17.0,0.8826739427012278,,,False
GRANULES,Granules India Ltd.,nonfinancial,Healthcare,PHARMA,full,878.95,655.4516166110387,-0.2542788365537986,AVOID,high,51.0511689271863,True,0.11701474926253687,35.93972219421196,4.2054775811209435,26.8,-0.12509243984299454,,,False
INNOVACAP,Innova Captab,nonfinancial,Biotechnology & Drugs,IT_SERVICES,full,962.0,709.3963349701514,-0.26258177238029995,AVOID,medium,43.59674139680448,True,0.12919076999239082,39.047970479704794,5.0446373729132095,28.8,-0.1600831600831601,,,False
OIL,Oil India Ltd.,nonfinancial,Oil Gas & Consumable Fuels,ENERGY,full,436.2,321.4696518682216,-0.2630223478491022,AVOID,high,53.24463994720727,True,0.13018764668518212,10.71743620102587,1.3952777975101365,7.9,0.23567171022466762,,,False
PARKHOSPS,Park Medi World,nonfinancial,Healthcare Facilities,PHARMA,full,274.55,202.0047346591407,-0.2642333467159327,AVOID,medium,49.02622455563933,True,0.13529312851759168,39.964106594531366,5.406869009584665,29.4,,,,False
GAIL,GAIL (India) Ltd.,nonfinancial,Oil Gas & Consumable Fuels,ENERGY,full,171.71,126.21363446875148,-0.2649604887965088,AVOID,high,47.91801342841265,True,0.08513817018829956,14.892516342369339,1.2679215908886732,10.9,0.08322171102440155,,,False
VISHNU,Vishnu Chemicals,nonfinancial,Chemical Manufacturing,CHEMICALS,full,605.1,439.1817073058055,-0.2741997896119559,AVOID,medium,43.087598784601354,True,0.13306832530514895,28.623905250579885,3.808935135387925,20.8,0.07420261113865473,,,False
ORIENTELEC,Orient Electric,nonfinancial,Appliance & Tool,CONSUMER_DISC,full,172.54,123.72247444218654,-0.2829345401519268,AVOID,medium,41.5783871538957,True,0.12608867254308645,38.43623747913188,4.846374161294567,27.6,0.3851860438159268,,,False
INTELLECT,Intellect Design Arena Ltd.,nonfinancial,Information Technology,IT_SERVICES,full,759.95,542.9887952894411,-0.2854940518594104,AVOID,high,53.224330407403315,True,0.10827699985174015,31.261453750910416,3.384896423152509,22.3,0.4066714915454963,,,False
VSTTILLERS,VST Tillers Tractors,nonfinancial,Constr. & Agric. Machinery,CAPITAL_GOODS,full,4517.0,3220.5950442111034,-0.28700574624505126,AVOID,medium,44.21464038537385,True,0.09571162212554382,37.52664247517188,3.591735824224034,26.8,,,,False
WONDERLA,Wonderla Holidays,nonfinancial,Recreational Activities,MANUFACTURING,full,467.0,332.13817406951165,-0.2887833531702106,AVOID,medium,48.273439343242714,True,0.045483888919806335,36.39777315551205,1.6555122711336188,25.9,0.4475374732334047,,,False
IRCON,IRCON International Ltd.,nonfinancial,Construction,CONSTRUCTION,full,129.3,91.60738073025433,-0.2915129100521707,AVOID,high,37.253806000013974,True,0.0891628405818059,20.42648161913773,1.8212831242543654,14.5,0.06728538283062635,,,False
VESUVIUS,Vesuvius India,nonfinancial,Misc. Fabricated Products,MANUFACTURING,full,465.7,329.1093048542662,-0.2933019006779768,AVOID,medium,50.86847555880851,True,0.15871241488319537,35.79865949712209,5.681691698369483,25.3,,,,False
KIRLOSIND,Kirloskar Industries,nonfinancial,Real Estate Operations,REALTY,full,3812.1,2682.70009025608,-0.2962671256640487,AVOID,medium,40.46614848032039,True,0.057224027943834056,25.22,1.4431899847434946,17.7,,,,False
INDIASHLTR,India Shelter Finance Corporation,financial,Consumer Financial Services,NBFC,full,816.8,574.7568313100236,-0.2963310096596185,AVOID,medium,43.26253863422059,True,0.15732680449764236,18.165541091125906,2.8579265318374545,12.8,0.3197845249755143,,,False
JKCEMENT,J.K. Cement Ltd.,nonfinancial,Construction Materials,CEMENT,full,5382.5,3782.2276377051653,-0.29731023916299765,AVOID,high,43.69786021423265,True,0.14039433017158692,41.94905818884806,5.889409925752247,29.5,0.1438922433813284,,,False
RAMKY,Ramky Infrastructure,nonfinancial,Construction Services,CONSTRUCTION,full,387.6,271.4602525595441,-0.299638151291166,AVOID,medium,44.28800412459335,True,0.13077076040158897,9.896286866115002,1.2941449586341167,6.9,,,,False
ABCAPITAL,Aditya Birla Capital Ltd.,financial,Financial Services,NBFC,full,400.0,280.1017211513655,-0.2997456971215863,AVOID,medium,47.4376133901591,True,0.1122443614188259,28.089445623479474,3.1528818866162873,19.7,0.035,,,True
SUNPHARMA,Sun Pharmaceutical Industries Ltd.,nonfinancial,Healthcare,PHARMA,full,1932.6,1353.2487092678057,-0.2997781696844635,AVOID,high,57.47082139161637,True,0.1337693904601515,41.79446825868225,5.590820543570073,29.3,0.0654041188036842,,,False
INDIAGLYCO,India Glycols,nonfinancial,Chemical Manufacturing,CHEMICALS,full,1176.15,819.8606073724347,-0.3029285317583347,AVOID,medium,34.39685408678701,True,0.0998233757731572,25.59118561278864,2.5545985379060143,17.8,,,,False
VMART,V-Mart Retail,nonfinancial,Retail (Department & Discount),CONSUMER_DISC,full,746.2,518.7007525085827,-0.3048770403262092,AVOID,medium,33.74567243081008,True,0.1303753548522763,48.02158064516129,6.260830617180107,33.4,0.16858751005092462,,,False
MANKIND,Mankind Pharma Ltd.,nonfinancial,Healthcare,PHARMA,full,2498.4,1733.3157454459904,-0.3062296888224502,AVOID,high,51.36993848662997,True,0.11889936038143989,53.98740622258914,6.419068068518817,37.5,0.05747678514249115,,,False
ARTEMISMED,Artemis Medicare Services,nonfinancial,Healthcare Facilities,PHARMA,full,269.85,187.0280827334893,-0.30691835192333045,AVOID,medium,39.610918918216306,True,0.11096489820372094,41.13313247204011,4.564333857560099,28.5,0.22290161200667027,,,False
MOTHERSON,Samvardhana Motherson International Ltd.,nonfinancial,Automobile and Auto Components,AUTO,full,143.65,98.48200309720492,-0.3144308868972856,AVOID,high,39.6489562376413,True,0.09969706908113396,39.24861658772993,3.91297203928585,26.9,0.03724329968673856,,,False
SSWL,Steel Strips Wheels,nonfinancial,Iron & Steel,METAL,full,265.4,181.15888537037745,-0.3174118863211098,AVOID,medium,36.58558113850819,True,0.10539613588133931,21.98877089685627,2.317531485308703,15.0,0.09269027882441606,,,False
BLUEDART,Blue Dart Express Ltd.,nonfinancial,Services,MANUFACTURING,full,4873.4,3317.4667794098086,-0.3192705750790395,AVOID,high,41.56179874785751,True,0.1392311025815638,46.68724685718905,6.500316856424081,31.8,0.2358928058439694,,,False
SURYAROSNI,Surya Roshni,nonfinancial,Iron & Steel,METAL,full,246.65,167.8144788277074,-0.31962506049986866,AVOID,medium,39.84857716821693,True,0.10852651364128267,18.78720303698261,2.0389096466746404,12.8,-0.10399351307520781,,,False
MINDSPACE,Mindspace Business Parks REIT,nonfinancial,Rental & Leasing,MANUFACTURING,full,494.99,335.72669543247946,-0.3217505496424585,AVOID,medium,37.6649257843699,True,0.0461399817370049,46.92088252239795,2.1649286626675934,31.8,0.04042505909210285,,,False
INOXWIND,Inox Wind Ltd.,nonfinancial,Capital Goods,CAPITAL_GOODS,full,77.83,52.394742964072805,-0.3268053068987176,AVOID,high,47.145546366280904,True,0.0703677820884858,29.37017101249193,2.066713793708595,19.8,0.4904278555826802,,,False
LODHA,Lodha Developers Ltd.,nonfinancial,Realty,REALTY,full,1178.1,792.7577026820595,-0.3270879359289877,AVOID,high,53.007156558408006,True,0.14732760175554618,34.39830850846766,5.0678202969999395,23.1,0.045751633986928185,,,False
ETHOSLTD,Ethos,nonfinancial,Jewelry & Silverware,CONSUMER_DISC,full,2624.7,1763.8337629603843,-0.3279865268562562,AVOID,medium,38.53394111912042,True,0.0646136889080058,72.62015810276681,4.692256304102371,48.8,0.3334857317026709,,,False
PIIND,PI Industries Ltd.,nonfinancial,Chemicals,CHEMICALS,full,2625.3,1756.3548063956184,-0.3309889131163607,AVOID,high,50.9708733104103,True,0.11760829882908151,30.15278694730467,3.5462179778282357,20.2,0.24633375233306662,,,False
GODREJCP,Godrej Consumer Products Ltd.,nonfinancial,Fast Moving Consumer Goods,CONSUMER,full,1057.7,706.1772700745313,-0.33234634577429206,AVOID,high,49.61065493106704,True,0.1471174706293789,58.144606681815986,8.554087465768852,38.8,0.1978821972203838,,,False
ATUL,Atul Ltd.,nonfinancial,Chemicals,CHEMICALS,full,6083.5,4012.4403480147307,-0.3404388348788147,AVOID,high,50.568696584321295,True,0.11079949083568522,26.385159343767683,2.9234622209078815,17.4,0.2591435851072573,,,False
TORNTPOWER,Torrent Power Ltd.,nonfinancial,Power,UTILITIES,full,1397.4,921.4594501286673,-0.3405900600195597,AVOID,high,39.880405614565724,True,0.1294530684397072,29.143624258917292,3.772731585770731,19.2,0.029053957349363037,,,False
YATHARTH,Yatharth Hospital & Trauma Care Services Ltd,nonfinancial,Healthcare Facilities,PHARMA,full,844.0,552.1005698720219,-0.34585240536490297,AVOID,medium,43.37411708402732,True,0.09564968324572046,46.385062533028005,4.436716538617064,30.3,0.07819905213270142,,,False
FEDERALBNK,Federal Bank Ltd.,financial,Financial Services,BANK,full,343.45,224.027177705309,-0.34771530730729655,AVOID,high,44.08299040608025,True,0.10851581836630163,19.436584240443693,2.1091768450973087,12.7,-0.07992429756878727,,,False
RALLIS,Rallis India,nonfinancial,Chemical Manufacturing,CHEMICALS,full,233.94,152.37616932048405,-0.34865277712026993,AVOID,medium,39.54960912804971,True,0.09000621643979108,24.732399390907116,2.226069692653343,16.1,0.1926134906386253,,,False
JUBLPHARMA,Jubilant Pharmova Ltd.,nonfinancial,Healthcare,PHARMA,full,1015.2,655.2464499713466,-0.35456417457511175,AVOID,high,43.17693710053039,True,0.05604274757500564,40.480301886792454,2.268627340401534,26.1,0.17218282111899127,,,False
OBEROIRLTY,Oberoi Realty Ltd.,nonfinancial,Realty,REALTY,full,1885.0,1216.48238091932,-0.3546512568067268,AVOID,high,54.88720692294907,True,0.13991090091185954,27.334202749428698,3.824352932379997,17.6,-0.016976127320954906,,,False
SUPRAJIT,Suprajit Engineering,nonfinancial,Auto & Truck Parts,AUTO,full,488.0,314.0888650127947,-0.35637527661312557,AVOID,medium,33.0753157197893,True,0.1271251905103241,36.67947665188592,4.662885457189981,23.6,0.14549180327868852,,,False
SYNGENE,Syngene International Ltd.,nonfinancial,Healthcare,PHARMA,full,417.45,268.49172857594925,-0.35682901287351954,AVOID,high,49.713864990023815,True,0.06544605401830918,53.04132617619199,3.4713454981298173,34.1,0.3390825248532759,,,False
KINGFA,Kingfa Science & Technology (India) Ltd,nonfinancial,Chemicals - Plastics & Rubber,CHEMICALS,full,5045.0,3241.3756085626255,-0.3575073124751981,AVOID,medium,43.74681002833852,True,0.13239382266974437,35.1292777717802,4.650899371833261,22.6,,,,False
KOTAKBANK,Kotak Mahindra Bank Ltd.,financial,Financial Services,BANK,full,389.95,250.21414661151644,-0.3583430013809041,AVOID,high,43.687461245251875,True,0.10643011397876032,20.110803384921837,2.1403950964616696,12.9,0.1950250032055392,,,False
PNBHOUSING,PNB Housing Finance Ltd.,financial,Financial Services,NBFC,full,1090.6,693.5853603988314,-0.3640332290493018,AVOID,high,44.77332454072551,True,0.11921663467597127,12.423255529756814,1.481058715977258,7.9,0.09205941683476994,,,False
MARATHON,Marathon Nextgen Realty,nonfinancial,Construction Services,CONSTRUCTION,full,387.85,246.63586885476658,-0.36409470451265546,AVOID,medium,44.55101270426177,True,0.08281021961984139,12.682641469370422,1.0502523254382725,8.1,,,,False
CUB,City Union Bank Ltd.,financial,Financial Services,BANK,full,221.28,140.26289986527536,-0.3661293390036363,AVOID,high,40.84315977936859,True,0.12553218878432842,16.549741145955075,2.0775252298658002,10.5,0.07556037599421547,,,False
SMSPHARMA,SMS Pharmaceuticals,nonfinancial,Biotechnology & Drugs,IT_SERVICES,full,386.35,242.59743497576767,-0.372078594601352,AVOID,medium,37.94609567073585,True,0.1119863580254769,34.639789772727276,3.8791838994158896,21.8,,,,False
CLEAN,Clean Science and Technology Ltd.,nonfinancial,Chemicals,CHEMICALS,full,744.0,466.5711842599666,-0.3728881931989696,AVOID,high,53.008854539229624,True,0.14500842925424778,34.43664547592093,4.993603869248692,21.6,0.6169354838709677,,,False
NORTHARC,Northern ARC Capital,financial,Consumer Financial Services,NBFC,full,301.7,188.50915703418207,-0.37517680797420594,AVOID,medium,35.380644678485716,True,0.10359999589275996,12.155314931364291,1.2592905769645444,7.6,0.17666556181637394,,,False
SKFINDUS,SKF India (Industrial) Ltd,nonfinancial,Unknown,MANUFACTURING,full,2627.5,1637.4111932258545,-0.37681781418616384,AVOID,medium,45.4536333566393,True,0.14738802180316213,59.75157348279506,8.806666215255444,37.2,,,,False
HINDALCO,Hindalco Industries Ltd.,nonfinancial,Metals & Mining,METAL,full,944.15,585.5307643738494,-0.3798329032740037,AVOID,high,38.684858128121334,True,0.09804294824392494,15.683423642745126,1.5376490924932091,9.7,0.169305724725944,,,False
JSWINFRA,JSW Infrastructure Ltd.,nonfinancial,Services,MANUFACTURING,full,339.1,210.0377756170745,-0.38060225415194787,AVOID,high,51.53234021886788,True,0.14221098598023443,46.32620272803672,6.588094966674329,28.7,0.020347979946918244,,,False
TATACONSUM,Tata Consumer Products Ltd.,nonfinancial,Fast Moving Consumer Goods,CONSUMER,full,1088.6,672.9868117130488,-0.38178687147432583,AVOID,high,45.233728129135244,True,0.07515767046562874,69.86983816793892,5.251254272512763,43.2,0.24379937534447926,,,False
JSWENERGY,JSW Energy Ltd.,nonfinancial,Power,UTILITIES,full,542.45,334.25792331997604,-0.3837995698774523,AVOID,high,42.026188129316154,True,0.08983006037752292,42.57855767246716,3.8248344065055675,26.2,0.14111899714259368,,,False
ROLEXRINGS,Rolex Rings,nonfinancial,Misc. Fabricated Products,MANUFACTURING,full,156.6,96.30580121015186,-0.38502042649966883,AVOID,medium,44.253782826475074,True,0.11626757197712553,30.232345854004254,3.515041447617792,18.6,-0.1379310344827586,,,False
AARTIPHARM,Aarti Pharmalabs,nonfinancial,Biotechnology & Drugs,IT_SERVICES,full,706.4,434.3085279125718,-0.38518045312489835,AVOID,medium,39.022170456653846,True,0.08223194954344348,36.71290710319958,3.018973924503436,22.6,,,,False
GLAND,Gland Pharma Ltd.,nonfinancial,Healthcare,PHARMA,full,2449.9,1500.5208436521857,-0.3875175135098634,AVOID,high,49.30988566133025,True,0.09918178790204624,39.348352996145316,3.9026400011585305,24.1,-0.08649332625821465,,,False
SHRIRAMFIN,Shriram Finance Ltd.,financial,Financial Services,NBFC,full,1034.9,631.0638564011588,-0.3902175510666164,AVOID,high,42.83638058466108,True,0.15176598892664422,19.43450380840047,2.9494966897805317,11.9,0.13440912165426602,,,False
KSHINTL,KSH International Ltd,nonfinancial,Unknown,MANUFACTURING,full,857.2,518.267107832753,-0.3953953478385989,AVOID,medium,36.11034090046018,True,0.13628263828734066,46.701171342958325,6.364558841727509,28.2,,,,False
TECHNOE,Techno Electric & Engineering Company Ltd.,nonfinancial,Construction,CONSTRUCTION,full,1033.9,623.5316790320471,-0.39691297124282127,AVOID,high,46.049477246333964,True,0.10794205241456292,26.797987519500783,2.8926297734347566,16.2,0.44598123609633417,,,False
SARDAEN,Sarda Energy and Minerals Ltd.,nonfinancial,Metals & Mining,METAL,full,493.45,296.94697153769727,-0.3982227752807837,AVOID,high,47.58141261367894,True,0.1442740841248304,15.722830809743254,2.268397014925373,9.5,,,,False
ICIL,Indo Count Industries,nonfinancial,Apparel/Accessories,CONSUMER_DISC,full,385.5,231.6605364864845,-0.39906475619588977,AVOID,medium,35.11135731483428,True,0.053785080456842015,60.222963372276595,3.2390969303273462,36.2,0.17250324254215305,,,False
NRBBEARING,NRB Bearings,nonfinancial,Misc. Fabricated Products,MANUFACTURING,full,405.3,243.37158480759632,-0.39952730123958474,AVOID,medium,42.989692061409094,True,0.1512834630127879,27.52466524754515,4.164026676916365,16.5,0.0017271157167529944,,,False
AKUMS,Akums Drugs and Pharmaceuticals,nonfinancial,Biotechnology & Drugs,IT_SERVICES,full,659.85,394.0808380325613,-0.40277208754631916,AVOID,medium,38.39509344489644,True,0.07738391657989648,39.58070592823714,3.0629100457241165,23.6,-0.03311358642115635,,,False
AARTIIND,Aarti Industries Ltd.,nonfinancial,Chemicals,CHEMICALS,full,491.45,289.3485827721652,-0.41123495213721606,AVOID,high,37.14795940460662,True,0.07036104114189756,42.55323627684964,2.9940900083963053,25.1,0.06216298707905181,,,False
SUNTECK,Sunteck Realty,nonfinancial,Construction Services,CONSTRUCTION,full,314.05,184.2187709433632,-0.41340942224689314,AVOID,medium,41.39577605162622,True,0.05595848321965511,22.53538377789875,1.2610458949840353,13.2,0.6112084063047285,,,False
USHAMART,Usha Martin Ltd.,nonfinancial,Capital Goods,CAPITAL_GOODS,full,490.0,286.30294197864475,-0.4157082816762352,AVOID,high,50.73055638627384,True,0.1431556695629526,30.414436522879686,4.353999024812761,17.8,0.19387755102040816,,,False
MEDANTA,Global Health Ltd.,nonfinancial,Healthcare,PHARMA,full,1313.0,764.5701309908142,-0.41769220792778816,AVOID,high,49.00875946782886,True,0.13986121663885784,63.55633764686772,8.88906670840096,37.0,0.06169078446306169,,,False
IREDA,Indian Renewable Energy Development Agency Ltd.,financial,Financial Services,NBFC,full,120.86,69.9706057384793,-0.4210606839444042,AVOID,high,43.65642081303843,True,0.13594072578129648,17.958093383137673,2.4412362481520327,10.4,0.4479563130895251,,,False
NHPC,NHPC Ltd.,nonfinancial,Power,UTILITIES,full,79.2,45.71427062247187,-0.4227996133526279,AVOID,high,43.68908730763533,True,0.0781206636165878,21.120081554477775,1.6499147866722592,12.2,0.13636363636363633,,,False
ADANIENT,Adani Enterprises Ltd.,nonfinancial,Metals & Mining,METAL,full,3160.7,1822.7956989247314,-0.4232936694641277,AVOID,medium,37.26727694226632,True,0.11978246779926588,42.453470414741396,5.085181452920849,24.5,0.07381276299553903,,implied_pe_gt_2x_sector_exit,True
CRAFTSMAN,Craftsman Automation Ltd.,nonfinancial,Automobile and Auto Components,AUTO,full,9102.5,5238.429067225824,-0.42450655674530907,AVOID,high,40.09174001291926,True,0.11764183256435237,56.65505612125315,6.665004626140452,32.6,0.035210107113430374,,,False
WABAG,VA Tech Wabag,nonfinancial,Water Utilities,UTILITIES,full,1991.1,1143.4940661005705,-0.4256973200238207,AVOID,medium,43.00085141596957,True,0.1439750827331127,28.75195781503515,4.139565505158653,16.5,-0.02516197076992613,,,False
MINDACORP,Minda Corporation Ltd.,nonfinancial,Automobile and Auto Components,AUTO,full,679.95,390.4845930373043,-0.4257157246307754,AVOID,high,39.04475522784727,True,0.10483788599248725,45.119003030959085,4.730180895854375,25.9,0.08390322817854247,,,False
SUBROS,Subros,nonfinancial,Misc. Capital Goods,CAPITAL_GOODS,full,798.4,454.98209331013913,-0.43013264865964534,AVOID,medium,39.579013762779695,True,0.13314846073466766,31.425101116812552,4.184203842134877,17.9,0.12474949899799602,,,False
SAREGAMA,Saregama India Ltd,nonfinancial,Media Entertainment & Publication,CONSUMER_DISC,full,491.55,280.11482874017014,-0.4301397035089612,AVOID,high,53.716919085685504,True,0.12183047002386747,45.813165551352924,5.5814394924025805,26.1,0.03143118706133657,,,False
FINEORG,Fine Organic Industries,nonfinancial,Chemical Manufacturing,CHEMICALS,full,5034.5,2854.8903539720345,-0.4329346799141852,AVOID,medium,47.99762804640482,True,0.15652725443982407,37.058323542810555,5.80063763829883,21.0,-0.008044492998311649,,,False
IRFC,Indian Railway Finance Corporation Ltd.,financial,Financial Services,NBFC,full,88.41,49.46865653962551,-0.4404631089285656,AVOID,high,39.249728788805804,True,0.12351230229523957,16.49439074811996,2.037260176257596,9.2,-0.3213437393959959,,,False
BIKAJI,Bikaji Foods International Ltd.,nonfinancial,Fast Moving Consumer Goods,CONSUMER,full,640.25,358.2155275094878,-0.4405067903014638,AVOID,high,45.23328249151741,True,0.15831461303430638,62.16019417475728,9.840867086914043,34.8,,,,False
DEEPINDS,Deep Industries,nonfinancial,Oil Well Services & Equipment,ENERGY,full,473.65,263.7203179361514,-0.4432168944660585,AVOID,medium,42.321154769579145,True,0.09857139998799495,16.849114482898607,1.6608408031373174,9.4,0.37232133431858977,,,False
MAPMYINDIA,C.E. Info Systems Ltd.,nonfinancial,Information Technology,IT_SERVICES,full,1165.85,647.5052403401272,-0.44460673299298603,AVOID,high,51.79331212650881,True,0.14809657992154263,47.67092971198328,7.059901652024973,26.5,0.8175580048891368,,,False
FCL,Fineotex Chemical,nonfinancial,Chemical Manufacturing,CHEMICALS,full,37.63,20.87102262138298,-0.4453621413398092,AVOID,medium,46.90999675749837,True,0.1416769602121415,40.46233322668374,5.732580374647282,22.4,-0.2559128355035876,,,False
SUNDRMFAST,Sundram Fasteners,nonfinancial,Misc. Fabricated Products,MANUFACTURING,full,965.0,535.1119908470168,-0.44547980223107064,AVOID,medium,41.072620361977954,True,0.13867706500991805,34.31255798262629,4.758364834013249,19.0,0.09948186528497409,,,False
FRACTAL,Fractal Analytics Ltd,nonfinancial,Software & Programming,IT_SERVICES,full,867.55,480.4272221121522,-0.4462253217541903,AVOID,medium,37.37201353966276,True,0.09004992307450783,50.455836820083675,4.543544224308455,27.9,,,,False
AADHARHFC,Aadhar Housing Finance Ltd.,financial,Financial Services,NBFC,full,515.2,285.2574903525303,-0.4463169830113931,AVOID,high,41.17494434401517,True,0.14532502131711245,20.79830638391065,3.022514318601651,11.5,0.14712732919254648,,,False
INDIGOPNTS,Indigo Paints,nonfinancial,Chemical Manufacturing,CHEMICALS,full,1062.2,587.0414518236518,-0.4473343515122842,AVOID,medium,42.708624095415715,True,0.12791493713008137,35.04446853194228,4.482710989020513,19.4,0.11843344003012611,,,False
SPLPETRO,Supreme Petrochem Ltd.,nonfinancial,Chemicals,CHEMICALS,full,690.0,380.3297173855893,-0.44879751103537785,AVOID,high,44.28560450829439,True,0.13881758889122658,39.404668081236736,5.47006101409636,21.7,0.2217391304347826,,,False
GLENMARK,Glenmark Pharmaceuticals Ltd.,nonfinancial,Healthcare,PHARMA,full,2242.0,1234.0950189953062,-0.4495561913491052,AVOID,high,48.96763620122413,True,0.1295600978300265,46.47135357391974,6.020833115330795,25.6,-0.016057091882247992,,,False
GREENPLY,Greenply Industries,nonfinancial,Constr. - Supplies & Fixtures,MANUFACTURING,full,313.5,172.33859187057487,-0.45027562401730503,AVOID,medium,32.82748970966548,True,0.10033190661913435,43.64836266429049,4.379323446911704,24.0,0.11323763955342903,,,False
AIAENG,AIA Engineering Ltd.,nonfinancial,Capital Goods,CAPITAL_GOODS,full,4635.0,2547.82611140607,-0.4503072035801359,AVOID,high,54.72660586634935,True,0.15811522238905468,34.043012616929225,5.382718510719159,18.7,-0.036030204962243795,,,False
BASF,BASF India,nonfinancial,Chemical Manufacturing,CHEMICALS,full,3727.1,2047.1754603397594,-0.4507323494567467,AVOID,medium,36.54258025384145,True,0.10517604726263816,38.77265694447781,4.0779547992904535,21.3,0.10541708030372142,,,False
TEGA,Tega Industries Ltd.,nonfinancial,Capital Goods,CAPITAL_GOODS,full,1623.0,887.8266152722492,-0.4529718944718119,AVOID,high,43.11393119448275,True,0.04186746811145875,78.95983175604627,3.305848238132415,43.2,0.22674060382008626,,,False
TATASTEEL,Tata Steel Ltd.,nonfinancial,Metals & Mining,METAL,full,185.89,101.50349882416431,-0.45395933711246267,AVOID,high,36.655350868728114,True,0.10654859928754357,21.490236583004314,2.289754606277036,11.7,0.205013717790091,,,False
ENDURANCE,Endurance Technologies Ltd.,nonfinancial,Automobile and Auto Components,AUTO,full,2732.3,1484.7921813900205,-0.4565779082128535,AVOID,high,46.71657654970998,True,0.13912221049523305,40.39409168759391,5.619715326525183,22.0,0.06430479815540015,,,False
ULTRACEMCO,UltraTech Cement Ltd.,nonfinancial,Construction Materials,CEMENT,full,11727.0,6350.809708888772,-0.458445492548071,AVOID,high,40.41261322032561,True,0.10686467892243037,42.26294308377146,4.516415842964186,22.9,0.1598021659418436,,,False
KAJARIACER,Kajaria Ceramics Ltd.,nonfinancial,Consumer Durables,CONSUMER_DISC,full,1233.9,667.0491291134377,-0.4593977395952365,AVOID,high,50.56485689619449,True,0.15985881953822767,40.285679304574955,6.440021137924961,21.8,0.05519085825431551,,,False
KIRLOSBROS,Kirloskar Brothers,nonfinancial,Misc. Capital Goods,CAPITAL_GOODS,full,1855.0,997.6855412367808,-0.46216412871332574,AVOID,medium,41.62875067797568,True,0.1466337666343348,39.42985248124879,5.781747787161682,21.2,,,,False
CONCOR,Container Corporation of India Ltd.,nonfinancial,Services,MANUFACTURING,full,488.75,261.8449211313833,-0.4642559158437171,AVOID,high,43.77029652388708,True,0.09394507179917093,29.87482214381472,2.806592311288135,16.0,0.08849104859335039,,,False
MANINFRA,Man Infraconstruction,nonfinancial,Construction Services,CONSTRUCTION,full,100.64,53.701322030180094,-0.4664018081261914,AVOID,medium,43.02605200366279,True,0.09309754504862251,19.85135924170616,1.848112811281128,10.6,,,,False
UJJIVANSFB,Ujjivan Small Finance Bank,financial,Regional Banks,BANK,full,64.88,34.418907276717185,-0.46949896305922956,AVOID,medium,33.57868373053646,True,0.10162302220761538,18.48428511615148,1.8784289168505561,9.8,0.14056720098643657,,,False
DEEPAKNTR,Deepak Nitrite Ltd.,nonfinancial,Chemicals,CHEMICALS,full,1706.7,902.6734035062887,-0.47110013270856704,AVOID,high,43.00624082514142,True,0.09434230566934448,42.27542948461846,3.9883614907406937,22.4,0.037675045409269324,,,False
CENTURYPLY,Century Plyboards (India),nonfinancial,Constr. - Supplies & Fixtures,MANUFACTURING,full,789.45,416.0630629330061,-0.47297097608080807,AVOID,medium,30.115167650238625,True,0.10281276222369524,66.78535758208177,6.866387089111036,35.2,0.11343340300209,,,False
DMART,Avenue Supermarts Ltd.,nonfinancial,Consumer Services,CONSUMER,full,3950.9,2079.8931658655433,-0.47356471541533746,AVOID,high,40.662037892366584,True,0.12139695651249753,86.59131440539285,10.511922029231476,45.6,0.14277759497835935,,,False
AFCONS,Afcons Infrastructure Ltd.,nonfinancial,Construction,CONSTRUCTION,full,301.2,158.5446232386006,-0.4736234288227072,AVOID,high,38.096817195250836,True,0.046009027854233185,44.03761665470207,2.026127931300231,23.2,0.653386454183267,,,False
BALKRISIND,Balkrishna Industries Ltd.,nonfinancial,Automobile and Auto Components,AUTO,full,2071.3,1089.5560537015895,-0.4739747725092505,AVOID,high,46.39904833740453,True,0.1134702960852702,32.2083734212855,3.6546936685382123,16.9,0.09255057210447536,,,False
BLUESTARCO,Blue Star Ltd.,nonfinancial,Consumer Durables,CONSUMER_DISC,full,1714.0,899.652411245557,-0.47511527931997843,AVOID,high,41.37448539612341,True,0.15367735129290877,66.82692052414995,10.269784141213087,35.1,0.043757292882147025,,,False
M&MFIN,Mahindra & Mahindra Financial Services Ltd.,financial,Financial Services,NBFC,full,322.8,169.08439180504445,-0.47619457309465785,AVOID,high,37.07100990129773,True,0.10740450713700099,15.460182935993373,1.6604933284882413,8.1,0.07806691449814122,,,False
GOPAL,Gopal Snacks,nonfinancial,Food Processing,CONSUMER,full,261.85,136.72369974736486,-0.4778548797121831,AVOID,medium,37.33481232433045,True,0.1538220551378446,44.299402579769186,6.814225146198831,23.1,0.9094901661256443,,,False
KEI,KEI Industries Ltd.,nonfinancial,Capital Goods,CAPITAL_GOODS,full,4922.5,2543.946807842112,-0.48320024218545216,AVOID,high,46.63371403633796,True,0.13779998349575015,51.23863549753384,7.060683125904921,26.5,0.06429659725749111,,,False
IOB,Indian Overseas Bank,financial,Financial Services,BANK,full,33.66,17.30982299547304,-0.4857450090471467,AVOID,high,40.53774608365634,True,0.14648207237122227,11.978640612571443,1.7546561011195525,6.2,,,,False
GRASIM,Grasim Industries Ltd.,nonfinancial,Construction Materials,CEMENT,full,3109.7,1597.444089456869,-0.48630283002962693,AVOID,medium,38.14357651244005,True,0.09954864176951138,42.52319546342869,4.233126352083774,21.8,0.16281313309965598,,,True
IPCALAB,Ipca Laboratories Ltd.,nonfinancial,Healthcare,PHARMA,full,1856.7,948.2869010035487,-0.48926218505760294,AVOID,high,48.42874127673535,True,0.14774281636100056,41.283550030636995,6.09934795090658,21.1,-0.07362524909786182,,,False
SFL,Sheela Foam,nonfinancial,Furniture & Fixtures,MANUFACTURING,full,761.1,386.9492013571794,-0.49159216744556644,AVOID,medium,33.371414026982045,True,0.04288490633341124,52.1734977771404,2.2374555652591055,26.5,-0.08027854421232429,,,False
GALLANTT,Gallantt Ispat Ltd.,nonfinancial,Capital Goods,CAPITAL_GOODS,full,651.7,331.15718550968904,-0.49185639786759394,AVOID,high,44.92279104902901,True,0.1460302813737286,32.47263097032647,4.741987437542028,16.5,,,,False
ICICIGI,ICICI Lombard General Insurance Company Ltd.,financial,Financial Services,INSURANCE,full,1605.6,814.3015652126921,-0.49283659366424254,AVOID,medium,47.3090172016801,True,0.17246745166358166,29.065927833935795,5.012926503756475,14.7,0.3160189337319383,,,True
POLYMED,Poly Medicure Ltd.,nonfinancial,Healthcare,PHARMA,full,1680.9,846.9221309437521,-0.4961496038171503,AVOID,high,45.28852450786764,True,0.1032557780160133,52.93265363389767,5.465602333420257,26.7,-0.019572847879112433,,,False
HOMEFIRST,Home First Finance Company India Ltd.,financial,Financial Services,NBFC,full,1220.8,614.0390085197537,-0.4970191607800183,AVOID,high,41.10995932844645,True,0.12403880143416565,23.65331063325808,2.9339283008993373,11.9,0.15170380078636964,,,False
KEC,Kec International Ltd.,nonfinancial,Construction,CONSTRUCTION,full,495.1,247.46023320777985,-0.5001813104266212,AVOID,high,30.470073232936862,True,0.0983150126061539,21.763176406479634,2.139646962752996,10.9,0.2684306200767521,,,False
BAJAJFINSV,Bajaj Finserv Ltd.,financial,Financial Services,NBFC,full,1854.0,923.7159418492917,-0.5017713366508675,AVOID,medium,54.3765217372986,True,0.2524493185032368,30.408492958885013,7.676603324180997,15.2,0.16235167206040993,,,True
SENORES,Senores Pharmaceuticals,nonfinancial,Biotechnology & Drugs,IT_SERVICES,full,1407.0,700.2684966591893,-0.5022967330069728,AVOID,medium,39.84932897145239,True,0.13017352185089975,53.371760059244636,6.947589974293059,26.6,-0.31201137171286425,,,False
DALBHARAT,Dalmia Bharat Ltd.,nonfinancial,Construction Materials,CEMENT,full,1810.0,900.0877428460545,-0.5027139542286991,AVOID,high,35.63533959841092,True,0.06440847655598197,29.775906735751295,1.9178207909227434,14.8,0.21160220994475137,,,False
GUFICBIO,Gufic BioSciences,nonfinancial,Biotechnology & Drugs,IT_SERVICES,full,379.2,188.0136984317324,-0.5041832847264441,AVOID,medium,35.15867770150191,True,0.09656365140236106,59.23339043762653,5.719792465598916,29.4,,,,False
GREENLAM,Greenlam Industries,nonfinancial,Constr. - Supplies & Fixtures,MANUFACTURING,full,247.8,122.43556010299123,-0.505909765524652,AVOID,medium,28.336556575331016,True,0.04750436714549803,112.13370224919672,5.326840561029798,55.4,0.053268765133171865,,,False
PRINCEPIPE,Prince Pipes and Fittings,nonfinancial,Fabricated Plastic & Rubber,MANUFACTURING,full,267.1,131.76744172020287,-0.5066737487075894,AVOID,medium,34.1349532595414,True,0.04449957738171249,40.33144301721782,1.7947321694608123,19.9,0.17558966679146376,,,False
KIMS,Krishna Institute of Medical Sciences Ltd.,nonfinancial,Healthcare,PHARMA,full,798.2,392.4321488867017,-0.5083536095130272,AVOID,high,42.614335584155015,True,0.10767998576132419,132.36266942148762,14.252810358636648,65.1,0.0035078927587070337,,,False
TATATECH,Tata Technologies Ltd.,nonfinancial,Information Technology,IT_SERVICES,full,758.05,371.8472197175332,-0.509468742540026,AVOID,high,46.380122984851276,True,0.13931645498640202,56.2792385517481,7.840624004363596,27.6,-0.20717630763142267,,,False
AFFLE,Affle 3i Ltd.,nonfinancial,Information Technology,IT_SERVICES,full,1516.7,739.0216029876204,-0.5127437179484272,AVOID,high,51.64512369505206,True,0.12454103132076196,46.84980762888865,5.834723359281093,22.8,0.3212896419858904,,,False
ANURAS,Anupam Rasayan India Ltd.,nonfinancial,Chemicals,CHEMICALS,full,1267.2,615.0207211318818,-0.5146616783997144,AVOID,high,45.452894278245395,True,0.06665166854143231,83.94772277227725,5.595255793025872,40.7,-0.2219065656565657,,,False
SUNDARMFIN,Sundaram Finance Ltd.,financial,Financial Services,NBFC,full,4440.0,2154.411440659553,-0.5147721980496502,AVOID,high,38.88461762961085,True,0.1346479875651704,23.756457564575644,3.19875920274748,11.5,0.12837837837837837,,,False
METROPOLIS,Metropolis Healthcare,nonfinancial,Healthcare Facilities,PHARMA,full,545.3,263.4673352453924,-0.5168396566194894,AVOID,medium,40.43874302859536,True,0.1263448676940971,59.32754472225127,7.495730788548467,28.7,0.1094810196222264,,,False
MANINDS,Man Industries (India),nonfinancial,Oil Well Services & Equipment,ENERGY,full,533.6,256.97660080990687,-0.5184096686471011,AVOID,medium,32.50083165251393,True,0.08170464021777679,22.56719849835758,1.8438448340314588,10.9,-0.15667166416791609,,,False
CONCORDBIO,Concord Biotech Ltd.,nonfinancial,Healthcare,PHARMA,full,1339.0,640.793872837132,-0.5214384818243973,AVOID,high,51.689586792651454,True,0.12839651705316546,53.66743818230915,6.89071214177456,25.7,,,,False
ACI,Archean Chemical Industries,nonfinancial,Chemical Manufacturing,CHEMICALS,full,548.85,262.5510603025697,-0.5216342164479008,AVOID,medium,39.21778885783403,True,0.05449263075181323,63.4710321601366,3.458703518938787,30.4,0.10412681060399012,,,False
ASHIANA,Ashiana Housing,nonfinancial,Construction Services,CONSTRUCTION,full,373.0,177.37079747573247,-0.524475073791602,AVOID,medium,34.36942200021806,True,0.1371775629166812,31.0991518235793,4.266105855934471,14.8,,,,False
TVSSRICHAK,TVS Srichakra,nonfinancial,Tires,AUTO,full,4110.0,1948.146390851618,-0.5259984450482681,AVOID,medium,30.068184919946365,True,0.059705254667361235,43.9572192513369,2.6244769698701034,20.8,-0.48905109489051096,,,False
SBICARD,SBI Cards and Payment Services Ltd.,financial,Financial Services,NBFC,full,652.8,309.3649060753068,-0.5260954257424835,AVOID,high,38.96323016516674,True,0.13778321833963944,28.670402591948157,3.9503003402117574,13.6,0.13970588235294126,,,False
CHAMBLFERT,Chambal Fertilizers & Chemicals Ltd.,nonfinancial,Chemicals,CHEMICALS,full,453.0,214.5442263898609,-0.5263924362254726,AVOID,high,47.9467162886719,True,0.05143361609027751,33.865130597014925,1.7418061259739759,16.0,0.2229580573951435,,,False
VINATIORGA,Vinati Organics,nonfinancial,Chemical Manufacturing,CHEMICALS,full,1319.5,623.8547663348858,-0.5272036632551074,AVOID,medium,45.54828618672771,True,0.14034943447787254,30.83610898273764,4.327830457225272,14.6,0.3103448275862069,,,False
AMBUJACEM,Ambuja Cements Ltd.,nonfinancial,Construction Materials,CEMENT,full,433.6,204.68804651036615,-0.5279334720701888,AVOID,high,46.13795737787343,True,0.09498457554612406,22.76117706330228,2.161960742287942,10.7,0.2130996309963099,,,False
IFBIND,IFB Industries,nonfinancial,Appliance & Tool,CONSUMER_DISC,full,1327.7,626.6952392522097,-0.5279843042462833,AVOID,medium,36.01740123312672,True,0.14430171079347848,37.456011423794926,5.4049665279536825,17.7,0.03562551781275887,,,False
IRB,IRB Infrastructure Developers Ltd.,nonfinancial,Construction,CONSTRUCTION,full,19.96,9.394102111504845,-0.5293536016280138,AVOID,high,41.67521692923054,True,0.040592339983521714,28.514285714285712,1.1574615801015622,13.4,0.7034068136272544,,,False
ADANIENSOL,Adani Energy Solutions Ltd.,nonfinancial,Power,UTILITIES,full,1689.5,793.9743565637775,-0.530053651042452,AVOID,high,39.26198599529766,True,0.09214929953900378,88.91915514717492,8.19383786241217,41.8,-0.10624445102101214,,implied_pe_gt_2x_sector_exit,False
HDBFS,HDB Financial Services Ltd.,financial,Financial Services,NBFC,full,736.1,345.6743899693103,-0.5303975139664308,AVOID,high,40.391872915543274,True,0.12310413495902303,23.838038705416636,2.9345611339500244,11.2,0.11941312321695419,,,False
NEPHROPLUS,Nephrocare Health Services,nonfinancial,Healthcare Facilities,PHARMA,full,635.0,296.53855535890375,-0.5330101490410964,AVOID,medium,37.87843949574092,True,0.06882282868632948,78.42464862051015,5.397406156794956,36.6,,,,False
IMFA,Indian Metals & Ferro Alloys Ltd,nonfinancial,Iron & Steel,METAL,full,1351.8,628.3823962769873,-0.5351513565046698,AVOID,medium,41.530458882802726,True,0.15628955812652714,17.18713505368243,2.6861697430009714,8.0,0.3759431868619619,,,False
PRESTIGE,Prestige Estates Projects Ltd.,nonfinancial,Realty,REALTY,full,1682.5,781.7831341489858,-0.5353443482026831,AVOID,high,39.96199181896929,True,0.08021926024248906,60.602995250497926,4.861527447474022,28.2,0.09420505200594353,,,False
FEDFINA,Fedbank Financial (Fedfina),financial,Diversified NBFC,NBFC,full,158.6,73.47819856645908,-0.5367074491396022,AVOID,high,43.95598223861305,True,0.1174259252930522,17.39245634458673,2.0423252793821125,8.1,0.09709962168978567,,,False
MOIL,Moil,nonfinancial,Metal Mining,METAL,full,269.75,124.8162198838497,-0.5372892682711782,AVOID,medium,42.26903327198205,True,0.09872843037741073,20.532787498130702,2.027169880963366,9.5,0.3753475440222428,,,False
SUPREMEIND,Supreme Industries Ltd.,nonfinancial,Capital Goods,CAPITAL_GOODS,full,3433.7,1582.1491905401972,-0.5392290559628979,AVOID,high,47.35299630102785,True,0.15463919196896778,45.711639657015866,7.068811020137557,21.1,0.18152430322975222,,,False
BELRISE,Belrise Industries Ltd.,nonfinancial,Automobile and Auto Components,AUTO,full,226.22,102.54450452319664,-0.5467045154133293,AVOID,high,40.49701799202141,True,0.09506935129891377,46.74102403091414,4.443638833665947,21.2,-0.1335867739368756,,,False
SETL,Standard Engineering Technology Ltd,nonfinancial,Misc. Capital Goods,CAPITAL_GOODS,full,281.65,125.36594809517564,-0.5548874557245672,AVOID,medium,38.83115138813444,True,0.10527650295392886,70.2429130539499,7.394928243616724,31.3,,,,False
HONAUT,Honeywell Automation India Ltd.,nonfinancial,Capital Goods,CAPITAL_GOODS,full,38800.0,17233.929752534234,-0.5558265527697362,AVOID,high,45.30845487376999,True,0.11764178636251597,65.03619047619047,7.650973625831895,28.9,0.06623711340206186,,,False
RAMCOCEM,The Ramco Cements Ltd.,nonfinancial,Construction Materials,CEMENT,full,919.1,406.6417309382141,-0.5575653019930213,AVOID,high,34.67401579233189,True,0.08550060480557879,31.09267485549133,2.658442505167721,13.8,0.04123599173104121,,,False
JTEKTINDIA,JTEKT India,nonfinancial,Auto & Truck Parts,AUTO,full,137.77,60.08996468113198,-0.5638385375543878,AVOID,medium,30.95922903577675,True,0.06484175373795127,48.50349720379764,3.1450518211180545,21.2,0.2847499455614429,,,False
TTKPRESTIG,TTK Prestige,nonfinancial,Misc. Fabricated Products,MANUFACTURING,full,670.3,290.0858357414434,-0.5672298437394548,AVOID,medium,33.92270671991173,True,0.07913065877397228,57.20247016020936,4.526469147275858,24.8,-0.08100850365507975,,,False
SHREECEM,Shree Cement Ltd.,nonfinancial,Construction Materials,CEMENT,full,26710.0,11539.951612141565,-0.5679538894742956,AVOID,high,45.14053815560248,True,0.07515451790542443,55.293882172635044,4.155585057803729,23.9,0.04971920628977911,,,False
ANANTRAJ,Anant Raj Ltd.,nonfinancial,Realty,REALTY,full,590.7,254.57810121199978,-0.5690230214796009,AVOID,high,46.46173156070221,True,0.09564479823656738,37.36284723476503,3.5735619853127907,16.1,0.18503470458777713,,,False
NAUKRI,Info Edge (India) Ltd.,nonfinancial,Consumer Services,CONSUMER,full,1187.6,510.0562320584265,-0.5705151296240935,AVOID,high,49.8703307167713,True,0.0464968204946413,43.6750402759184,2.030750507805607,18.8,0.09127652408218263,,,False
HARSHA,Harsha Engineers International,nonfinancial,Misc. Fabricated Products,MANUFACTURING,full,416.95,178.78967102819814,-0.5711963759966467,AVOID,medium,34.193542130617786,True,0.11072348379456226,24.447454896907217,2.706907376095998,10.5,0.04568893152656197,,,False
MAXHEALTH,Max Healthcare Institute Ltd.,nonfinancial,Healthcare,PHARMA,full,1089.9,467.287037735812,-0.5712569614314965,AVOID,high,43.81370249192539,True,0.13421975074976994,73.49066770197102,9.863899101392718,31.5,0.07899807321772631,,,False
ASTRAL,Astral Ltd.,nonfinancial,Capital Goods,CAPITAL_GOODS,full,1375.2,589.4225387653967,-0.5713914057843247,AVOID,high,47.669152795807655,True,0.131767663076961,68.87573592668787,9.075594765765546,29.5,0.24127399650959858,,,False
UCOBANK,UCO Bank,financial,Financial Services,BANK,full,26.03,11.147930941196282,-0.5717275858165086,AVOID,high,37.45434862806799,True,0.08324586260970934,11.778324373342581,0.9804967725558675,5.0,,,implied_pe_lt_third_sector_exit,False
RATNAMANI,Ratnamani Metals & Tubes Ltd,nonfinancial,Constr. - Supplies & Fixtures,MANUFACTURING,full,2582.8,1104.5120472078709,-0.572358662223993,AVOID,medium,39.91820057822484,True,0.13002143223788082,37.54814302018822,4.882063333357661,16.1,0.062412885240823834,,,False
COCHINSHIP,Cochin Shipyard Ltd.,nonfinancial,Capital Goods,CAPITAL_GOODS,full,1403.1,599.7301749654878,-0.572567760697393,AVOID,high,46.07370176911937,True,0.12204483070992174,51.50481485615425,6.285896409865208,22.0,0.11538735656760038,,,False
BOROLTD,Borosil,nonfinancial,Constr. - Supplies & Fixtures,MANUFACTURING,full,238.21,101.59671877485161,-0.5734993544567751,AVOID,medium,34.07855457590253,True,0.08417895638840031,38.15954460219663,3.2122306408695263,16.3,0.0788799798497124,,,False
SRF,SRF Ltd.,nonfinancial,Chemicals,CHEMICALS,full,2874.7,1221.12431996976,-0.5752167808920026,AVOID,high,45.98575426265658,True,0.13068513597042178,46.42929194956353,6.067618331439118,19.7,0.036282046822277175,,,False
TIMKEN,Timken India Ltd.,nonfinancial,Capital Goods,CAPITAL_GOODS,full,3146.3,1326.7689180568002,-0.5783081975473413,AVOID,high,51.574528389075276,True,0.14234984114349236,57.02758803538287,8.117868097633279,24.0,0.22842704128659053,,,False
TVSSCS,TVS Supply Chain Solutions,nonfinancial,Business Services,MANUFACTURING,full,135.54,56.627303873746484,-0.5822096512192232,AVOID,medium,25.07663363423232,True,0.05754610277846078,52.33034694923945,3.011407523973445,21.9,0.15095174856131038,,,False
STAR,Blue Star,nonfinancial,Misc. Capital Goods,CAPITAL_GOODS,full,1686.9,694.7652969215613,-0.5881407926246006,AVOID,medium,35.942285726314104,True,0.15367735129290877,65.70634327650616,10.097576797876092,27.1,0.06348924061888665,,,False
FOSECOIND,Foseco India,nonfinancial,Chemical Manufacturing,CHEMICALS,full,5053.0,2075.0025559638466,-0.5893523538563533,AVOID,medium,38.58360590909727,True,0.07225090470446321,52.64244690797382,3.803464414957781,21.6,,,,False
UNIMECH,Unimech Aerospace and Manufacturing,nonfinancial,Aerospace & Defense,DEFENCE,full,1273.0,522.2806575473708,-0.5897245423822697,AVOID,medium,38.852878432461196,True,0.08637220466781485,102.3356884911289,8.83895903117753,42.0,,,,False
FORTIS,Fortis Healthcare Ltd.,nonfinancial,Healthcare,PHARMA,full,951.0,384.8307521665098,-0.5953409546093482,AVOID,high,42.52390740272469,True,0.10754227910525439,68.91731739632961,7.411525382621482,27.9,0.16298633017875921,,,False
HUBTOWN,Hubtown,nonfinancial,Construction Services,CONSTRUCTION,full,201.21,80.76505763165886,-0.5986031627073264,AVOID,medium,36.07794260594569,True,0.06396565765738338,18.950227867682056,1.2121637883135565,7.6,,,,False
VARROC,Varroc Engineering,nonfinancial,Auto & Truck Manufacturers,AUTO,full,648.2,253.55925098426542,-0.6088255924340243,AVOID,medium,31.487715370196174,True,0.12909331925362572,43.99738937475525,5.67976903288136,17.2,-0.035791422400493746,,priced_for_collapse_avoid,False
MHRIL,Mahindra Holidays & Resorts India Ltd,nonfinancial,Recreational Activities,MANUFACTURING,full,225.16,87.49746193115439,-0.6113987300979109,AVOID,medium,27.31371302505293,True,0.08613153699799456,65.46442985074627,5.638551961742172,25.4,0.5544501687688755,,priced_for_collapse_avoid,False
KRT,Knowledge Realty Trust,nonfinancial,Rental & Leasing,MANUFACTURING,full,115.44,44.533535722419415,-0.6142278610324028,AVOID,medium,32.99959582969774,True,0.10517459777286221,230.88,24.282711133798426,89.1,,,priced_for_collapse_avoid|implied_pe_gt_2x_sector_exit,False
ASAHIINDIA,Asahi India Glass Ltd.,nonfinancial,Automobile and Auto Components,AUTO,full,882.95,339.9558866116286,-0.6149771939389224,AVOID,high,39.862331034554366,True,0.08775485810345134,63.89399379818003,5.607008359422088,24.6,0.18919531117277302,,priced_for_collapse_avoid,False
VTL,Vardhman Textiles Ltd.,nonfinancial,Textiles,TEXTILES,full,632.55,242.9807933561019,-0.6158710088434085,AVOID,high,39.281437932859575,True,0.07163958781556326,24.16152881040892,1.7309219649715515,9.3,-0.1273417121176191,,priced_for_collapse_avoid,False
DLF,DLF Ltd.,nonfinancial,Realty,REALTY,full,648.1,247.61252372380153,-0.6179408675762976,AVOID,high,48.975850936141306,True,0.05765682200373537,36.349564238991555,2.095800355240881,13.9,0.2698657614565653,,priced_for_collapse_avoid,False
SBFC,SBFC Finance Ltd.,financial,Financial Services,NBFC,full,94.02,35.59702572292426,-0.6213887925662172,AVOID,high,40.07792784025609,True,0.12102331449740278,22.932012510258858,2.7753081620874327,8.7,0.4039566049776644,,priced_for_collapse_avoid,False
AUBANK,AU Small Finance Bank Ltd.,financial,Financial Services,BANK,full,1023.8,385.61095002817854,-0.6233532427933399,AVOID,high,39.48746475007467,True,0.1322375825593085,29.242014955040222,3.866893366817666,11.0,0.05587028716546205,,priced_for_collapse_avoid,False
AMBER,Amber Enterprises India Ltd.,nonfinancial,Consumer Durables,CONSUMER_DISC,full,7862.5,2910.9911406318415,-0.6297626530197976,AVOID,high,34.25398585792583,True,0.05207542336440903,155.39902494729444,8.09247001454672,57.5,0.07116057233704293,,priced_for_collapse_avoid,False
JMFINANCIL,JM Financial Ltd.,financial,Financial Services,NBFC,full,123.94,45.11750563089087,-0.6359730060441273,AVOID,high,37.213401745425934,True,0.1104281238534994,9.876192305077833,1.0906093870661127,3.6,0.29094723253187027,,priced_for_collapse_avoid|implied_pe_lt_third_sector_exit,False
MIDWESTLTD,Midwest,nonfinancial,Construction - Raw Materials,CEMENT,full,1280.0,464.92141209706915,-0.6367801467991647,AVOID,medium,38.51692417558124,True,0.11064351548780615,43.516153268219384,4.8147801781019774,15.8,,,priced_for_collapse_avoid,False
BLISSGVS,Bliss GVS Pharma,nonfinancial,Biotechnology & Drugs,IT_SERVICES,full,480.4,173.65646628822725,-0.6385169311235902,AVOID,medium,37.768264187615344,True,0.11294324754799227,40.04224745787872,4.522501467013161,14.5,,,priced_for_collapse_avoid,False
RESPONIND,Responsive Industries,nonfinancial,Constr. - Supplies & Fixtures,MANUFACTURING,full,216.7,77.78683514204391,-0.6410390625655564,AVOID,medium,36.72677119990673,True,0.0952127420730886,38.90759954187158,3.704499239863239,14.0,,,priced_for_collapse_avoid,False
PAISALO,Paisalo Digital,financial,Consumer Financial Services,NBFC,full,74.8,26.79892665962332,-0.6417255794168005,AVOID,medium,33.21964495202085,True,0.13229930060569556,28.55019602883521,3.7771709667704045,10.2,0.0026737967914438883,,priced_for_collapse_avoid,False
STARHEALTH,Star Health and Allied Insurance Company Ltd.,financial,Financial Services,INSURANCE,full,582.95,208.19185034969868,-0.6428649963981496,AVOID,medium,37.709851568074974,True,0.014590097135871923,309.0160180180181,4.508573719423231,110.4,,,priced_for_collapse_avoid|implied_pe_gt_2x_sector_exit,True
SGMART,SG Mart,nonfinancial,Electric Utilities,UTILITIES,full,635.0,226.40337709671803,-0.6434592486665858,AVOID,medium,29.8947777033846,True,0.06956336554903447,71.18449486763912,4.951833037900947,25.4,,,priced_for_collapse_avoid,False
HAPPYFORGE,Happy Forgings,nonfinancial,Auto & Truck Parts,AUTO,full,1578.8,562.1424400340975,-0.6439432226791884,AVOID,medium,41.340905713181776,True,0.1417347624440236,49.463448595961935,7.0106901364108385,17.6,-0.26716493539397007,,priced_for_collapse_avoid,False
WELSPUNLIV,Welspun Living Ltd.,nonfinancial,Textiles,TEXTILES,full,160.8,56.93660684288298,-0.6459166241114243,AVOID,high,37.52337580429408,True,0.04329505266219121,75.13919864718869,3.2531555624248814,26.6,0.03233830845771137,,priced_for_collapse_avoid,False
CARBORUNIV,Carborundum Universal Ltd.,nonfinancial,Capital Goods,CAPITAL_GOODS,full,1051.2,370.47874938023114,-0.6475658776824285,AVOID,high,40.9726049118021,True,0.04302762691611408,102.05034564958284,4.3909841992707355,36.0,-0.08485540334855407,,priced_for_collapse_avoid,False
PGEL,PG Electroplast Ltd.,nonfinancial,Consumer Durables,CONSUMER_DISC,full,615.8,215.97695522796772,-0.6492741876778698,AVOID,high,34.87738451955493,True,0.06350476777789076,90.30248966942149,5.73463863622199,31.7,-0.025657681065280862,,priced_for_collapse_avoid,False
THERMAX,Thermax Ltd.,nonfinancial,Capital Goods,CAPITAL_GOODS,full,4649.0,1598.036294536655,-0.6562623586714014,AVOID,high,36.67826611277551,True,0.12977727807537698,72.67894926831977,9.432076209420952,25.0,-0.06797160679716067,,priced_for_collapse_avoid,False
EMBASSY,Embassy Office Parks REIT,nonfinancial,Real Estate Operations,REALTY,full,451.4,153.40003406924947,-0.6601682896117645,AVOID,medium,31.806102502925288,True,0.04479075734666398,45.96640594782758,2.0588701349073975,15.6,0.06778910057598588,,priced_for_collapse_avoid,False
TRIDENT,Trident Ltd.,nonfinancial,Textiles,TEXTILES,full,25.03,8.491645805501818,-0.660741278246032,AVOID,high,35.87465650781666,True,0.07903517191947051,33.82444989525602,2.6733212125530765,11.5,0.15860966839792245,,priced_for_collapse_avoid,False
CGCL,Capri Global Capital Ltd.,financial,Financial Services,NBFC,full,254.58,86.32227492864024,-0.6609227946867773,AVOID,high,40.33307818142128,True,0.13176270358215753,25.15625370067956,3.314655999600194,8.5,-0.09655118233953967,,priced_for_collapse_avoid,False
JSFB,Jana Small Finance Bank,financial,Regional Banks,BANK,full,489.9,166.0634561440882,-0.6610258090547291,AVOID,medium,30.12413678332091,True,0.07302341500734864,15.848249241797628,1.157293281523687,5.4,,,priced_for_collapse_avoid|implied_pe_lt_third_sector_exit,False
BALAMINES,Balaji Amines,nonfinancial,Chemical Manufacturing,CHEMICALS,full,2299.0,770.4992518421383,-0.6648546098990264,AVOID,medium,37.673810918250766,True,0.08558736326563654,44.57744147552612,3.8152656770185076,14.9,-0.14658547194432361,,priced_for_collapse_avoid,False
SAIL,Steel Authority of India Ltd.,nonfinancial,Metals & Mining,METAL,full,160.72,53.71739493475438,-0.6657703152392087,AVOID,high,35.19794104197896,True,0.05588187928003038,19.672093690702088,1.0993135648092613,6.6,0.08885017421602788,,priced_for_collapse_avoid,False
EXIDEIND,Exide Industries Ltd.,nonfinancial,Automobile and Auto Components,AUTO,full,432.95,144.56403159803457,-0.6660953190945039,AVOID,high,37.61363180244721,True,0.06184316982923224,43.07749790678202,2.664049018867517,14.4,-0.13615890980482734,,priced_for_collapse_avoid,False
RELAXO,Relaxo Footwears,nonfinancial,Footwear,CONSUMER_DISC,full,439.95,143.96784586681483,-0.6727631642986367,AVOID,medium,32.96919979439628,True,0.08125147301437662,61.10757516595079,4.965080494570241,20.0,-0.12262757131492212,,priced_for_collapse_avoid,False
ARVIND,Arvind,nonfinancial,Textiles - Non Apparel,TEXTILES,full,532.65,173.6085185297539,-0.6740664253642094,AVOID,medium,29.63620991156327,True,0.1055761475103791,33.732711900133495,3.561369767493614,11.0,0.10579179573828973,,priced_for_collapse_avoid,False
JUBLINGREA,Jubilant Ingrevia Ltd.,nonfinancial,Chemicals,CHEMICALS,full,740.4,237.17747179723276,-0.6796630580804527,AVOID,high,37.07873486894611,True,0.0888964948084268,42.280407326112766,3.758580010363954,13.5,0.2682333873581848,,priced_for_collapse_avoid,False
GARFIBRES,Garware Technical Fibres,nonfinancial,Textiles - Non Apparel,TEXTILES,full,765.55,245.1691868599913,-0.6797476495852768,AVOID,medium,41.986214703471184,True,0.15676082751288373,35.76797287113791,5.607017025737954,11.5,,,priced_for_collapse_avoid,False
DATAPATTNS,Data Patterns (India) Ltd.,nonfinancial,Capital Goods,CAPITAL_GOODS,full,4079.6,1305.9316631198008,-0.679887326424208,AVOID,high,52.60516290097481,True,0.1563218258380041,84.18675608947194,13.160227423284963,26.9,,,priced_for_collapse_avoid,False
IOLCP,IOL Chemicals & Pharmaceuticals Ltd,nonfinancial,Chemical Manufacturing,CHEMICALS,full,150.88,48.27708842262836,-0.6800299017588257,AVOID,medium,33.152026062123845,True,0.07652831447554974,32.17326358616681,2.4621656334269275,10.3,-0.005832449628844084,,priced_for_collapse_avoid,False
WELENT,Welspun Enterprises,nonfinancial,Construction Services,CONSTRUCTION,full,626.3,200.31821234439263,-0.6801561354871585,AVOID,medium,34.496001724193015,True,0.13343144630121775,57.729755280909934,7.702964741747176,18.5,-0.1872904358933418,,priced_for_collapse_avoid,False
BAJAJHFL,Bajaj Housing Finance Ltd.,financial,Financial Services,NBFC,full,86.17,26.202181239241813,-0.6959245533336218,AVOID,high,37.98361556521618,True,0.11367774596308894,28.068505862502633,3.1907644790010474,8.5,,,priced_for_collapse_avoid,False
SHADOWFAX,Shadowfax Technologies Ltd,nonfinancial,Air Courier,LOGISTICS,full,218.38,65.83694710877607,-0.6985211690229138,AVOID,medium,29.278367446741044,True,0.06402306228651337,100.16821412586161,6.413075812108847,30.2,,,priced_for_collapse_avoid,False
SONACOMS,Sona BLW Precision Forgings Ltd.,nonfinancial,Automobile and Auto Components,AUTO,full,704.85,210.95562749455925,-0.7007084805354908,AVOID,high,46.46564995486495,True,0.10516436790062378,68.43606303342393,7.197035310517273,20.5,,,priced_for_collapse_avoid,False
UBL,United Breweries Ltd.,nonfinancial,Fast Moving Consumer Goods,CONSUMER,full,1339.2,399.18718814190277,-0.7019211558080176,AVOID,high,30.49435682189513,True,0.09141549280201675,85.68625269116332,7.833051016120828,25.5,0.13351254480286734,,priced_for_collapse_avoid,False
ZENTEC,Zen Technologies Ltd.,nonfinancial,Capital Goods,CAPITAL_GOODS,full,1768.0,526.3695188228863,-0.7022796839237069,AVOID,high,48.61644474717189,True,0.11536425523805491,82.18161795071812,9.480821149142962,24.5,0.005090497737556561,,priced_for_collapse_avoid,False
JINDALSTEL,Jindal Steel Ltd.,nonfinancial,Metals & Mining,METAL,full,1028.0,303.8996798553316,-0.7043777433313895,AVOID,high,35.79356065103674,True,0.06632755003987315,31.037926540284364,2.058669625734618,9.2,0.2441634241245136,,priced_for_collapse_avoid,False
ALKYLAMINE,Alkyl Amines Chemicals,nonfinancial,Chemical Manufacturing,CHEMICALS,full,1828.7,538.2347783951691,-0.7056735503936299,AVOID,medium,37.98511882381929,True,0.11738849723158795,52.016355555555556,6.106121810130627,15.3,0.041176792256794416,,priced_for_collapse_avoid,False
GANESHHOU,Ganesh Housing,nonfinancial,Construction Services,CONSTRUCTION,full,820.5,240.1383240624071,-0.7073268445308872,AVOID,medium,40.09127167864479,True,0.135666363527171,21.6371656232214,2.9354355771375626,6.3,,,priced_for_collapse_avoid,False
JWL,Jupiter Wagons Ltd.,nonfinancial,Capital Goods,CAPITAL_GOODS,full,253.9,74.0073685337752,-0.7085176505168366,AVOID,high,39.12248307189846,True,0.05571988302719182,63.15372378886479,3.5189181022471274,18.4,-0.03899172902717608,,priced_for_collapse_avoid,False
LTF,L&T Finance Ltd.,financial,Financial Services,NBFC,full,308.85,89.9763605170032,-0.7086729463590636,AVOID,high,37.081499978530644,True,0.10659377140768159,25.997129610073525,2.7711320909120474,7.6,0.06200420916302404,,priced_for_collapse_avoid,False
TIINDIA,Tube Investments of India Ltd.,nonfinancial,Automobile and Auto Components,AUTO,full,2885.2,833.0828946558433,-0.7112564485457358,AVOID,high,43.37084541713478,True,0.14400863842836337,87.95663773101491,12.666515640380267,25.4,0.14134202135033974,,priced_for_collapse_avoid,False
KMEW,Knowledge Marine & Engineering Works,nonfinancial,Misc. Transportation,LOGISTICS,full,2386.6,686.3443074190322,-0.7124175364874582,AVOID,medium,37.4259680617499,True,0.1387500219263625,69.09372945638434,9.586756477047484,19.9,0.0475152937232884,,priced_for_collapse_avoid,False
MOTILALOFS,Motilal Oswal Financial Services Ltd.,financial,Financial Services,NBFC,full,971.2,277.66228349008986,-0.7141039090917526,AVOID,high,40.53919487894713,True,0.14474027243694193,31.80011900741384,4.602757888660254,9.1,0.14600494233937392,,priced_for_collapse_avoid,False
HONASA,Honasa Consumer Ltd.,nonfinancial,Fast Moving Consumer Goods,CONSUMER,full,461.65,130.9886153958647,-0.7162599038322003,AVOID,high,39.76193988637004,True,0.14179268335871376,75.43119786203107,10.695591953819456,21.4,-0.28084046355464093,,priced_for_collapse_avoid,False
AXISCADES,Axiscades Technologies,nonfinancial,Business Services,MANUFACTURING,full,1549.3,437.2453995698165,-0.717778739062921,AVOID,medium,29.557746157847088,True,0.09905984550677625,91.57788261412516,9.071690903592929,25.8,,,priced_for_collapse_avoid,False
CAPILLARY,Capillary Technologies India,nonfinancial,Software & Programming,IT_SERVICES,full,488.65,137.78828905187308,-0.7180225334045368,AVOID,medium,30.2094730926873,True,0.051187603200812906,71.1662435579309,3.6428294365357745,20.1,,,priced_for_collapse_avoid,False
YESBANK,Yes Bank Ltd.,financial,Financial Services,BANK,full,23.61,6.651752938170668,-0.7182654409923479,AVOID,high,33.88478316524463,True,0.06864379198353351,21.08038835780859,1.4470377933655143,5.9,-0.19525624735281658,,priced_for_collapse_avoid,False
EMUDHRA,eMudhra,financial,Misc. Financial Services,NBFC,full,442.5,123.85939296910317,-0.7200917673014617,AVOID,medium,30.878463678859628,True,0.12078408130563147,33.976601544752384,4.103832603470416,9.5,1.232768361581921,,priced_for_collapse_avoid,False
AYE,Aye Finance Ltd,financial,Consumer Financial Services,NBFC,full,167.83,46.826766645542044,-0.7209869114845853,AVOID,medium,29.08606619361427,True,0.07645170588026264,21.192188710427107,1.6201789782485956,5.9,,,priced_for_collapse_avoid|implied_pe_lt_third_sector_exit,False
RVNL,Rail Vikas Nigam Ltd.,nonfinancial,Construction,CONSTRUCTION,full,225.6,62.80795440398709,-0.7215959467908374,AVOID,high,31.48183660565317,True,0.08864530474941558,53.71428571428572,4.761519226540037,15.0,0.10372340425531917,,priced_for_collapse_avoid,False
GOODLUCK,Goodluck India,nonfinancial,Iron & Steel,METAL,full,1535.6,424.8303108731221,-0.7233457209734814,AVOID,medium,26.497717340873315,True,0.12245801362880293,27.418424800087628,3.3576058378494387,7.6,0.07645220109403497,,priced_for_collapse_avoid,False
SAILIFE,Sai Life Sciences Ltd.,nonfinancial,Healthcare,PHARMA,full,1270.9,348.0671733436632,-0.7261254439030111,AVOID,high,46.489690669042766,True,0.14048049474773422,77.36641540798486,10.868472313372441,21.2,-0.15571642143362976,,priced_for_collapse_avoid,False
ANUP,Anupam Rasayan India,nonfinancial,Chemical Manufacturing,CHEMICALS,full,2155.7,590.3551672988216,-0.7261422427523211,AVOID,medium,33.86993503657472,True,0.06665166854143231,142.8078487848785,9.518381402324708,39.1,-0.5426079695690494,,priced_for_collapse_avoid,False
KAYNES,Kaynes Technology India Ltd.,nonfinancial,Capital Goods,CAPITAL_GOODS,full,3406.0,931.9589133250414,-0.7263773008440865,AVOID,high,36.0393023473801,True,0.07663504164604545,62.52460908516309,4.791576021144186,17.1,0.7798003523194363,,priced_for_collapse_avoid,False
ABDL,Allied Blenders and Distillers Ltd.,nonfinancial,Fast Moving Consumer Goods,CONSUMER,full,616.25,168.58755043438939,-0.7264299384431815,AVOID,high,31.559489639134625,True,0.13238946994893755,75.53345902235145,9.999834603378902,20.7,0.18133874239350914,,priced_for_collapse_avoid,False
TATACAP,Tata Capital Ltd.,financial,Financial Services,NBFC,full,354.2,96.88398954465801,-0.7264709499021513,AVOID,high,32.269922245005354,True,0.10664524855167157,30.118779122903508,3.2120246856349413,8.2,0.02202145680406553,,priced_for_collapse_avoid,False
KPRMILL,K.P.R. Mill Ltd.,nonfinancial,Textiles,TEXTILES,full,1121.3,305.07532025298946,-0.7279271200811651,AVOID,high,46.73079666663559,True,0.15208157820836843,44.23085285631852,6.726697907891041,12.0,0.0032997413716222648,,priced_for_collapse_avoid,False
CGPOWER,CG Power and Industrial Solutions Ltd.,nonfinancial,Capital Goods,CAPITAL_GOODS,full,921.95,250.76864910403705,-0.7280018991224718,AVOID,high,44.65816813946662,True,0.15014528610573016,119.7341664368738,17.97752067629553,32.6,-0.10515754650469118,,priced_for_collapse_avoid,False
DIVISLAB,Divi's Laboratories Ltd.,nonfinancial,Healthcare,PHARMA,full,7209.5,1917.3244768031398,-0.7340558323319037,AVOID,high,51.368754601275924,True,0.1532128154644711,74.50939641744547,11.415794403675198,19.8,-0.023926763298425687,,priced_for_collapse_avoid,False
OLECTRA,Olectra Greentech Ltd.,nonfinancial,Automobile and Auto Components,AUTO,full,1349.1,350.87080723235607,-0.7399223132218841,AVOID,high,40.907256985798355,True,0.14624708776617412,62.371358547318,9.121629547565128,16.2,,,priced_for_collapse_avoid,False
BHARATFORG,Bharat Forge Ltd.,nonfinancial,Automobile and Auto Components,AUTO,full,2178.9,566.6236012707419,-0.7399496988063969,AVOID,high,34.432097420688166,True,0.11470650866820321,96.5055584373038,11.06981567541838,25.1,-0.14314562393868469,,priced_for_collapse_avoid,False
PSB,Punjab & Sind Bank,financial,Regional Banks,BANK,full,24.67,6.293845052371141,-0.7448785953639587,AVOID,medium,28.672443805621,True,0.09353889393245739,13.263533167414312,1.2406562221163977,3.4,,,priced_for_collapse_avoid|implied_pe_lt_third_sector_exit,False
NATIONALUM,National Aluminium Co. Ltd.,nonfinancial,Metals & Mining,METAL,full,338.25,86.21074031651553,-0.7451271535358004,AVOID,high,46.508563464840044,True,0.04841785628321206,59.3910086042065,2.875585319113481,15.1,0.17664449371766444,,priced_for_collapse_avoid,False
ROSSTECH,Rossell Techsys,nonfinancial,Electronic Instr. & Controls,MANUFACTURING,full,986.35,246.08040538267852,-0.7505141122495275,AVOID,medium,28.877152491537625,True,0.14135348056308925,169.8738921882138,24.012265917602996,42.4,,,priced_for_collapse_avoid,False
JAIBALAJI,Jai Balaji Industries,nonfinancial,Iron & Steel,METAL,full,64.4,16.012592189220868,-0.7513572641425331,AVOID,medium,28.843265433592144,True,0.05756214674250075,45.35008849557523,2.6104484487676967,11.3,,,priced_for_collapse_avoid,False
MUTHOOTMF,Muthoot Microfin,financial,Consumer Financial Services,NBFC,full,238.96,59.07872626407422,-0.7527672988614236,AVOID,medium,28.535871415191494,True,0.05965364659059458,23.54935572913608,1.4048049441020773,5.8,-0.10026782725142286,,priced_for_collapse_avoid|implied_pe_lt_third_sector_exit,False
AETHER,Aether Industries,nonfinancial,Chemical Manufacturing,CHEMICALS,full,1467.2,362.4037863618897,-0.752996328815506,AVOID,medium,35.84671595701443,True,0.08936067983500891,88.78345028706826,7.933749475750136,21.9,-0.2925299890948746,,priced_for_collapse_avoid,False
OMNI,Omnitech Engineering Ltd,nonfinancial,Construction Services,CONSTRUCTION,full,572.75,141.17499458220001,-0.7535137589136621,AVOID,medium,34.6942408712006,True,0.11687165303360206,76.85693605236656,8.982397163537927,18.9,,,priced_for_collapse_avoid,False
CREDITACC,CreditAccess Grameen Ltd.,financial,Financial Services,NBFC,full,1470.5,360.23491079152444,-0.7550255621954951,AVOID,high,33.990016874505145,True,0.09916031751091842,30.35019417725426,3.00953489113456,7.4,0.1356681400884053,,priced_for_collapse_avoid,False
SANSERA,Sansera Engineering,nonfinancial,Auto & Truck Parts,AUTO,full,3225.0,786.5793709201259,-0.7560994198697283,AVOID,medium,32.46841819186745,True,0.10587004473062835,62.159640212935194,6.580843889783214,15.2,-0.48589147286821704,,priced_for_collapse_avoid,False
SYRMA,Syrma SGS Technology Ltd.,nonfinancial,Capital Goods,CAPITAL_GOODS,full,1359.1,330.16938597610374,-0.7570676285953176,AVOID,high,39.31677447910872,True,0.12082007134397088,80.33314247708279,9.705856005366519,19.5,,,priced_for_collapse_avoid,False
RBLBANK,RBL Bank Ltd.,financial,Financial Services,BANK,full,366.8,88.6406818701417,-0.7583405619679888,AVOID,high,35.52736337880501,True,0.05256143179002453,26.033390592116493,1.3683522838705973,6.3,-0.04034896401308618,,priced_for_collapse_avoid,False
TATVA,Tatva Chintan Pharma Chem,nonfinancial,Chemical Manufacturing,CHEMICALS,full,1428.1,339.5921288296604,-0.7622070381418246,AVOID,medium,32.11299393954015,True,0.053788886614817844,79.4709631391201,4.274654625460499,18.9,-0.17232686786639587,,priced_for_collapse_avoid,False
AEROFLEX,Aeroflex Industries,nonfinancial,Constr. - Supplies & Fixtures,MANUFACTURING,full,403.1,95.38171441323017,-0.7633795226662611,AVOID,medium,38.811648669131145,True,0.12415319605607351,94.15103547631912,11.68915196637378,22.3,-0.4170181096502109,,priced_for_collapse_avoid,False
TATAPOWER,Tata Power Co. Ltd.,nonfinancial,Power,UTILITIES,full,377.25,89.07586654817426,-0.7638810694548065,AVOID,high,36.76520189300355,True,0.12966612030594513,32.21570338208052,4.177285270481496,7.6,0.11066931742876077,,priced_for_collapse_avoid,False
IRCTC,Indian Railway Catering And Tourism Corporation Ltd.,nonfinancial,Consumer Services,CONSUMER,full,503.65,116.9069381025855,-0.7678805954480581,AVOID,high,41.33905674603171,True,0.07220724416832727,130.8181818181818,9.446020396202085,30.4,0.3144048446341706,,priced_for_collapse_avoid,False
BANDHANBNK,Bandhan Bank Ltd.,financial,Financial Services,BANK,full,212.93,49.269129159344175,-0.7686134919487899,AVOID,high,35.33320500216787,True,0.04784222030193666,28.054566429108508,1.3421927475767255,6.5,-0.10768797257314613,,priced_for_collapse_avoid,False
BORORENEW,Borosil Renewables,nonfinancial,Constr. - Supplies & Fixtures,MANUFACTURING,full,608.5,139.6161032483247,-0.7705569379649553,AVOID,medium,28.494629267175508,True,0.08432451036847297,64.33669544740974,5.42516034232839,14.8,,,priced_for_collapse_avoid,False
SOBHA,Sobha Ltd.,nonfinancial,Realty,REALTY,full,1462.0,324.7189271998924,-0.7778940306430285,AVOID,high,33.75053615418009,True,0.04097730262948815,80.80647329507265,3.311231310633844,17.9,0.22571819425444598,,priced_for_collapse_avoid,False
AVALON,Avalon Technologies,nonfinancial,Electronic Instr. & Controls,MANUFACTURING,full,1721.7,381.7601048661813,-0.778265606745553,AVOID,medium,33.100750916213,True,0.1565033046514528,102.12828685258965,15.983414390821798,22.6,-0.4081431143637103,,priced_for_collapse_avoid,False
BDL,Bharat Dynamics Ltd.,nonfinancial,Capital Goods,CAPITAL_GOODS,full,1256.0,273.0647885785289,-0.7825917288387508,AVOID,high,37.62144965828094,True,0.09911411776079528,109.51229956701718,10.85421495554083,23.8,0.04936305732484077,,priced_for_collapse_avoid,False
SGFIN,SG Finserve Ltd,financial,Misc. Financial Services,NBFC,full,631.3,133.75288774022144,-0.7881310189446832,AVOID,medium,27.923640547622067,True,0.08742518250674555,28.18745104182986,2.4642930517319304,6.0,,,priced_for_collapse_avoid|implied_pe_lt_third_sector_exit,False
HEG,H.E.G. Ltd.,nonfinancial,Capital Goods,CAPITAL_GOODS,full,585.1,123.59448839111222,-0.7887634790785981,AVOID,high,32.86193691208116,True,0.0710352422907489,33.41153322681816,2.373396358072435,7.1,0.13655785335840023,,priced_for_collapse_avoid|implied_pe_lt_third_sector_exit,False
PIRAMALFIN,Piramal Finance Ltd.,financial,Financial Services,NBFC,full,2124.0,444.21580981673577,-0.7908588466022901,AVOID,high,34.91276779921672,True,0.053506632287291835,32.124981741405186,1.718899585273331,6.7,-0.3408662900188324,,priced_for_collapse_avoid,False
ADANIGREEN,Adani Green Energy Ltd.,nonfinancial,Power,UTILITIES,full,1543.7,321.9907496626452,-0.7914162404206484,AVOID,high,34.32223305604975,True,0.07863761582769847,152.84596496815288,12.019442273979463,31.9,-0.08725788689512214,,priced_for_collapse_avoid,False
POKARNA,Pokarna,nonfinancial,Construction - Raw Materials,CEMENT,full,984.0,204.52979708997898,-0.7921445151524604,AVOID,medium,32.72727729587455,True,0.09406396956719605,37.841458876069964,3.5595178360969464,7.9,,,priced_for_collapse_avoid|implied_pe_lt_third_sector_exit,False
LMW,LMW,nonfinancial,Misc. Capital Goods,CAPITAL_GOODS,full,15979.0,3311.3259667788193,-0.7927701378822943,AVOID,medium,29.766926264926568,True,0.0456058216932029,130.78505316300775,5.964559814688194,27.1,-0.29138243945178044,,priced_for_collapse_avoid,False
ASTERDM,Aster DM Healthcare Ltd.,nonfinancial,Healthcare,PHARMA,full,816.4,168.51858052299934,-0.7935833163608534,AVOID,high,34.30357532077987,True,0.09333764581958365,108.57298056661203,10.133946405702972,22.4,-0.001714845663890222,,priced_for_collapse_avoid,False
KRN,KRN Heat Exchanger and Refrigeration,nonfinancial,Misc. Capital Goods,CAPITAL_GOODS,full,1249.4,254.39152756555978,-0.796389044689003,AVOID,medium,34.19462233354198,True,0.1332253175142424,101.6250555773506,13.539030296695064,20.7,-0.15639506963342412,,priced_for_collapse_avoid,False
MANAPPURAM,Manappuram Finance,financial,Gold Loan NBFC,NBFC,full,322.55,64.35578041700674,-0.8004781261292613,AVOID,high,31.59096341615696,True,0.06187502881487084,27.54442022272792,1.7043117949702007,5.5,-0.014106340102309755,,priced_for_collapse_avoid|implied_pe_lt_third_sector_exit,False
MOSCHIP,Moschip Technologies,nonfinancial,Semiconductors,MANUFACTURING,full,239.75,47.42863548047707,-0.802174617391128,AVOID,medium,28.36616868721117,True,0.0861499302479258,136.9708096590909,11.800025698132604,27.1,,,priced_for_collapse_avoid,False
AMAGI,Amagi Media Labs Ltd,nonfinancial,Software & Programming,IT_SERVICES,full,565.0,111.47339241311002,-0.8027019603307788,AVOID,medium,29.222231648636093,True,0.040795532812313226,164.76210408818193,6.721557823555193,32.5,,,priced_for_collapse_avoid,False
ASTRAMICRO,Astra Microwave Products,nonfinancial,Aerospace & Defense,DEFENCE,full,1694.1,330.22319944197676,-0.8050745531893178,AVOID,medium,38.164276311443295,True,0.14679324798222992,83.57688759910866,12.268522786918917,16.3,-0.14881057788796406,,priced_for_collapse_avoid,False
FLUOROCHEM,Gujarat Fluorochemicals Ltd.,nonfinancial,Chemicals,CHEMICALS,full,4078.0,767.2116821454008,-0.8118656983459046,AVOID,high,37.23217163459574,True,0.0729722857869311,78.00773519163764,5.692402745995423,14.7,-0.0230505149583129,,priced_for_collapse_avoid,False
OPTIEMUS,Optiemus Infracom,nonfinancial,Retail (Technology),IT_SERVICES,full,588.95,110.08754318633929,-0.813078286465168,AVOID,medium,25.250749473400425,True,0.08499433456942729,79.67464778063929,6.771893670168933,14.9,,,priced_for_collapse_avoid,False
AZAD,Azad Engineering,nonfinancial,Misc. Capital Goods,CAPITAL_GOODS,full,2345.0,436.0455897825737,-0.8140530533976231,AVOID,medium,33.42862365169233,True,0.08735692327817385,113.94916142557652,9.954248152266334,21.2,-0.15735607675906182,,priced_for_collapse_avoid,False
GRAVITA,Gravita India Ltd.,nonfinancial,Metals & Mining,METAL,full,1809.2,334.765005903231,-0.8149651747163216,AVOID,high,38.1693149931365,True,0.15431773962628945,34.76563846377501,5.364954744394545,6.4,0.1679195224408578,,priced_for_collapse_avoid,False
SHILPAMED,Shilpa Medicare,nonfinancial,Biotechnology & Drugs,IT_SERVICES,full,620.25,113.54034691198446,-0.8169442210205813,AVOID,medium,30.67099673466996,True,0.0939062982401976,49.858587103932926,4.682035350416796,9.1,-0.02781136638452237,,priced_for_collapse_avoid,False
TFCILTD,Tourism Finance Corporation of India,financial,Consumer Financial Services,NBFC,full,85.16,15.50938252582139,-0.8178794912421161,AVOID,medium,27.408623095819987,True,0.09387593716258344,31.89533776121821,2.9942047234514955,5.8,,,priced_for_collapse_avoid|implied_pe_lt_third_sector_exit,False
CYIENTDLM,Cyient DLM,nonfinancial,Electronic Instr. & Controls,MANUFACTURING,full,574.6,103.66289522189611,-0.8195912021895299,AVOID,medium,29.25642287121398,True,0.07240319728092796,62.25878820960699,4.507735325211686,11.2,-0.12634876435781417,,priced_for_collapse_avoid,False
DYNAMATECH,Dynamatic Technologies,nonfinancial,Misc. Capital Goods,CAPITAL_GOODS,full,10409.0,1847.2040518476194,-0.8225377988425767,AVOID,medium,22.621568611317777,True,0.040843330980945655,218.3930885529158,8.919901199717716,38.8,-0.18916322413296185,,priced_for_collapse_avoid,False
CHOICEIN,Choice International Ltd.,financial,Financial Services,NBFC,full,814.65,141.54023812492528,-0.8262563823422018,AVOID,high,37.06406255814847,True,0.13021758769017236,72.5347652301755,9.445302151946443,12.6,,,priced_for_collapse_avoid,False
PFOCUS,Prime Focus,nonfinancial,Motion Pictures,MANUFACTURING,full,289.47,48.59975743316818,-0.832107792057318,AVOID,medium,24.16057857362127,True,0.14432160419050719,73.46710569968815,10.602890549812548,12.3,,,priced_for_collapse_avoid,False
LLOYDSENGG,Lloyds Engineering Works,nonfinancial,Iron & Steel,METAL,full,87.25,14.451564580813445,-0.8343660219964075,AVOID,medium,33.874610214122725,True,0.09307238830535357,58.557536492830046,5.45008977466559,9.7,,,priced_for_collapse_avoid,False
TITAGARH,Titagarh Rail Systems Ltd.,nonfinancial,Capital Goods,CAPITAL_GOODS,full,861.05,138.59069843317042,-0.8390445404643511,AVOID,high,34.916024851890434,True,0.04949587907613121,95.4911888111888,4.726420334234615,15.4,0.13814528773009704,,priced_for_collapse_avoid,False
MTARTECH,MTAR Technologies,nonfinancial,Misc. Capital Goods,CAPITAL_GOODS,full,6046.0,956.7615819054358,-0.8417529636279465,AVOID,medium,30.774652441163067,True,0.11430968039971309,198.0397745400404,22.63786333410326,31.3,0.07095600396956665,,priced_for_collapse_avoid,False
ZAGGLE,Zaggle Prepaid Ocean Services,financial,Consumer Financial Services,NBFC,full,209.61,32.72361034587603,-0.8438833531516815,AVOID,medium,26.95843383689683,True,0.09881712849217708,20.423228596137218,2.018164804409597,3.2,1.77181432183579,,priced_for_collapse_avoid|implied_pe_lt_third_sector_exit,False
VOLTAS,Voltas Ltd.,nonfinancial,Consumer Durables,CONSUMER_DISC,full,1361.3,212.46113356481524,-0.8439277649564274,AVOID,high,30.014965242323527,True,0.07850588358915406,119.82115987773938,9.406666028879224,18.7,-0.014177624329684828,,priced_for_collapse_avoid,False
PARAS,Paras Defence and Space Technologies,nonfinancial,Communications Equipment,TELECOM,full,1176.3,178.38140706599995,-0.8483538152971181,AVOID,medium,38.06240776093946,True,0.12331826202029111,107.5579476861167,13.263859175121304,16.3,-0.1694295672872566,,priced_for_collapse_avoid,False
BHEL,Bharat Heavy Electricals Ltd.,nonfinancial,Capital Goods,CAPITAL_GOODS,full,424.3,64.18042904879853,-0.8487380885015354,AVOID,high,29.54705012732098,True,0.061203368698033396,92.23843875370252,5.645303175173828,14.0,-0.20810747112891825,,priced_for_collapse_avoid,False
BEML,BEML Ltd.,nonfinancial,Capital Goods,CAPITAL_GOODS,full,1792.6,258.0995462073103,-0.8560194431511154,AVOID,high,36.00076585777725,True,0.048183079340516265,105.63354555744198,5.089749506614266,15.2,0.2557179515787125,,priced_for_collapse_avoid,False
MIDHANI,Mishra Dhatu Nigam,nonfinancial,Iron & Steel,METAL,full,408.0,54.51585218555944,-0.866382715231472,AVOID,medium,30.533669214159996,True,0.08581704721993759,58.12611242108466,4.9882113343516234,7.8,0.11519607843137254,,priced_for_collapse_avoid,False
HFCL,HFCL Ltd.,nonfinancial,Telecommunication,TELECOM,full,213.17,28.179986255097575,-0.8678051027109932,AVOID,high,32.558816892095564,True,0.06735981188979195,100.0819690990772,6.741502612073812,13.2,,,priced_for_collapse_avoid,False
GODREJPROP,Godrej Properties Ltd.,nonfinancial,Realty,REALTY,full,2105.0,277.8042842585007,-0.8680264682857479,AVOID,high,34.44129974939936,True,0.0960902172426358,34.27403757347907,3.2933997162178663,4.5,0.0855106888361045,,priced_for_collapse_avoid|implied_pe_lt_third_sector_exit,False
LENSKART,Lenskart Solutions Ltd.,nonfinancial,Consumer Services,CONSUMER,full,538.0,70.24544887738988,-0.8694322511572679,AVOID,high,31.046330453127638,True,0.05732670672689051,185.51576005589382,10.635007569940413,24.2,,,priced_for_collapse_avoid,False
AVANTEL,Avantel,nonfinancial,Communications Equipment,TELECOM,full,169.69,21.739979915184342,-0.8718841421699314,AVOID,medium,34.89818604376395,True,0.0443189545575496,314.24912608405606,13.927192738668952,40.3,,,priced_for_collapse_avoid,False
BLACKBUCK,Black Buck Ltd,nonfinancial,Software & Programming,IT_SERVICES,full,579.8,73.51187120265972,-0.8732116743658852,AVOID,medium,28.672747840636184,True,0.11276778304474422,66.1740052388674,7.4622958659783665,8.4,0.2659537771645396,,priced_for_collapse_avoid|implied_pe_lt_third_sector_exit,False
INOXGREEN,Inox Green Energy Services,nonfinancial,Construction Services,CONSTRUCTION,full,185.7,22.47655622525494,-0.8789630790239368,AVOID,medium,29.951457590705996,True,0.06113255736302875,67.52889037945573,4.128213764783758,8.2,,,priced_for_collapse_avoid,False
WHEELS,Steel Strips Wheels,nonfinancial,Iron & Steel,METAL,full,1463.2,166.34830589806617,-0.8863119833938858,AVOID,medium,26.736555097945462,True,0.10539613588133931,121.2282199558406,12.776985943118667,13.8,-0.8018042646254784,,priced_for_collapse_avoid,False
ATGL,Adani Total Gas Ltd.,nonfinancial,Oil Gas & Consumable Fuels,ENERGY,full,706.15,79.84688494434646,-0.8869264533819352,AVOID,high,37.28561810514803,True,0.13026819135793585,118.48094535527747,15.434298461810428,13.4,,,priced_for_collapse_avoid,False
ITI,ITI Ltd.,nonfinancial,Telecommunication,TELECOM,full,284.85,29.67429270642955,-0.8958248456856958,AVOID,high,34.190697298568864,True,0.1536657168495458,93.70488167195985,14.399227814423575,9.8,,,priced_for_collapse_avoid|implied_pe_lt_third_sector_exit,False
PREMEXPLN,Premier Explosives,nonfinancial,Chemical Manufacturing,CHEMICALS,full,664.0,68.16467348981871,-0.8973423592020803,AVOID,medium,34.04173083135375,True,0.15850831978413535,77.96420776953295,12.3579755768499,8.0,0.06927710843373494,,priced_for_collapse_avoid|implied_pe_lt_third_sector_exit,False
IGIL,International Gemological Institute Ltd.,nonfinancial,Services,MANUFACTURING,full,344.45,35.05610101642864,-0.8982258643738463,AVOID,high,41.00353116333431,True,0.09197717354817053,108.66517518248175,9.994715676401476,11.1,0.39933226883437367,,priced_for_collapse_avoid,False
MBAPL,Madhya Bharat Agro products,nonfinancial,Chemical Manufacturing,CHEMICALS,partial,135.05,13.637747004635255,-0.8990170529090318,AVOID,medium,19.838976822016594,True,,,10.763217209386939,,,,priced_for_collapse_avoid,False
GRWRHITECH,Garware Hi-Tech Films,nonfinancial,Fabricated Plastic & Rubber,MANUFACTURING,full,6859.0,651.1085907640163,-0.9050723734124484,AVOID,medium,37.17731422413383,True,0.1273379615685802,147.22626615025277,18.74749262092645,14.0,,,priced_for_collapse_avoid,False
NYKAA,FSN E-Commerce Ventures Ltd.,nonfinancial,Consumer Services,CONSUMER,full,321.45,29.923406720455034,-0.906911162792176,AVOID,high,26.278631175003785,True,0.14182394748188432,459.20978228890846,65.12694404650968,42.7,-0.25960491522787366,,priced_for_collapse_avoid,False
POONAWALLA,Poonawalla Fincorp Ltd.,financial,Financial Services,NBFC,full,474.35,43.96097787953937,-0.9073237527573745,AVOID,high,28.231581072885618,True,0.05235769560814205,69.54903748546539,3.6414273345032586,6.4,0.01612733213871609,,priced_for_collapse_avoid,False
CERA,Kajaria Ceramics,nonfinancial,Constr. - Supplies & Fixtures,MANUFACTURING,full,6015.5,555.1242543932938,-0.9077176869099337,AVOID,medium,35.91783466102319,True,0.15985881953822767,196.40044076235563,31.396342617057783,18.1,-0.7835591388911978,,priced_for_collapse_avoid,False
IBULLSLTD,Indiabulls,nonfinancial,Rental & Leasing,MANUFACTURING,full,29.1,2.4262159164537915,-0.9166248825960897,AVOID,medium,26.351531998869103,True,0.11225704342975382,23.095545026435154,2.5926376010663654,1.9,,,priced_for_collapse_avoid|implied_pe_lt_third_sector_exit,False
LINDEINDIA,Linde India Ltd.,nonfinancial,Chemicals,CHEMICALS,full,7106.0,541.7179657004682,-0.9237661179706631,AVOID,high,40.017232566781715,True,0.12866601821143547,110.41638735062664,14.206836905696639,8.4,-0.05277230509428652,,priced_for_collapse_avoid|implied_pe_lt_third_sector_exit,False
PTCIL,PTC Industries Ltd.,nonfinancial,Capital Goods,CAPITAL_GOODS,full,17437.0,1185.632976681124,-0.9320047613304396,AVOID,high,39.284076677521355,True,0.06738725109646941,257.5374163056322,17.35473853932361,17.5,,,priced_for_collapse_avoid,False
VIYASH,Viyash Scientific Ltd,nonfinancial,Biotechnology & Drugs,IT_SERVICES,full,268.65,15.887293189558774,-0.9408624858010096,AVOID,medium,24.794745100818602,True,0.07717120224248213,66.99208991764968,5.169860119681491,4.0,0.16136236739251825,,priced_for_collapse_avoid|implied_pe_lt_third_sector_exit,False
IFCI,IFCI Ltd.,financial,Financial Services,NBFC,full,72.18,4.048589363325554,-0.943909817631954,AVOID,high,32.02010444675607,True,0.04860119649882664,104.60794966759451,5.084071517134127,5.9,,,priced_for_collapse_avoid|implied_pe_lt_third_sector_exit,False
AEGISVOPAK,Aegis Vopak Terminals Ltd.,nonfinancial,Oil Gas & Consumable Fuels,ENERGY,full,269.15,14.948781579052408,-0.9444592919225249,AVOID,high,33.82971938266428,True,0.07969104338118246,94.43707738652314,7.525789230801501,5.2,0.15177410365966942,,priced_for_collapse_avoid,False
MAHLIFE,Mahindra Lifespace Developers,nonfinancial,Construction Services,CONSTRUCTION,full,374.2,17.17537463807909,-0.9541010832761115,AVOID,medium,24.333866272557316,True,0.08221138336913096,25.61432068953952,2.105788737947597,1.2,0.26670229823623737,,priced_for_collapse_avoid|implied_pe_lt_third_sector_exit,False
ELLEN,Ellenbarrie Industrial Gases,nonfinancial,Chemical Manufacturing,CHEMICALS,full,286.0,9.72331031425152,-0.966002411488631,AVOID,medium,24.942634969715527,True,0.10684241766788792,37.94157088122605,4.053769163067728,1.3,1.027972027972028,,priced_for_collapse_avoid|implied_pe_lt_third_sector_exit,False
PTC,PTC Industries,nonfinancial,Iron & Steel,METAL,full,17941.0,490.33403015282306,-0.9726696376928364,AVOID,medium,31.17652763107321,True,0.06738725109646941,264.98129184718397,17.856360849573026,7.2,0.3121342177136169,,priced_for_collapse_avoid,False
PRSMJOHNSN,Prism Johnson,nonfinancial,Construction - Raw Materials,CEMENT,full,109.85,2.4450004066534525,-0.9777423722653305,AVOID,medium,18.538712554393697,True,0.06900929197748985,549.2499999999999,37.903353618636295,12.2,0.3108784706417843,,priced_for_collapse_avoid,False
RAJESHEXPO,Rajesh Exports,nonfinancial,Jewelry & Silverware,CONSUMER_DISC,full,85.97,7836.869360774046,90.15818728363436,LOW CONF,low,34.77106666666667,False,0.006514665525490294,22.56616977777778,0.14701104829364986,2057.1,,LC_data_thin,implied_pe_gt_2x_sector_exit,False
CLEANMAX,Clean Max Enviro Energy Solutions Ltd,nonfinancial,Electric Utilities,UTILITIES,full,1257.1,15362.341765622012,11.220461192921814,LOW CONF,low,35.15,False,0.017103359657803446,6.813979578973906,0.11654194344011881,83.3,,LC_data_thin,implied_pe_gt_2x_sector_exit,False
ASHOKA,Ashoka Buildcon,nonfinancial,Construction Services,CONSTRUCTION,full,123.93,772.3130526543443,5.231849049095008,LOW CONF,low,44.16693333333333,False,0.39150180566870546,1.3644905660377358,0.5342005204216875,8.5,0.2829823287339627,LC_data_thin,,False
LICI,Life Insurance Corporation of India,financial,Financial Services,INSURANCE,full,433.3,2621.2105604548487,5.049412786648624,LOW CONF,high,86.96000000000001,False,0.2857901691987343,9.539849643575149,2.7263952437678274,57.7,1.557119778444496,LC_lender_divergence,implied_pe_gt_2x_sector_exit,False
KISSHT,OnEMI Technology Solutions Ltd,nonfinancial,Unknown,MANUFACTURING,full,309.0,1750.452910434941,4.66489615027489,LOW CONF,low,39.753303594036254,False,0.20960246652467268,5.939562977438266,1.2449470501496895,33.6,,LC_data_thin,,False
OSWALPUMPS,Oswal Pumps,nonfinancial,Misc. Capital Goods,CAPITAL_GOODS,full,398.85,2042.1133790276363,4.12000345750943,LOW CONF,medium,82.15689493333333,False,0.44315764454215933,5.74377371646174,2.5453972309703485,29.4,,LC_implausible_upside,,False
CHOLAHLDNG,Cholamandalam Financial Holdings Ltd.,financial,Financial Services,NBFC,full,1559.8,7752.355820138024,3.9700960508642287,LOW CONF,high,85.36,False,0.35446271713423255,11.996227400181091,4.25221535962832,59.6,0.2661879728170279,LC_lender_divergence,implied_pe_gt_2x_sector_exit,False
PFC,Power Finance Corporation Ltd.,financial,Financial Services,NBFC,full,401.35,1976.9397126466397,3.9257249598770145,LOW CONF,medium,65.98400000000001,False,0.2530867236074048,5.11335617721635,1.2941225615293706,25.2,0.278186121838794,LC_lender_divergence,,False
KALPATARU,Kalpataru Projects International,nonfinancial,Construction Services,CONSTRUCTION,full,272.5,1178.0195317676896,3.323007456028219,LOW CONF,medium,63.99511380056452,False,0.13253049231342948,4.473671443680079,0.5928978788794517,19.3,4.647706422018349,LC_implausible_upside,,False
EFCIL,EFC (I),nonfinancial,Apparel/Accessories,CONSUMER_DISC,full,189.23,781.8342968700891,3.1316614536283316,LOW CONF,medium,75.9364,False,0.290690616289873,11.394442597801072,3.312257541034376,47.1,,LC_implausible_upside,,False
GRMOVER,GRM Overseas,nonfinancial,Food Processing,CONSUMER,full,91.02,341.46153218325543,2.7515000239865466,LOW CONF,medium,62.99781824957697,False,0.1263941756287296,11.598945291951603,1.4660391283389569,43.5,,LC_implausible_upside,,False
TMPV,Tata Motors Passenger Vehicles Ltd.,nonfinancial,Automobile and Auto Components,AUTO,full,335.6,1242.6300901293362,2.7027118299443864,LOW CONF,medium,57.11217599999999,False,-0.01228718278188243,,0.9308447014312738,,0.102502979737783,LC_low_or_negative_roe,,False
CEIGALL,Ceigall India,nonfinancial,Construction Services,CONSTRUCTION,full,342.25,1233.8736043182305,2.6051821893885476,LOW CONF,medium,79.14240000000001,False,0.28896143376953803,9.649739414735206,2.788402536784308,34.8,-0.14390065741417093,LC_implausible_upside,implied_pe_gt_2x_sector_exit,False
RELINFRA,Reliance Infrastructure,nonfinancial,Construction Services,CONSTRUCTION,full,66.44,219.17070568121707,2.298776425063472,LOW CONF,low,40.54781666666667,False,0.27544241103101297,0.9304312745665619,0.2562802335652723,3.1,,LC_data_thin,,False
NAVNETEDUL,Navneet Education,nonfinancial,Printing & Publishing,CONSUMER_DISC,full,145.75,434.4646562991345,1.9808895800969777,LOW CONF,medium,78.08182714880836,False,0.18070519098922624,9.108387533875339,1.6459329089128305,27.2,-0.1835334476843911,LC_implausible_upside,,False
SENCO,Senco Gold,nonfinancial,Jewelry & Silverware,CONSUMER_DISC,full,364.55,1081.6829937599634,1.967173210149399,LOW CONF,medium,68.01907550752684,False,0.2284777696445053,10.397215837860426,2.3755326851468763,30.9,0.25085722123165544,LC_implausible_upside,,False
GHCL,GHCL,nonfinancial,Chemical Manufacturing,CHEMICALS,full,432.4,1223.1491321625012,1.8287445239650817,LOW CONF,medium,74.88097249190038,False,0.13301650670488105,8.621275875206367,1.1467720002590172,24.4,0.8501387604070306,LC_implausible_upside,,False
ARSSBL,Anand Rathi Share and Stock Brokers,nonfinancial,Investment Services,NBFC,full,538.05,1483.0373338260042,1.7563188064789599,LOW CONF,medium,67.6008,False,0.09588837871718603,22.97544673938268,2.2030783381424635,63.3,,LC_fee_financial,nonfin_type_fin_sector|implied_pe_gt_2x_sector_exit,False
MAHABANK,Bank of Maharashtra,financial,Financial Services,BANK,full,79.7,218.39771880446926,1.7402474128540686,LOW CONF,high,81.73812177949858,False,0.21119416192319918,8.739018647968816,1.845629719388984,23.9,0.11668757841907147,LC_lender_divergence,,False
CANBK,Canara Bank,financial,Financial Services,BANK,full,125.9,343.192509407135,1.725913498070969,LOW CONF,high,75.77395417773393,False,0.16100665190429195,5.796471680202288,0.933270498087416,15.8,0.19142176330420962,LC_lender_divergence,,False
HAPPSTMNDS,Happiest Minds Technologies,nonfinancial,Software & Programming,IT_SERVICES,full,377.0,974.1621048588511,1.5839843630208252,LOW CONF,medium,63.143072100248006,False,0.12584862887616974,26.720863512369487,3.3627840354189726,69.0,0.3687002652519894,LC_implausible_upside,implied_pe_gt_2x_sector_exit,False
GATEWAY,Gateway Distriparks,nonfinancial,Business Services,MANUFACTURING,full,57.85,146.5472130084781,1.5332275368794834,LOW CONF,medium,69.58666352411308,False,0.11312031682062823,11.29966455891425,1.2782216348712043,28.6,0.5211754537597234,LC_implausible_upside,,False
GOKULAGRO,Gokul Agro Resources,nonfinancial,Food Processing,CONSUMER,full,212.09,534.7860914665673,1.5215054527161453,LOW CONF,medium,71.4422292,False,0.2600979751337143,16.941066284756936,4.4063370372713155,42.7,,LC_implausible_upside,,False
RECLTD,REC Ltd.,financial,Financial Services,NBFC,full,349.6,878.3772627100776,1.512520774342327,LOW CONF,medium,61.63377728178156,False,0.1917380885952886,5.65596654928174,1.084464215318171,14.2,0.2843249427917619,LC_lender_divergence,,False
GMRP&UI,GMR Power and Urban Infra,nonfinancial,Electric Utilities,UTILITIES,full,97.22,236.10722037848356,1.4285869201654346,LOW CONF,medium,75.9364,False,0.30812625076818834,12.416423579148342,3.825826045392709,30.2,,LC_implausible_upside,,False
LICHSGFIN,LIC Housing Finance Ltd.,financial,Financial Services,NBFC,full,548.2,1291.913083823728,1.3566455378032247,LOW CONF,high,74.65220152841667,False,0.13527358780446416,5.381011876721911,0.7279087825826059,12.7,0.15651222181685506,LC_lender_divergence,,False
SAATVIKGL,Saatvik Green Energy,nonfinancial,Semiconductors,MANUFACTURING,full,464.0,1087.578017715415,1.3439181416280495,LOW CONF,medium,72.70026360000001,False,0.2623818025524036,15.591397849462364,4.090899072053605,36.5,,LC_implausible_upside,,False
PARADEEP,Paradeep Phosphates Ltd.,nonfinancial,Chemicals,CHEMICALS,full,140.44,325.468553418334,1.3174918357899033,LOW CONF,high,72.40806362549372,False,0.1468959955415919,14.643761328850301,2.1511098988749304,33.9,,LC_implausible_upside,,False
TSFINV,TSF Investments,nonfinancial,Investment Services,NBFC,full,470.4,1087.7794609846774,1.3124563371272904,LOW CONF,medium,72.09090986666668,False,0.02071765052991702,20.021825746059687,0.4148051887777597,46.3,,LC_fee_financial,nonfin_type_fin_sector|implied_pe_gt_2x_sector_exit,False
IOC,Indian Oil Corporation Ltd.,nonfinancial,Oil Gas & Consumable Fuels,ENERGY,full,141.8,320.97027302086804,1.2635421228552046,LOW CONF,medium,63.39475739046833,False,0.19896960402482627,4.638521044789378,0.9229246955425661,10.5,0.10719322990126931,LC_implausible_upside,,False
BBTC,Bombay Burmah Trading Corporation Ltd.,nonfinancial,Fast Moving Consumer Goods,CONSUMER,full,1481.4,3247.7272669214126,1.1923364836785557,LOW CONF,high,90.92970000000001,False,0.35490728459893384,8.316111633490047,2.9514485982635565,18.2,,LC_conglomerate_no_sotp,,False
CHENNPETRO,Chennai Petroleum Corporation Ltd.,nonfinancial,Oil Gas & Consumable Fuels,ENERGY,full,1199.2,2627.278690642871,1.1908594818569638,LOW CONF,high,86.31646666666667,False,0.2792907866535964,5.755015953846651,1.6073229329538286,12.6,-0.0035023348899266555,LC_implausible_upside,,False
GESHIP,Great Eastern Shipping Co. Ltd.,nonfinancial,Services,MANUFACTURING,full,1341.0,2935.659001711303,1.1891566008287122,LOW CONF,high,87.3279291997028,False,0.17347217301233483,6.521522368582032,1.131302656626474,14.3,0.3907531692766592,LC_implausible_upside,,False
BANKBARODA,Bank of Baroda,financial,Financial Services,BANK,full,248.3,543.3565196199654,1.1883065631090028,LOW CONF,high,74.79417614161551,False,0.1196518872315947,6.469472343388711,0.7740845752790667,14.2,0.2525171163914619,LC_lender_divergence,,False
KRBL,KRBL,nonfinancial,Food Processing,CONSUMER,full,357.0,773.656870229471,1.1671060790741485,LOW CONF,medium,70.13059355292118,False,0.11160615104822362,12.609916054564534,1.4073441958911495,27.3,,LC_implausible_upside,,False
ITC,ITC Ltd.,nonfinancial,Fast Moving Consumer Goods,CONSUMER,full,280.7,596.6453674121406,1.1255624061707894,LOW CONF,medium,91.40266666666668,False,0.2898763296936998,17.001874189688436,4.92844088802093,36.1,0.24332027075169224,LC_alt_divergence,,True
ASHOKLEY,Ashok Leyland Ltd.,nonfinancial,Capital Goods,CAPITAL_GOODS,full,155.19,329.127648558875,1.120804488426284,LOW CONF,high,82.7164,False,0.26127376736890073,26.258989809136303,6.860785194734613,55.7,0.13409369160384046,LC_implausible_upside,,False
NIITMTS,NIIT Learning Systems Ltd,nonfinancial,Schools,MANUFACTURING,full,235.98,499.9930614379553,1.1187942259426873,LOW CONF,medium,73.5637681540771,False,0.1605558400145182,13.365087195220408,2.1458428014958937,28.3,0.8433765573353675,LC_implausible_upside,,False
VSTIND,VST Industries,nonfinancial,Tobacco,CONSUMER,full,232.85,491.9731081707158,1.1128327600202526,LOW CONF,medium,79.3114512509909,False,0.20215540199353932,13.528804106073569,2.7349208325551473,28.6,,LC_implausible_upside,,False
MARINE,Knowledge Marine & Engineering Works,nonfinancial,Misc. Transportation,LOGISTICS,full,248.0,521.7577083397671,1.1038617271764801,LOW CONF,medium,70.79372118600547,False,0.1387500219263625,7.179772439949432,0.9961935834692768,15.1,9.080645161290322,LC_implausible_upside,,False
SUNTV,Sun TV Network Ltd.,nonfinancial,Media Entertainment & Publication,CONSUMER_DISC,full,499.65,1006.8342051424203,1.015078965560733,LOW CONF,high,78.60132181808416,False,0.11394360359904329,13.665000728847792,1.5570394262284708,27.5,0.294906434504153,LC_implausible_upside,,False
ROUTE,Route Mobile,nonfinancial,Communications Services,TELECOM,full,561.3,1130.6903252584223,1.014413549364729,LOW CONF,medium,65.9675561986886,False,0.0927718543177871,14.78944889857554,1.372044598659007,29.8,0.2239444147514699,LC_implausible_upside,,False
UNIONBANK,Union Bank of India,financial,Financial Services,BANK,full,168.77,339.59484490673344,1.0121754156943379,LOW CONF,high,72.455731853476,False,0.14548874818056792,6.6314688261217976,0.9648040981109205,13.3,0.1672690644071813,LC_lender_divergence,,False
RSYSTEMS,R Systems International,nonfinancial,Software & Programming,IT_SERVICES,full,253.72,509.0379476926664,1.006298075408586,LOW CONF,medium,72.2582920476049,False,0.23521386523837193,16.910124597207304,3.9774957681715972,33.9,0.4780072520889169,LC_implausible_upside,,False
SHAREINDIA,Share India Securities,nonfinancial,Investment Services,NBFC,full,177.24,237.35865888969997,0.33919351664240555,LOW CONF,medium,57.57787208771568,False,0.12312993844262109,12.00756750092467,1.4784910472344721,16.1,,LC_fee_financial,nonfin_type_fin_sector,False
ELECTCAST,Electrosteel Castings,nonfinancial,Constr. - Supplies & Fixtures,MANUFACTURING,full,75.35,89.94925062989972,0.19375249674717623,LOW CONF,medium,49.90217365801915,False,0.027261738349439166,28.869856948228882,0.787042486308354,34.5,-0.05773059057730583,LC_low_or_negative_roe,,False
IIFLCAPS,IIFL Capital Services,nonfinancial,Investment Services,NBFC,full,337.15,343.2290951770183,0.018030832498942023,LOW CONF,medium,55.128942702708066,False,0.18385300631827536,19.751424668227948,3.631358804322653,20.1,,LC_fee_financial,nonfin_type_fin_sector,False
JINDALPOLY,Jindal Poly Films,nonfinancial,Fabricated Plastic & Rubber,MANUFACTURING,full,658.35,649.5969979598195,-0.013295362710078971,LOW CONF,medium,36.84950536261803,False,0.027926910702361443,25.07236762020694,0.7001937716262976,24.7,,LC_low_or_negative_roe,,False
PURVA,Puravankara,nonfinancial,Construction Services,CONSTRUCTION,full,222.26,200.7329157293078,-0.09685541379776928,LOW CONF,medium,42.301551134167504,False,0.0317470085087577,82.63763876651983,2.62349782106435,74.6,,LC_low_or_negative_roe,implied_pe_gt_2x_sector_exit,False
CROMPTON,Crompton Greaves Consumer Electricals Ltd.,nonfinancial,Consumer Durables,CONSUMER_DISC,full,257.45,219.59024778983562,-0.1470567186256142,LOW CONF,medium,43.60091532248544,False,-0.07779388463742709,,5.326402083403566,,0.37114002718974565,LC_low_or_negative_roe,,False
SHOPERSTOP,Shoppers Stop,nonfinancial,Retail (Department & Discount),CONSUMER_DISC,full,390.65,327.5321155310111,-0.16157144366821685,LOW CONF,medium,29.584715760323395,False,-0.12401635682622592,,14.766331053915673,,0.0572123384103418,LC_low_or_negative_roe,,False
CRAMC,Canara Robeco Asset Management Company Ltd,nonfinancial,Investment Services,NBFC,full,260.2,213.34970041303347,-0.18005495613745778,LOW CONF,medium,61.52554724403255,False,0.2732562816765439,25.458233562315996,6.9566222412914644,20.9,0.34511913912375103,LC_fee_financial,nonfin_type_fin_sector,False
ICRA,ICRA,nonfinancial,Business Services,MANUFACTURING,full,5201.5,4093.5797935706264,-0.2130001358126259,LOW CONF,medium,53.745580930773855,False,0.15458949472364789,27.641784912069248,4.273129562816539,21.8,0.24963952705950207,LC_fee_financial,,False
ZEEL,Zee Entertainment Enterprises Ltd.,nonfinancial,Media Entertainment & Publication,CONSUMER_DISC,full,105.85,83.05557504814578,-0.21534648041430526,LOW CONF,high,50.410418186836296,False,0.023128926930323365,37.53714891264283,0.868193974373183,29.5,-0.03637222484648082,LC_low_or_negative_roe,,False
GREAVESCOT,Greaves Cotton,nonfinancial,Auto & Truck Parts,AUTO,full,247.02,183.2742550348954,-0.25805904366085586,LOW CONF,medium,37.252636745859135,False,0.02466590248266607,54.177806744120154,1.3363444978751957,40.2,-0.3279896364666829,LC_low_or_negative_roe,,False
BHARATCOAL,Bharat Coking Coal Ltd,nonfinancial,Unknown,MANUFACTURING,full,36.17,26.778761782008786,-0.2596416427423615,LOW CONF,medium,39.52094789085381,False,0.022198380286564685,129.17776582475835,2.8675371703467847,95.6,,LC_low_or_negative_roe,implied_pe_gt_2x_sector_exit,False
EASEMYTRIP,Easy Trip Planners,nonfinancial,Personal Services,MANUFACTURING,full,6.86,5.047503175303039,-0.2642123651161752,LOW CONF,medium,41.256532491415605,False,-0.07179224798462575,,3.5178323807622234,,,LC_low_or_negative_roe,,False
ZYDUSWELL,Zydus Wellness Ltd.,nonfinancial,Fast Moving Consumer Goods,CONSUMER,full,588.25,426.3644171354832,-0.2751986109044059,LOW CONF,high,47.889246253906734,False,0.0338482663920357,94.88961713995943,3.211849038791623,68.8,-0.08372290692732681,LC_low_or_negative_roe,,False
PVRINOX,PVR INOX Ltd.,nonfinancial,Media Entertainment & Publication,CONSUMER_DISC,full,998.5,696.0878258601916,-0.30286647385058424,LOW CONF,high,36.48272364422396,False,0.023865992654532642,55.51002271436683,1.324801794354019,38.7,0.37305958938407613,LC_low_or_negative_roe,,False
SUDARSCHEM,Sudarshan Chemical Industries,nonfinancial,Chemical Manufacturing,CHEMICALS,full,1037.65,710.0403080637888,-0.3157227311099227,LOW CONF,medium,31.014239789932578,False,0.01182540142600429,370.55295343137266,4.381937423917455,253.6,0.14971329446345097,LC_low_or_negative_roe,implied_pe_gt_2x_sector_exit,False
MEDIASSIST,Medi Assist Healthcare Services,nonfinancial,Investment Services,NBFC,full,352.85,236.8183036353135,-0.32884142373440983,LOW CONF,medium,41.29401993013783,False,0.10646084157825725,29.078221923636775,3.095691977589701,19.5,0.7741249822870907,LC_fee_financial,nonfin_type_fin_sector,False
RELIGARE,Religare Enterprises,nonfinancial,Investment Services,NBFC,full,255.5,169.23860108623614,-0.33761799966248085,LOW CONF,medium,35.5803282759766,False,0.025155675671958436,98.65876161837069,2.4818278094687947,65.3,,LC_fee_financial,nonfin_type_fin_sector|implied_pe_gt_2x_sector_exit,False
BSE,BSE Ltd.,financial,Financial Services,NBFC,full,3581.9,2299.8554913108565,-0.3579230321028347,LOW CONF,high,57.09525469325643,False,0.3709420486407184,59.38721609501878,22.02921560135531,38.1,0.18289176135570503,LC_fee_financial,,False
IEX,Indian Energy Exchange Ltd.,financial,Financial Services,NBFC,full,123.14,77.0533378704852,-0.3742623203631217,LOW CONF,high,56.786442145136995,False,0.3612299935510348,22.226255376125945,8.028790086181626,13.9,0.0800714633750203,LC_fee_financial,,False
JPPOWER,Jaiprakash Power Ventures Ltd.,nonfinancial,Power,UTILITIES,full,16.89,10.554480021772463,-0.3751047944480484,LOW CONF,high,47.056219384931886,False,0.03539277394586664,25.590806870381467,0.9057296426557422,16.0,,LC_low_or_negative_roe,,False
IIFL,IIFL Finance,financial,Diversified NBFC,NBFC,full,552.0,340.04577278684155,-0.38397504929920007,LOW CONF,high,45.29051193502778,False,0.13051043250124283,14.244377167391425,1.859039824827083,8.8,0.10507246376811594,LC_fee_financial,,False
BAJAJELEC,Bajaj Electricals,nonfinancial,Electronic Instr. & Controls,MANUFACTURING,full,330.5,202.46362613443483,-0.3874020389275799,LOW CONF,medium,29.936089229985743,False,-0.056994818652849735,,2.390360561542611,,0.2980332829046899,LC_low_or_negative_roe,,False
RUSTOMJEE,Keystone Realtors,nonfinancial,Construction Services,CONSTRUCTION,full,413.0,248.54988941584094,-0.39818428712871445,LOW CONF,medium,35.11762354751284,False,0.03316080633670005,66.5062664560295,2.2054014221253646,40.0,0.9200968523002422,LC_low_or_negative_roe,implied_pe_gt_2x_sector_exit,False
SYMPHONY,Symphony,nonfinancial,Misc. Capital Goods,CAPITAL_GOODS,full,700.75,389.3780093055442,-0.444341049867222,LOW CONF,medium,30.383545492307984,False,-0.2587029089175012,,8.829743039506988,,0.4955404923296468,LC_low_or_negative_roe,,False
JYOTICNC,Jyoti CNC Automation Ltd.,nonfinancial,Capital Goods,CAPITAL_GOODS,full,781.6,429.02869773452704,-0.45108917894763684,LOW CONF,high,49.17943627442157,False,0.16788835424442747,52.87430952380953,8.87698080776284,29.0,,LC_compounder_understated,,False
RAYMONDLSL,Raymond Lifestyle,nonfinancial,Retail (Apparel),CONSUMER_DISC,full,724.3,390.9717755593521,-0.4602074063794669,LOW CONF,medium,32.39255076446278,False,0.004791496727834269,95.53794671864846,0.4577697590864088,51.6,1.0999585806986056,LC_low_or_negative_roe,,False
OFSS,Oracle Financial Services Software Ltd.,nonfinancial,Information Technology,IT_SERVICES,full,11768.0,6319.2522457652,-0.4630139152136981,LOW CONF,high,62.152503669127775,False,0.33722609084520544,38.96954495510173,13.141547307225453,20.9,-0.10774983004758668,LC_compounder_understated,,False
DEVYANI,Devyani International Ltd.,nonfinancial,Consumer Services,CONSUMER,full,111.37,59.74279469788743,-0.463564741870455,LOW CONF,medium,27.045239213210586,False,-0.027590769350507843,,9.91250930718242,,0.5533806231480649,LC_low_or_negative_roe,,False
KIRLPNU,Kirloskar Pneumatic Company,nonfinancial,Misc. Capital Goods,CAPITAL_GOODS,full,1688.7,903.321439804247,-0.46507879445475986,LOW CONF,medium,49.564758920680205,False,0.20361295282021719,42.90153374233129,8.735307965792256,22.9,-0.009297092437970063,LC_compounder_understated,,False
NXST,Nexus Select Trust,nonfinancial,Real Estate Operations,REALTY,full,166.0,88.00985295215654,-0.46982016293881607,LOW CONF,medium,38.307485411138046,False,0.030542539420594848,62.40582942969737,1.9060325054314502,33.1,,LC_low_or_negative_roe,,False
THYROCARE,Thyrocare Technologies,nonfinancial,Healthcare Facilities,PHARMA,full,517.25,272.07888784958,-0.4739895836644176,LOW CONF,medium,53.3956217984348,False,0.2781383432963279,50.66096100706171,14.090755764304012,26.6,0.16191396810053166,LC_compounder_understated,,False
TITAN,Titan Company,nonfinancial,Consumer / Retail,CONSUMER_DISC,full,4638.1,2424.2872256956684,-0.47731027237539764,LOW CONF,high,46.748735852104986,False,0.3230592880341336,81.14160753006112,26.213549958606638,42.4,0.07565597981932248,LC_compounder_understated,,False
SMLMAH,SML Mahindra,nonfinancial,Auto & Truck Manufacturers,AUTO,full,4085.2,2133.3852527656372,-0.4777770359430047,LOW CONF,medium,44.217531242940325,False,0.307601956329187,37.080062597809075,11.405899795894788,19.4,,LC_compounder_understated,,False
ASHAPURMIN,Ashapura Minechem,nonfinancial,Metal Mining,METAL,full,690.0,357.3882316665626,-0.48204604106295273,LOW CONF,medium,40.00680222423321,False,0.2366776006645284,16.421416677340847,3.8865814987055036,8.5,,LC_compounder_understated,,False
BLUEJET,Blue Jet Healthcare Ltd.,nonfinancial,Healthcare,PHARMA,full,578.25,299.4106496446278,-0.48221245197643264,LOW CONF,high,58.0118604018736,False,0.18223264774874806,40.460233233798725,7.373175430727033,20.9,0.2745352356247298,LC_compounder_understated,,False
TATACOMM,Tata Communications Ltd.,nonfinancial,Telecommunication,TELECOM,full,1817.1,938.9084792917541,-0.48329289566245437,LOW CONF,high,46.95886427197961,False,0.29192292517638324,49.695004322895436,14.507111028592647,25.7,0.09955423476968801,LC_compounder_understated,,False
PRIVISCL,Privi Speciality Chemicals,nonfinancial,Chemical Manufacturing,CHEMICALS,full,3660.0,1888.597472861845,-0.4839897615131571,LOW CONF,medium,40.60935506657287,False,0.22423766133542902,43.681485223541294,9.795034090185,22.5,0.06120218579234973,LC_compounder_understated,,False
NESTLEIND,Nestle India Ltd.,nonfinancial,Fast Moving Consumer Goods,CONSUMER,full,1427.2,733.5512968396089,-0.486020672057449,LOW CONF,high,57.447106073560704,False,0.6785147092187854,78.63492346559667,53.35495222970077,40.4,0.022982062780269024,LC_compounder_understated,,False
APOLLO,Apollo Hospitals Enterprise,nonfinancial,Healthcare Facilities,PHARMA,full,8826.0,4525.165886657595,-0.48729142457992347,LOW CONF,medium,38.70842328467486,False,0.20651680889442092,65.41284094391663,13.508851172455985,33.5,0.060049852707908455,LC_compounder_understated,,False
APOLLOHOSP,Apollo Hospitals Enterprise Ltd.,nonfinancial,Healthcare,PHARMA,full,8826.0,4525.165886657595,-0.48729142457992347,LOW CONF,high,46.7381040225708,False,0.20651680889442092,65.41284094391663,13.508851172455985,33.5,0.060049852707908455,LC_compounder_understated,,False
BIOCON,Biocon Ltd.,nonfinancial,Healthcare,PHARMA,full,436.4,221.03216941714027,-0.4935101525730058,LOW CONF,high,39.88545811637019,False,0.010836923113088346,154.75160520607375,1.6770312472452233,78.4,-0.03758020164986246,LC_low_or_negative_roe,implied_pe_gt_2x_sector_exit,False
NUVOCO,Nuvoco Vistas Corporation Ltd.,nonfinancial,Construction Materials,CEMENT,full,347.0,175.54453176823725,-0.4941079776131491,LOW CONF,high,39.26065922311148,False,0.03517236187733227,34.461767240181224,1.2121017483040482,17.4,0.29971181556195964,LC_low_or_negative_roe,,False
SAPPHIRE,Sapphire Foods India Ltd.,nonfinancial,Consumer Services,CONSUMER,full,181.06,91.1160540648096,-0.49676320520926986,LOW CONF,medium,25.78160237095942,False,-0.022975528724804222,,4.201613824149115,,0.8170772119739312,LC_low_or_negative_roe,,False
PPLPHARMA,Piramal Pharma Ltd.,nonfinancial,Healthcare,PHARMA,full,174.03,87.56653875282652,-0.4968307834693644,LOW CONF,medium,28.848598409337527,False,-0.03993080653025622,,2.8249477496196076,,0.48250301672125495,LC_low_or_negative_roe,,False
TENNIND,Tenneco Clean Air India,nonfinancial,Auto & Truck Parts,AUTO,full,554.4,276.82533736908977,-0.5006757983963027,LOW CONF,medium,51.32078764117718,False,0.5047269083013195,37.08781520947779,18.71921830633038,18.5,,LC_compounder_understated,,False
PRECWIRE,Precision Wires India,nonfinancial,Misc. Fabricated Products,MANUFACTURING,full,371.1,185.03522230789557,-0.5013871670495943,LOW CONF,medium,38.61459833903224,False,0.2010384027759795,43.30734848972757,8.70644016883756,21.6,,LC_compounder_understated,,False
FIRSTCRY,Brainbees Solutions Ltd.,nonfinancial,Consumer Services,CONSUMER,full,210.33,104.76271019717913,-0.5019126601189601,LOW CONF,medium,26.277489970234782,False,-0.04219437256433471,,3.0603611776966093,,0.9778443398469071,LC_low_or_negative_roe,,False
GLAXO,Glaxosmithkline Pharmaceuticals Ltd.,nonfinancial,Healthcare,PHARMA,full,2430.2,1208.603286410845,-0.502673324660174,LOW CONF,high,59.12880749725605,False,0.4568981485565092,39.73782119345933,18.15613693096118,19.8,0.14928812443420303,LC_compounder_understated,,False
ABSLAMC,Aditya Birla Sun Life AMC Ltd.,financial,Financial Services,NBFC,full,1140.0,560.6743830525809,-0.5081803657433501,LOW CONF,high,53.43917530812569,False,0.24125483093580363,33.846800742510794,8.165704190852274,16.6,-0.20350877192982456,LC_fee_financial,,False
ADANIPOWER,Adani Power Ltd.,nonfinancial,Power,UTILITIES,full,216.57,106.20502427073173,-0.5096041729199255,LOW CONF,high,50.42740121543923,False,0.19974904861459314,32.51802453612189,6.4954444639163444,15.9,0.11742161887611399,LC_compounder_understated,,False
JBCHEPHARM,J.B. Chemicals & Pharmaceuticals Ltd.,nonfinancial,Healthcare,PHARMA,full,2415.3,1183.8857268890488,-0.5098390564778501,LOW CONF,high,57.05576496911828,False,0.17057765638749572,54.333781555245466,9.268129120363916,26.6,-0.1471038794352669,LC_compounder_understated,,False
COHANCE,Cohance Lifesciences Ltd.,nonfinancial,Healthcare,PHARMA,full,441.0,214.08511478321356,-0.5145462249813751,LOW CONF,high,47.720943014518674,False,0.03838119904174837,94.23980815347721,3.6170368343947903,45.7,0.1927437641723356,LC_low_or_negative_roe,,False
SUDEEPPHRM,Sudeep Pharma,nonfinancial,Biotechnology & Drugs,IT_SERVICES,full,862.0,411.6568876138718,-0.5224398055523529,LOW CONF,medium,47.526358427652674,False,0.1972966241764213,55.59375717236631,10.968460615391582,26.5,,LC_compounder_understated,,False
ASIANPAINT,Asian Paints Ltd.,nonfinancial,Consumer Durables,CONSUMER_DISC,full,2689.0,1279.934205737544,-0.5240110800529773,LOW CONF,high,54.42487357304079,False,0.20563233713542134,59.60884157926954,12.257505407880275,28.4,0.07288955001859428,LC_compounder_understated,,False
BOSCHLTD,Bosch Ltd.,nonfinancial,Automobile and Auto Components,AUTO,full,41110.0,19517.929399840865,-0.5252267234288284,LOW CONF,high,53.79720139285408,False,0.18659229919435238,43.78140794223827,8.169273569908118,20.8,0.06538555096083679,LC_compounder_understated,,False
VIJAYA,Vijaya Diagnostic Centre Ltd.,nonfinancial,Healthcare,PHARMA,full,1336.0,634.1937989311712,-0.5253040427161892,LOW CONF,high,52.03257164626064,False,0.18072402444757873,79.55139322465025,14.376847933970643,37.8,-0.13547904191616766,LC_compounder_understated,,False
NEULANDLAB,Neuland Laboratories Ltd.,nonfinancial,Healthcare,PHARMA,full,18325.0,8678.402201938921,-0.5264173423225691,LOW CONF,high,56.15718970195771,False,0.19418822387128096,64.43956043956044,12.513403788804302,30.5,0.1444474761255116,LC_compounder_understated,,False
EICHERMOT,Eicher Motors Ltd.,nonfinancial,Automobile and Auto Components,AUTO,full,7563.5,3564.8104287289684,-0.528682431582076,LOW CONF,high,60.469935167203595,False,0.2197289657631528,37.685641396641664,8.28062700820513,17.8,0.05797580485225094,LC_compounder_understated,,False
BIRET,Brookfield India Real Estate Trust REIT,nonfinancial,Real Estate Operations,REALTY,full,339.99,159.69761699668913,-0.5302873114012496,LOW CONF,medium,37.26065395009701,False,0.011400635213885752,93.65401312910286,1.0677152400013687,44.0,0.04708962028294947,LC_low_or_negative_roe,,False
TRENT,Trent Ltd.,nonfinancial,Consumer Services,CONSUMER,full,2842.4,1332.1524995412642,-0.5313282790806135,LOW CONF,high,53.86589505844974,False,0.246443645235,88.12888173679654,21.718802865700358,41.3,0.1490289895862651,LC_compounder_understated,,False
SWSOLAR,Sterling and Wilson Renewable Energy,nonfinancial,Construction Services,CONSTRUCTION,full,222.19,103.24351874535131,-0.5353367894803938,LOW CONF,medium,20.800193130209273,False,-0.4552366294728742,,7.632598383993844,,,LC_low_or_negative_roe,,False
DIXON,Dixon Technologies (India) Ltd.,nonfinancial,Consumer Durables,CONSUMER_DISC,full,14383.0,6603.11022748703,-0.5409086958571209,LOW CONF,high,51.603558981633746,False,0.35158563678856963,53.35946480158126,18.760421410961214,24.5,-0.11923798929291525,LC_compounder_understated,,False
BHARTIHEXA,Bharti Hexacom Ltd.,nonfinancial,Telecommunication,TELECOM,full,1608.3,735.8393633269161,-0.5424738150053372,LOW CONF,high,53.34611945677428,False,0.24189136381398985,46.40611758596815,11.225239072182214,21.2,,LC_compounder_understated,,False
TORNTPHARM,Torrent Pharmaceuticals Ltd.,nonfinancial,Healthcare,PHARMA,full,4987.6,2281.8111603533234,-0.5425031758053326,LOW CONF,high,54.02668997727921,False,0.2548963274414878,78.0267423696789,19.888730072254287,35.7,-0.029593391611195837,LC_compounder_understated,,False
EBGNG,GNG Electronics,nonfinancial,Electronic Instr. & Controls,MANUFACTURING,full,543.0,247.74184329489844,-0.543753511427443,LOW CONF,medium,37.176957066838995,False,0.17421713139524145,46.88835024996213,8.168753876403754,21.4,,LC_compounder_understated,,False
SHANTIGEAR,Shanthi Gears,nonfinancial,Misc. Capital Goods,CAPITAL_GOODS,full,429.0,194.25232332241941,-0.5471973815328218,LOW CONF,medium,46.39316951802399,False,0.17420351770213152,42.922384555178716,7.477230377675771,19.4,,LC_compounder_understated,,False
EUREKAFORB,Eureka Forbes,nonfinancial,Misc. Capital Goods,CAPITAL_GOODS,full,459.25,205.85067983827338,-0.5517677085720776,LOW CONF,medium,36.30635338878343,False,0.03535855382601644,54.92812999631041,1.9421792410369696,24.6,0.5982580293957539,LC_low_or_negative_roe,,False
PILANIINVS,Pilani Investment and Industries Corporation Ltd,financial,Misc. Financial Services,NBFC,full,4375.1,1960.7527599534712,-0.5518381842807087,LOW CONF,medium,32.01443661845866,False,0.004118703336168605,155.9428331038703,0.6422822669564945,69.9,,LC_low_or_negative_roe,implied_pe_gt_2x_sector_exit,False
BOSCH-HCIL,Bosch,nonfinancial,Auto & Truck Parts,AUTO,full,40855.0,18276.699403554383,-0.5526447337277106,LOW CONF,medium,46.165484914355964,False,0.18659229919435238,43.50983754512636,8.118600625117883,19.5,0.07203524660384286,LC_compounder_understated,,False
TRITURBINE,Triveni Turbine Ltd.,nonfinancial,Capital Goods,CAPITAL_GOODS,full,613.85,274.3504719534468,-0.5530659412666827,LOW CONF,high,58.56881581241101,False,0.2416320885200553,55.798156840297665,13.482625172890733,24.9,0.12894029486030786,LC_compounder_understated,,False
BALUFORGE,Balu Forge Industries,nonfinancial,Auto & Truck Manufacturers,AUTO,full,449.25,199.06319492063886,-0.5568988426919558,LOW CONF,medium,45.24036844306775,False,0.1623623410179866,18.79322299045927,3.051311680004014,8.3,,LC_compounder_understated,,False
NBCC,NBCC (India) Ltd.,nonfinancial,Construction,CONSTRUCTION,full,97.35,43.02553283846706,-0.5580325337599685,LOW CONF,high,54.293498883813506,False,0.24606762426837595,36.46052192066806,8.971754008603831,16.1,0.4175654853620956,LC_compounder_understated,,False
CUMMINSIND,Cummins India Ltd.,nonfinancial,Capital Goods,CAPITAL_GOODS,full,5592.0,2441.8213686976474,-0.5633366651112934,LOW CONF,high,60.218370362729885,False,0.2786673053960043,65.63363607494442,18.289948508346747,28.7,-0.03594420600858369,LC_compounder_understated,,False
CRISIL,CRISIL Ltd.,financial,Financial Services,NBFC,full,4242.6,1845.611509564168,-0.5649810235317569,LOW CONF,high,48.701858655249794,False,0.27685105821850065,36.92951417004049,10.223975077470826,16.1,0.08424079573846217,LC_fee_financial,,False
LALPATHLAB,Dr. Lal Path Labs Ltd.,nonfinancial,Healthcare,PHARMA,full,1698.4,733.9094536392663,-0.5678818572543181,LOW CONF,high,57.34704642185935,False,0.2032382562376901,56.24127905836194,11.430379484398799,24.3,-0.0008243052284503597,LC_compounder_understated,,False
CEMPRO,Cemindia Projects Ltd.,nonfinancial,Construction,CONSTRUCTION,full,1590.0,684.2441305543192,-0.5696577795255854,LOW CONF,high,48.641959171575,False,0.2490967206897845,45.699897947233694,11.383694714513728,19.7,-0.35094339622641507,LC_compounder_understated,,False
GRAPHITE,Graphite India Ltd.,nonfinancial,Capital Goods,CAPITAL_GOODS,full,643.0,275.64469585202977,-0.571314625424526,LOW CONF,high,41.550420246143126,False,0.02919927291967128,71.67412906242694,2.092832455773547,30.7,0.3608087091757387,LC_low_or_negative_roe,,False
INOXINDIA,INOX India,nonfinancial,Misc. Capital Goods,CAPITAL_GOODS,full,1975.9,839.653732972259,-0.5750525163357159,LOW CONF,medium,50.51992170354263,False,0.23075133543901719,69.72232347124744,16.08851925090148,29.6,-0.25704742142820997,LC_compounder_understated,,False
SAMMAANCAP,Sammaan Capital Ltd.,financial,Financial Services,NBFC,full,163.02,68.9239166998446,-0.5772057618706625,LOW CONF,medium,29.084713768567138,False,-0.3761983669510575,,0.6991548837451761,,,LC_low_or_negative_roe,,False
SJS,S.J.S. Enterprises Ltd,nonfinancial,Auto & Truck Parts,AUTO,full,2154.3,901.7593781209295,-0.5814142050220817,LOW CONF,medium,48.528467942472325,False,0.1979536341429691,40.62824214202561,8.042508180854497,17.0,-0.03913104024509129,LC_compounder_understated,,False
INGERRAND,Ingersoll-Rand (India),nonfinancial,Misc. Capital Goods,CAPITAL_GOODS,full,4591.6,1916.7435449767988,-0.5825543285615474,LOW CONF,medium,52.7790557755444,False,0.4158221269408172,56.67092137640122,23.565023062430978,23.7,0.09025176409094861,LC_compounder_understated,,False
CMPDI,Central Mine Planning & Design Institute Ltd,nonfinancial,Metal Mining,METAL,full,253.66,105.61844918219373,-0.5836219775203275,LOW CONF,medium,52.998243676377086,False,0.26855696291235265,29.52844319775596,7.930069024719258,12.3,,LC_compounder_understated,,False
SEDEMAC,Sedemac Mechatronics Ltd,nonfinancial,Electronic Instr. & Controls,MANUFACTURING,full,2692.4,1107.4114547125905,-0.5886898474548393,LOW CONF,medium,50.545761084922844,False,0.4611754229741763,57.18555705734698,26.37257346393589,23.5,,LC_compounder_understated,,False
ANANDRATHI,Anand Rathi Wealth Ltd.,financial,Financial Services,NBFC,full,2066.5,847.1323671782484,-0.5900641823478111,LOW CONF,high,51.10778695362637,False,0.3979061263337174,88.035803308407,35.029985473125286,36.1,0.3017178804742318,LC_fee_financial,,False
SBCL,Shivalik Bimetal Controls,nonfinancial,Scientific & Technical Instr.,MANUFACTURING,full,731.0,296.6578999509692,-0.5941752394651585,LOW CONF,medium,46.04647044513309,False,0.19914822893944115,43.924055914875865,8.747397943284511,17.8,0.06292749658002736,LC_compounder_understated,,False
TRIVENI,Triveni Turbine,nonfinancial,Misc. Capital Goods,CAPITAL_GOODS,full,615.25,249.23171712347232,-0.5949098462032144,LOW CONF,medium,51.01933686434528,False,0.2416320885200553,55.92541499713796,13.513374827109267,22.7,0.13287281592848435,LC_compounder_understated,,False
PRAJIND,Praj Industries,nonfinancial,Construction Services,CONSTRUCTION,full,346.95,139.53787402630667,-0.597815610242667,LOW CONF,medium,33.538959829234855,False,0.01821820598412686,266.94056603773583,4.863178217594891,107.4,0.014555411442571008,LC_low_or_negative_roe,implied_pe_gt_2x_sector_exit,False
BAJAJ-AUTO,Bajaj Auto Ltd.,nonfinancial,Automobile and Auto Components,AUTO,full,1056.3,423.46080716033794,-0.5991093371576844,LOW CONF,high,46.20185282700847,False,0.1695835630867704,34.621429147812265,5.871225314042173,13.9,0.02338350847297174,LC_compounder_understated,,False
NAVINFLUOR,Navin Fluorine International Ltd.,nonfinancial,Chemicals,CHEMICALS,full,7555.0,3022.2967020528367,-0.5999607277229866,LOW CONF,high,50.539824014675254,False,0.16695097343618695,57.952483573452284,9.675223545632495,23.2,-0.024619457313037725,LC_compounder_understated,,False
RADICO,Radico Khaitan Ltd,nonfinancial,Fast Moving Consumer Goods,CONSUMER,full,4100.0,1638.8724430452803,-0.600275013891395,LOW CONF,high,44.4394702463074,False,0.18230676201017573,90.88803599788247,16.569503548238245,36.3,-0.027560975609756098,LC_compounder_understated,,False
CORONA,Corona Remedies,nonfinancial,Biotechnology & Drugs,IT_SERVICES,full,2053.3,816.0347314506869,-0.6025740362096689,LOW CONF,medium,48.033232119903495,False,0.2478643922555767,67.88135263612793,16.825370216640334,27.0,,LC_compounder_understated,,False
3MINDIA,3M India Ltd.,nonfinancial,Diversified,MANUFACTURING,full,34870.0,13834.513631640102,-0.6032545560183509,LOW CONF,high,58.897788891253164,False,0.2954048016288211,75.43862000306324,22.284930577156914,29.9,0.05322626899913966,LC_compounder_understated,,False
GRSE,Garden Reach Shipbuilders & Engineers Ltd.,nonfinancial,Capital Goods,CAPITAL_GOODS,full,2575.5,1021.4705937987145,-0.6033894025242809,LOW CONF,high,54.28850695895776,False,0.28480419782797434,39.46255665637159,11.2391017927589,15.7,0.1391962725684333,LC_compounder_understated,,False
LGEINDIA,LG Electronics India Ltd.,nonfinancial,Consumer Durables,CONSUMER_DISC,full,1583.5,626.8578294505406,-0.604131462298364,LOW CONF,high,51.245439352284656,False,0.21982607924274283,63.77828187218488,14.020129644800903,25.2,0.19861067256078307,LC_compounder_understated,,False
GRINDWELL,Grindwell Norton,nonfinancial,Constr. - Supplies & Fixtures,MANUFACTURING,full,2066.1,813.7200715095757,-0.6061564921787059,LOW CONF,medium,43.53363036591199,False,0.1644304172009074,55.024616713452815,9.047720682513068,21.7,-0.046028749818498575,LC_compounder_understated,,False
SUMICHEM,Sumitomo Chemical India Ltd.,nonfinancial,Chemicals,CHEMICALS,full,536.0,208.91201676416725,-0.6102387746937179,LOW CONF,high,52.97076868480901,False,0.16018668483952717,49.2684076761575,7.892142892965981,19.2,0.0708955223880597,LC_compounder_understated,,False
SWIGGY,Swiggy Ltd.,nonfinancial,Consumer Services,CONSUMER,full,276.87,107.44739398480378,-0.6119211399400304,LOW CONF,medium,27.92394626718407,False,-0.2268210112482254,,3.7226421753849515,,,LC_low_or_negative_roe,,False
ANTHEM,Anthem Biosciences Ltd.,nonfinancial,Healthcare,PHARMA,full,778.2,296.52251256379935,-0.6189636178825503,LOW CONF,high,55.09533593065869,False,0.19450652748379632,74.6127308673685,14.51266318709491,28.4,-0.011822153687998002,LC_compounder_understated,,False
ATLANTAELE,Atlanta Electricals,nonfinancial,Electronic Instr. & Controls,MANUFACTURING,full,1693.0,641.4650083248887,-0.6211074965594279,LOW CONF,medium,46.176575631982715,False,0.21714611651007867,62.34321256876641,13.537586500069951,23.6,,LC_compounder_understated,,False
SMARTWORKS,Smartworks Coworking Spaces,nonfinancial,Real Estate Operations,REALTY,full,457.0,169.97130445387532,-0.6280715438646055,LOW CONF,medium,31.5314202039984,False,0.019842466269691716,480.86989553656224,9.541644682294415,178.8,,LC_low_or_negative_roe,implied_pe_gt_2x_sector_exit,False
HIRECT,Hind Rectifiers,nonfinancial,Semiconductors,MANUFACTURING,full,1242.5,450.30081406943316,-0.6375848578918043,LOW CONF,medium,32.83146077751935,False,0.185069760751786,95.279792746114,17.633408448003067,34.5,,LC_compounder_understated,,False
SHREEJISPG,Shreeji Shipping Global,nonfinancial,Misc. Transportation,LOGISTICS,full,596.55,214.65485961662023,-0.6401728947839741,LOW CONF,medium,43.533186541139216,False,0.19860056185620642,61.17860510805501,12.150105348038704,22.0,,LC_compounder_understated,,False
PRUDENT,Prudent Corporate Advisory Services,nonfinancial,Investment Services,NBFC,full,2893.4,1036.6366597533786,-0.6417236953917956,LOW CONF,medium,51.36655229589908,False,0.2515520210259199,53.945850033776175,13.570187601957585,19.3,0.029584571784060244,LC_fee_financial,nonfin_type_fin_sector,False
SCHAEFFLER,Schaeffler India Ltd.,nonfinancial,Automobile and Auto Components,AUTO,full,4145.2,1473.303570396532,-0.6445759986498765,LOW CONF,high,52.706780292184,False,0.2009424603174603,53.31150826956307,10.712545634920636,18.9,0.14590369584097274,LC_compounder_understated,,False
GROWW,Billionbrains Garage Ventures Ltd.,financial,Financial Services,NBFC,full,207.6,72.97648899167325,-0.6484754865526337,LOW CONF,high,43.934100489933535,False,0.21582450556191043,61.05911665866538,13.178053662903466,21.5,,LC_compounder_understated,,False
BBOX,Black Box,nonfinancial,Computer Networks,IT_SERVICES,full,832.4,290.26591656984806,-0.6512903453029216,LOW CONF,medium,30.973637653145097,False,0.16902502894530308,65.70571901434352,11.105911058271364,22.9,-0.024507448342143173,LC_compounder_understated,,False
TIPSMUSIC,Tips Music,nonfinancial,Motion Pictures,MANUFACTURING,full,669.4,233.36983248701682,-0.6513746153465538,LOW CONF,medium,51.507247709274324,False,0.8338141950375072,39.46912110726643,32.90991344489325,13.8,0.13683896026292205,LC_compounder_understated,,False
HDFCAMC,HDFC Asset Management Company Ltd.,financial,Financial Services,NBFC,full,2602.2,901.7615539810912,-0.6534618576661704,LOW CONF,high,49.90957089010938,False,0.30969225384696236,39.13233312106813,12.118980442553726,13.6,0.17592806087157029,LC_fee_financial,,False
PIDILITIND,Pidilite Industries Ltd.,nonfinancial,Chemicals,CHEMICALS,full,1559.6,540.0714011597956,-0.6537115919724316,LOW CONF,high,58.109757798214396,False,0.2280909549979367,64.95387579329103,14.815391560509113,22.5,0.04321620928443197,LC_compounder_understated,,False
KSB,KSB,nonfinancial,Misc. Capital Goods,CAPITAL_GOODS,full,894.35,308.8618590724626,-0.654652139461662,LOW CONF,medium,40.780722591247944,False,0.16112775729271533,57.56454397574772,9.275245870390117,19.9,0.06893274445127744,LC_compounder_understated,,False
RKFORGE,Ramkrishna Forgings Ltd.,nonfinancial,Automobile and Auto Components,AUTO,full,569.75,195.75826210087425,-0.6564137567338758,LOW CONF,high,31.504679997729745,False,0.021821055190858252,144.26260445682453,3.1479622538293213,49.6,0.051338306274681875,LC_low_or_negative_roe,,False
LLOYDSME,Lloyds Metals And Energy Ltd.,nonfinancial,Metals & Mining,METAL,full,1802.7,613.2591529638095,-0.6598107544439954,LOW CONF,high,49.409576741008486,False,0.27601977955271795,26.955936050399103,7.440371526268322,9.2,0.08282021412325953,LC_compounder_understated,,False
UTIAMC,UTI Asset Management Company Ltd.,financial,Financial Services,NBFC,full,936.45,315.1717493289238,-0.6634398533515683,LOW CONF,high,33.29613033135578,False,0.10487653813964742,29.832086234997778,3.128685929809996,10.0,0.1895990175663409,LC_fee_financial,,False
UNOMINDA,UNO Minda Ltd.,nonfinancial,Automobile and Auto Components,AUTO,full,1152.2,382.3111183292714,-0.6681903156315993,LOW CONF,high,44.197676645102426,False,0.1880147652048372,55.525548650374596,10.439622992369944,18.4,0.08227738239888904,LC_compounder_understated,,False
GUJTHEM,Gujarat Themis Biosyn,nonfinancial,Biotechnology & Drugs,IT_SERVICES,full,366.4,121.26889066530302,-0.6690259534243913,LOW CONF,medium,39.64566279495479,False,0.16221287834034126,85.63461868037703,13.891037981721514,28.3,,LC_compounder_understated,,False
JAINREC,Jain Resource Recycling Ltd.,nonfinancial,Metals & Mining,METAL,full,329.05,108.5412210741319,-0.6701376050018785,LOW CONF,high,37.77900687154936,False,0.22560128102481988,31.669964794730564,7.144784627702162,10.4,,LC_compounder_understated,,False
JSWCEMENT,JSW Cement Ltd.,nonfinancial,Construction Materials,CEMENT,full,140.35,46.094506558521076,-0.671574588111713,LOW CONF,medium,26.847779450525987,False,-0.12194351193284084,,2.7648290717680264,,0.05450659066619171,LC_low_or_negative_roe,,False
NUVAMA,Nuvama Wealth Management Ltd.,financial,Financial Services,NBFC,full,1854.4,599.6650420526635,-0.6766258401355353,LOW CONF,high,51.07177162143838,False,0.25243269739428387,33.08563628323688,8.351896411983674,10.7,,LC_fee_financial,,False
WAKEFIT,Wakefit Innovations,nonfinancial,Furniture & Fixtures,MANUFACTURING,full,130.1,41.6437927077059,-0.6799093565895011,LOW CONF,medium,33.5753427024704,False,0.16714671944302098,21.683333333333334,3.6242980332561716,6.9,,LC_compounder_understated,,False
ANGELONE,Angel One Ltd.,financial,Financial Services,NBFC,full,329.7,105.00624961570387,-0.6815097069587387,LOW CONF,high,41.60694803097958,False,0.14958015884821152,33.47080100535461,5.00656773115782,10.7,0.05550500454959057,LC_fee_financial,,False
ZFCVINDIA,ZF Commercial Vehicle Control Systems India Ltd.,nonfinancial,Automobile and Auto Components,AUTO,full,2300.6,732.0211623313099,-0.6818129347425411,LOW CONF,high,43.72593553336597,False,0.02953449303636265,40.102201834862385,1.1843982008345526,12.8,0.31878640354690085,LC_low_or_negative_roe,,False
ASTRAZEN,AstraZeneca Pharma India Ltd,nonfinancial,Biotechnology & Drugs,IT_SERVICES,full,8049.0,2535.4149390133625,-0.6850024923576391,LOW CONF,medium,42.15034064883966,False,0.2148512242349248,107.3085537542662,23.05537414498333,33.8,,LC_compounder_understated,,False
QPOWER,Quality Power Electrical Equipments,nonfinancial,Electronic Instr. & Controls,MANUFACTURING,full,1169.0,360.8390965888599,-0.6913266923961848,LOW CONF,medium,48.725696837226955,False,0.33528890856763344,74.61428414218113,25.017341893587194,23.0,0.32591958939264326,LC_compounder_understated,,False
TATACHEM,Tata Chemicals Ltd.,nonfinancial,Chemicals,CHEMICALS,full,698.45,215.0735939021427,-0.6920701640745326,LOW CONF,medium,27.430457031112372,False,-0.08087333773460341,,0.758855418277846,,0.005082683083971586,LC_low_or_negative_roe,,False
IXIGO,Le Travenues Technology,nonfinancial,Personal Services,MANUFACTURING,full,199.5,60.6862526173245,-0.6958082575572707,LOW CONF,medium,33.881060455198835,False,0.034925365841741385,115.9935646334639,4.0511176801114015,35.3,0.7042606516290727,LC_low_or_negative_roe,,False
TATAINVEST,Tata Investment Corporation Ltd.,financial,Financial Services,NBFC,full,662.3,196.7735273783785,-0.7028936624212917,LOW CONF,high,34.97530978023759,False,0.014841305013663049,77.27444198487365,1.1468535632581194,23.0,,LC_low_or_negative_roe,,False
KOLTEPATIL,Kolte-Patil Developers,nonfinancial,Construction Services,CONSTRUCTION,full,388.55,114.54165612613471,-0.7052074221435216,LOW CONF,medium,21.50725896604945,False,-0.03155217128321553,,2.717200407659355,,0.23021490155707114,LC_low_or_negative_roe,,False
CAMS,Computer Age Management Services Ltd.,financial,Financial Services,NBFC,full,753.85,219.64739618689848,-0.7086324916271162,LOW CONF,high,50.4668459082475,False,0.3573445579184047,39.39977013685861,14.079293441642504,11.5,0.13417788684751605,LC_fee_financial,,False
NETWEB,Netweb Technologies India Ltd.,nonfinancial,Information Technology,IT_SERVICES,full,4235.4,1225.732042811158,-0.7105982804903532,LOW CONF,high,51.25055916539899,False,0.28455689202267387,116.67825284228937,33.20160099543758,33.8,-0.054398640033999066,LC_compounder_understated,,False
SUNFLAG,Sunflag Iron & Steel Company Ltd,nonfinancial,Iron & Steel,METAL,full,344.65,98.59098899349615,-0.7139388104062203,LOW CONF,medium,33.47313440539002,False,0.01845689835131303,38.341779975278115,0.7076703356121176,11.0,,LC_low_or_negative_roe,,False
63MOONS,63 Moons Technologies,nonfinancial,Software & Programming,IT_SERVICES,full,700.25,198.37024775928586,-0.7167151049492526,LOW CONF,medium,25.541110993825665,False,-0.014904992637598083,,2.1469840898916894,,,LC_low_or_negative_roe,,False
JIOFIN,Jio Financial Services Ltd.,financial,Financial Services,NBFC,full,242.98,68.36398870941359,-0.7186435562210323,LOW CONF,high,34.67763678742249,False,0.01166124868223557,98.77201601640078,1.1518050416130041,27.8,,LC_low_or_negative_roe,,False
INDUSINDBK,IndusInd Bank Ltd.,financial,Financial Services,BANK,full,1022.4,287.37406403971585,-0.7189220813383062,LOW CONF,high,36.27237266270602,False,0.013528217302105289,89.60111543391729,1.212143360101053,25.2,-0.13634585289514864,LC_low_or_negative_roe,,False
KFINTECH,Kfin Technologies Ltd.,financial,Financial Services,NBFC,full,889.3,246.43797089569307,-0.7228854482225423,LOW CONF,high,33.31746502859395,False,0.053207389250911695,172.46424719101122,9.17637233215759,47.8,0.509052063420668,LC_fee_financial,implied_pe_gt_2x_sector_exit,False
360ONE,360 ONE WAM Ltd.,financial,Financial Services,NBFC,full,1114.7,306.5640773046666,-0.7249806429490745,LOW CONF,high,38.36523944031717,False,0.12365043134344293,38.184137086098154,4.721485021173193,10.5,0.1859693190993092,LC_fee_financial,,False
RUBICON,Rubicon Research,nonfinancial,Biotechnology & Drugs,IT_SERVICES,full,1439.6,391.08982527352066,-0.7283343808880797,LOW CONF,medium,41.36264808464499,False,0.19143868034325973,94.0556559802213,18.00589065967319,25.6,-0.4581828285634898,LC_compounder_understated,,False
INDIGO,InterGlobe Aviation Ltd.,nonfinancial,Services,AVIATION,full,5248.5,1424.7568603081918,-0.7285401809453764,LOW CONF,medium,25.896015710516497,False,-0.3433604452668875,,29.121943452252868,,0.05611126988663428,LC_low_or_negative_roe,,False
VEDPOWER,Vedanta Power,nonfinancial,Unknown,MANUFACTURING,full,37.69,10.158792253809963,-0.7304645196654295,LOW CONF,medium,21.711329285791642,False,-0.8844184269755725,,6.242364905325321,,,LC_low_or_negative_roe,,False
ENRIN,Siemens Energy India Ltd.,nonfinancial,Capital Goods,CAPITAL_GOODS,full,3405.3,916.1186473542191,-0.7309727050908233,LOW CONF,high,55.512382540450105,False,0.2731618105490669,92.2571005782106,25.20111662995137,24.8,-0.023287228731683016,LC_compounder_understated,,False
INDOSTAR,IndoStar Capital Finance,financial,Consumer Financial Services,NBFC,full,263.5,69.52629401711667,-0.7361430967092346,LOW CONF,medium,28.82367625253105,False,0.03446288551321571,29.20815434182264,1.006597279134568,7.7,0.10056925996204934,LC_low_or_negative_roe,,False
SOLARINDS,Solar Industries India Ltd.,nonfinancial,Chemicals,CHEMICALS,full,18420.0,4807.752819054091,-0.7389927894107443,LOW CONF,high,53.365569613470264,False,0.2766583827184095,99.38467385295742,27.495603135155804,25.9,0.051900108577633004,LC_compounder_understated,,False
CENTUM,Centum Electronics,nonfinancial,Electronic Instr. & Controls,MANUFACTURING,full,3682.9,959.0940357333924,-0.7395818415560041,LOW CONF,medium,41.623409326245834,False,0.2934355059584511,59.97374640055605,17.598426619271,15.6,,LC_compounder_understated,,False
GABRIEL,Gabriel India Ltd.,nonfinancial,Automobile and Auto Components,AUTO,full,1330.0,344.93585423783725,-0.7406497336557615,LOW CONF,high,45.63547802477368,False,0.18422648401826483,75.79354378172589,13.96317808219178,19.7,-0.06842105263157895,LC_compounder_understated,,False
IDFCFIRSTB,IDFC First Bank Ltd.,financial,Financial Services,BANK,full,79.15,20.446991808291727,-0.7416678230158973,LOW CONF,high,35.84247814499954,False,0.033975328143455136,42.10102200476853,1.4303960377868363,10.9,-0.014529374605180109,LC_low_or_negative_roe,,False
SCHNEIDER,Schneider Electric Infrastructure Ltd.,nonfinancial,Capital Goods,CAPITAL_GOODS,full,1273.5,327.80889927705294,-0.7425921481923417,LOW CONF,high,46.56020839916474,False,0.2744763823248367,143.25077625141137,39.31895483071202,36.9,0.0977620730270907,LC_compounder_understated,,False
MCX,Multi Commodity Exchange of India Ltd.,financial,Financial Services,NBFC,full,2746.0,687.9560055893563,-0.7494697721815892,LOW CONF,high,48.095021305767965,False,0.3158902361199745,52.58758589613608,16.61190492570987,13.2,0.27640203932993446,LC_fee_financial,,False
AGIIL,AGI Infra,nonfinancial,Construction Services,CONSTRUCTION,full,337.45,82.93983300293479,-0.754215934203779,LOW CONF,medium,41.64248271450576,False,0.20408777969018932,43.47078853046595,8.871856712564544,10.7,,LC_compounder_understated,,False
TDPOWERSYS,TD Power Systems,nonfinancial,Misc. Capital Goods,CAPITAL_GOODS,full,1127.7,273.1401189003118,-0.7577900869909446,LOW CONF,medium,46.048767182449616,False,0.2227830857654699,73.7725593667546,16.435278420541913,17.9,0.25653985989181516,LC_compounder_understated,,False
ABB,ABB India Ltd.,nonfinancial,Capital Goods,CAPITAL_GOODS,full,7667.5,1831.173406188437,-0.7611772538391344,LOW CONF,high,51.682950259765526,False,0.19911944869831547,104.13018329808372,20.734344691168964,24.9,-0.1835670035865667,LC_compounder_understated,,False
NEOGEN,Neogen Chemicals,nonfinancial,Chemical Manufacturing,CHEMICALS,full,2157.5,512.2734755487754,-0.7625615408812165,LOW CONF,medium,26.77036277964803,False,0.03522205206738132,198.11478260869566,6.978009188361409,47.0,-0.1369640787949015,LC_low_or_negative_roe,,False
RTNINDIA,Rattanindia Enterprises,nonfinancial,Electric Utilities,UTILITIES,full,31.8,7.531034804113248,-0.7631750061599608,LOW CONF,medium,17.183033602204464,False,-0.21646908792796074,,5.736223925462283,,,LC_low_or_negative_roe,,False
MMTC,MMTC Ltd.,nonfinancial,Services,MANUFACTURING,full,63.43,14.825532034170584,-0.7662693987991395,LOW CONF,high,44.42131612609737,False,0.1826643781357275,24.585715576436574,4.490934446791656,5.7,,LC_compounder_understated,,False
GVT&D,GE Vernova T&D India Ltd.,nonfinancial,Capital Goods,CAPITAL_GOODS,full,4344.7,1005.6961200945785,-0.7685234607465237,LOW CONF,high,55.39393992522404,False,0.45840782963918386,90.22320454084735,41.35902337666199,20.9,,LC_compounder_understated,,False
LAURUSLABS,Laurus Labs Ltd.,nonfinancial,Healthcare,PHARMA,full,1525.8,350.0169407322502,-0.7706010350424366,LOW CONF,high,39.63616379856556,False,0.16789432572461443,92.74655503736585,15.57162032127938,21.3,-0.2928299908244855,LC_compounder_understated,,False
NAM-INDIA,Nippon Life India Asset Management Ltd.,financial,Financial Services,NBFC,full,1186.7,270.9174255917559,-0.7717052114335924,LOW CONF,high,49.27477150390511,False,0.3279854222023807,50.24408263694843,16.479326656850837,11.5,-0.08569983989213789,LC_fee_financial,,False
LLOYDSENT,Lloyds Enterprises,nonfinancial,Investment Services,NBFC,full,77.33,17.256276216131706,-0.7768488786223754,LOW CONF,medium,29.64480374040465,False,0.09040962296534293,36.99980241903186,3.345138186496853,8.3,,LC_fee_financial,nonfin_type_fin_sector,False
PAGEIND,Page Industries Ltd.,nonfinancial,Textiles,TEXTILES,full,39810.0,8684.589199700196,-0.7818490530092892,LOW CONF,high,55.0027195647911,False,0.5083322241448157,58.37396245188657,29.67336616531346,12.7,0.03325797538306958,LC_compounder_understated,,False
FUSION,Fusion Finance,financial,Consumer Financial Services,NBFC,full,221.91,48.27557641483145,-0.7824542543606352,LOW CONF,medium,28.02191896680694,False,0.0056394115467460395,219.66686642599277,1.2387918629602637,47.8,-0.161822360416385,LC_low_or_negative_roe,implied_pe_gt_2x_sector_exit,False
ACUTAAS,Acutaas Chemicals Ltd.,nonfinancial,Healthcare,PHARMA,full,3558.0,759.7315478039404,-0.7864723024721921,LOW CONF,high,52.82522005834189,False,0.2155168243063451,82.06852428655611,17.68714772974673,17.5,-0.48538504777965147,LC_compounder_understated,,False
AEGISLOG,Aegis Logistics Ltd.,nonfinancial,Oil Gas & Consumable Fuels,ENERGY,full,1337.1,276.2003515105043,-0.7934332873304133,LOW CONF,high,39.324152646360965,False,0.18276240210602113,52.24528884993177,9.548474488936451,10.8,-0.4181437439234163,LC_compounder_understated,,False
CDSL,Central Depository Services (India) Ltd.,financial,Financial Services,NBFC,full,1408.6,286.1882716859617,-0.7968278633494521,LOW CONF,high,44.259528913282125,False,0.23220973782771534,64.56753977322668,14.99321148292155,13.1,,LC_fee_financial,,False
MAHSCOOTER,Maharashtra Scooters,nonfinancial,Misc. Capital Goods,CAPITAL_GOODS,full,13098.0,2654.2094259824194,-0.797357655673964,LOW CONF,medium,37.76662532191007,False,0.011238008322118605,48.07998454404946,0.5403232664333616,9.7,,LC_low_or_negative_roe,,False
HSCL,Himadri Speciality Chemical Ltd.,nonfinancial,Chemicals,CHEMICALS,full,740.2,149.97463731539756,-0.7973863316463151,LOW CONF,high,45.22058036479673,False,0.1604251829314931,49.280005827274294,7.905753949705526,10.0,-0.2569575790326939,LC_compounder_understated,,False
RHIM,RHI MAGNESITA INDIA LTD.,nonfinancial,Capital Goods,CAPITAL_GOODS,full,409.1,82.01900733314524,-0.7995135484401241,LOW CONF,medium,27.509146662343852,False,-0.107553820444045,,2.372709910264152,,0.32974822781715957,LC_low_or_negative_roe,,False
SHAILY,Shaily Engineering Plastics,nonfinancial,Chemicals - Plastics & Rubber,CHEMICALS,full,2760.6,516.552475577695,-0.8128839833450354,LOW CONF,medium,41.3406976364197,False,0.23708261822038038,74.90062974515921,17.757637406337647,14.0,0.273998406143592,LC_compounder_understated,,False
NAZARA,Nazara Technologies,nonfinancial,Software & Programming,IT_SERVICES,full,304.65,56.003607778150666,-0.8161706621429488,LOW CONF,medium,28.36495476204975,False,0.019294715113617716,142.37000895255147,2.7469887634626846,26.2,-0.025110782865583384,LC_low_or_negative_roe,,False
CPPLUS,Aditya Infotech Ltd.,nonfinancial,Capital Goods,CAPITAL_GOODS,full,3610.0,663.3887645807145,-0.8162357992851207,LOW CONF,high,43.32981486820832,False,0.1960508508892512,112.62854658115013,22.08092239165415,20.7,-0.47229916897506924,LC_compounder_understated,,False
PWL,Physicswallah Ltd.,nonfinancial,Consumer Services,CONSUMER,full,132.73,24.14737795307843,-0.8180714386116293,LOW CONF,medium,25.93728116634471,False,-0.005346883786575937,,8.871001749849016,,,LC_low_or_negative_roe,,False
MEESHO,Meesho Ltd.,nonfinancial,Consumer Services,CONSUMER,full,187.82,34.15203702593325,-0.8181661323291808,LOW CONF,medium,27.39744488710106,False,-0.309513333348532,,18.69220854601869,,,LC_low_or_negative_roe,,False
LXCHEM,Laxmi Organic Industries,nonfinancial,Chemical Manufacturing,CHEMICALS,full,171.76,30.1400336236508,-0.8245223939004961,LOW CONF,medium,27.20064450783705,False,0.039967767929089446,60.05972782258064,2.40045326349718,10.5,-0.0451793199813693,LC_low_or_negative_roe,,False
POCL,Pondy Oxides & Chemicals Ltd,nonfinancial,Metal Mining,METAL,full,1353.3,230.69731791698942,-0.8295298027658394,LOW CONF,medium,32.77561679583049,False,0.1672649323304456,30.787138848866302,5.149608696203655,5.2,0.4431389935712703,LC_compounder_understated,,False
DELHIVERY,Delhivery Ltd.,nonfinancial,Services,MANUFACTURING,full,491.25,79.64517188928039,-0.8378724236350527,LOW CONF,high,32.07514452663084,False,0.015746942281169737,245.625,3.867842697812317,39.8,0.01984732824427481,LC_low_or_negative_roe,,False
TURTLEMINT,Turtlemint Fintech Solutions,nonfinancial,Software & Programming,IT_SERVICES,full,135.7,21.687811060063726,-0.8401782530577471,LOW CONF,medium,22.649618054455214,False,-0.47290844418457345,,9.73961409150709,,,LC_low_or_negative_roe,,False
GVPIL,GE Power India Ltd,nonfinancial,Construction Services,CONSTRUCTION,full,788.95,124.13438997043227,-0.8426587363325531,LOW CONF,medium,39.94384395978298,False,0.5533525594808941,16.4471661237785,9.101081470800288,2.6,,LC_compounder_understated,,False
DIACABS,Diamond Power Infrastructure,nonfinancial,Electronic Instr. & Controls,MANUFACTURING,full,222.14,33.471750235939126,-0.8493213728462271,LOW CONF,low,13.157863026603152,False,,74.04198520579124,,11.2,,LC_data_thin,,False
SIGNATURE,Signatureglobal (India) Ltd.,nonfinancial,Realty,REALTY,full,808.25,120.04109786331834,-0.8514802377193711,LOW CONF,high,34.88702350710389,False,0.5918284592801649,10.381490718409704,6.1440616569077475,1.5,0.880606248066811,LC_compounder_understated,,False
RITES,RITES Ltd.,nonfinancial,Construction,CONSTRUCTION,full,217.77,31.13388682004626,-0.8570331688476546,LOW CONF,high,37.91690644211266,False,0.031183449954365686,127.63446585365854,3.980082978399757,18.2,0.28576020572163285,LC_low_or_negative_roe,,False
URBANCO,Urban Company Ltd.,nonfinancial,Consumer Services,CONSUMER,full,130.46,18.520168127225702,-0.8580394900565254,LOW CONF,medium,23.452457868046533,False,-0.10954053713629938,,9.102299226997701,,,LC_low_or_negative_roe,,False
ICICIAMC,ICICI Prudential Asset Management Company Ltd.,financial,Financial Services,NBFC,full,3155.0,440.81787595121085,-0.8602795955780632,LOW CONF,high,47.60071564357461,False,0.7907277814138479,47.28300679752354,37.38798706358168,6.6,,LC_compounder_understated,,False
AAVAS,Aavas Financiers Ltd.,financial,Financial Services,NBFC,full,1490.3,201.95482148474318,-0.8644871358218189,LOW CONF,high,31.921193132967623,False,0.02926694219778916,79.85188513513513,2.3370205066344996,10.8,0.1501040059048514,LC_low_or_negative_roe,,False
E2E,E2E Networks,nonfinancial,Computer Services,IT_SERVICES,full,404.75,54.12394175356067,-0.8662780932586519,LOW CONF,medium,29.245784991425644,False,-0.009240081896679624,,4.794403726892377,,,LC_low_or_negative_roe,,False
MAHLOG,Mahindra Logistics,nonfinancial,Trucking,LOGISTICS,full,384.95,51.2400125560015,-0.8668917715131796,LOW CONF,medium,23.35410289485523,False,0.009159161715385009,1539.8,14.103277209349836,205.0,0.13001688530978053,LC_low_or_negative_roe,implied_pe_gt_2x_sector_exit,False
CUPID,Cupid,nonfinancial,Personal & Household Prods.,CONSUMER,full,212.1,27.601519277361405,-0.8698655385320065,LOW CONF,medium,44.59539724347355,False,0.24007896896697056,268.4810126582278,64.45664470619552,34.9,,LC_compounder_understated,,False
GODIGIT,Go Digit General Insurance Ltd.,financial,Financial Services,INSURANCE,full,282.0,36.66077600345248,-0.8699972482147075,LOW CONF,high,30.44607912851462,False,0.11616814771184922,47.96098098649765,5.571538323644652,6.2,0.3546099290780142,LC_life_insurer_no_EV,,False
DBREALTY,Valor Estate,nonfinancial,Construction Services,CONSTRUCTION,full,114.68,14.361284414038854,-0.874770802109881,LOW CONF,medium,28.35264129888623,False,0.006601152085558361,229.36,1.5140402423436659,28.7,,LC_low_or_negative_roe,,False
POWERINDIA,Hitachi Energy India Ltd.,nonfinancial,Capital Goods,CAPITAL_GOODS,full,31935.0,3961.3321814377737,-0.8759564057793088,LOW CONF,high,43.225720980207306,False,0.19085155217582825,144.183369776482,27.517619919782998,17.9,0.027994363550962895,LC_compounder_understated,,False
NSIL,Nalwa Sons Investments,nonfinancial,Metal Mining,METAL,full,5381.5,645.0625217191264,-0.8801333231033863,LOW CONF,low,19.83087343000633,False,0.0037362296967320347,48.41356500264597,0.18088419928755262,5.8,,LC_data_thin,,False
HINDCOPPER,Hindustan Copper Ltd.,nonfinancial,Metals & Mining,METAL,full,481.7,57.22313296940241,-0.8812058688615271,LOW CONF,high,54.52600907851714,False,0.27546608660788285,50.70443703430148,13.967352843494833,6.0,0.48432634419763343,LC_compounder_understated,,False
ORCHPHARMA,Orchid Pharma,nonfinancial,Biotechnology & Drugs,IT_SERVICES,full,1041.1,122.78175874636332,-0.8820653551566965,LOW CONF,medium,27.59284947871854,False,0.016470076642930914,257.2071664309288,4.236221744228485,30.3,0.04024589376620891,LC_low_or_negative_roe,,False
KWIL,Kwality Walls (India) Ltd,nonfinancial,Food Processing,CONSUMER,full,32.55,3.6870481350657807,-0.8867266317952142,LOW CONF,medium,15.22152799361918,False,-1.097292472478429,,11.374583457304373,,,LC_low_or_negative_roe,,False
ETERNAL,Eternal Ltd.,nonfinancial,Consumer Services,CONSUMER,full,286.6,32.31749290394242,-0.8872383359946182,LOW CONF,high,32.78132878303505,False,0.011814073595868302,734.8705901639346,8.681815235635895,82.9,0.3363572923935798,LC_low_or_negative_roe,,False
CARTRADE,Cartrade Tech Ltd.,nonfinancial,Consumer Services,CONSUMER,full,2698.5,303.57120234748777,-0.8875037234213496,LOW CONF,high,35.32477962733649,False,0.012464315869888627,416.9617741935484,5.1971432592175635,46.9,0.1380396516583287,LC_low_or_negative_roe,,False
INDOTHAI,Indo Thai Securities,nonfinancial,Investment Services,NBFC,full,217.8,24.280342634015113,-0.8885200062717397,LOW CONF,medium,45.09554143327529,False,0.23307264144296483,41.314842805320446,9.629359543436905,4.6,,LC_fee_financial,nonfin_type_fin_sector,False
BHAGCHEM,Bhagiradha Chemicals & Industries Ltd,nonfinancial,Chemical Manufacturing,CHEMICALS,full,273.3,29.924486206519298,-0.8905068195882938,LOW CONF,medium,26.39129226989296,False,0.02601958987283767,195.2357732526142,5.079954748539352,21.4,,LC_low_or_negative_roe,,False
GMRAIRPORT,GMR Airports Ltd.,nonfinancial,Services,MANUFACTURING,full,110.53,12.06022741475939,-0.8908872938138117,LOW CONF,low,18.26111507345948,False,,850.2309492156904,,92.8,0.07663077897403418,LC_data_thin,implied_pe_gt_2x_sector_exit,False
PINELABS,Pine Labs Ltd.,financial,Financial Services,NBFC,full,151.43,16.22129607805332,-0.8928792440199874,LOW CONF,high,28.50458228802224,False,0.019084338493845214,148.4555061772287,2.833175131161361,15.9,0.38677937000594326,LC_low_or_negative_roe,,False
RTNPOWER,RattanIndia Power,nonfinancial,Electric Utilities,UTILITIES,full,8.71,0.850136099418791,-0.9023953961631699,LOW CONF,medium,23.34858994346474,False,0.011307304682699004,87.10000000000001,0.9848662378630834,8.5,,LC_low_or_negative_roe,,False
GUJALKALI,Gujarat Alkalies And Chemicals,nonfinancial,Chemical Manufacturing,CHEMICALS,full,581.0,51.70625385578714,-0.911004726582122,LOW CONF,medium,20.915224960782233,False,-0.000464274912394599,,0.8170660522569346,,,LC_low_or_negative_roe,,False
NIVABUPA,Niva Bupa Health Insurance Company Ltd.,financial,Financial Services,INSURANCE,full,86.04,7.003723644450277,-0.918599213802298,LOW CONF,high,32.498474859136564,False,0.034510329613493804,121.18495182749656,4.182132631762276,9.9,0.011157601115760038,LC_life_insurer_no_EV,,False
SPARC,Sun Pharma Advanced Research Company Ltd,nonfinancial,Biotechnology & Drugs,IT_SERVICES,full,235.2,18.960160522251858,-0.9193870726094734,LOW CONF,medium,34.077506177489084,False,1.160126081175961,4.913881019830028,5.700721530900346,0.4,7.673469387755103,LC_compounder_understated,,False
RPEL,Raghav Productivity Enhancers,nonfinancial,Iron & Steel,METAL,full,1303.0,101.03800718823291,-0.9224574004695065,LOW CONF,medium,44.78123311885865,False,0.2241125470309177,109.13813868613138,24.459226239162437,8.5,,LC_compounder_understated,,False
ATHERENERG,Ather Energy Ltd.,nonfinancial,Automobile and Auto Components,AUTO,full,1264.5,94.04290550413734,-0.9256283863154312,LOW CONF,medium,23.878996678801748,False,-0.2010277420383032,,18.17150736794642,,-0.3697113483590352,LC_low_or_negative_roe,,False
VIPIND,VIP Industries Ltd-$,nonfinancial,Apparel/Accessories,CONSUMER_DISC,full,298.0,21.165729382816295,-0.9289740624737709,LOW CONF,medium,14.55080778416641,False,-1.1675647668393783,,14.627219343696028,,0.13087248322147652,LC_low_or_negative_roe,,False
IDEAFORGE,ideaForge Technology,nonfinancial,Aerospace & Defense,DEFENCE,full,843.75,57.88052801682747,-0.93140085568376,LOW CONF,medium,20.23391201516463,False,-0.028428819444444448,,6.155160757211539,,-0.4074074074074074,LC_low_or_negative_roe,,False
SUVEN,Suven Life Sciences,nonfinancial,Biotechnology & Drugs,IT_SERVICES,full,325.9,22.111981216524224,-0.9321510241898613,LOW CONF,medium,21.714738339961766,False,-0.4672641190395671,,12.553266824484275,,-0.13777232279840435,LC_low_or_negative_roe,,False
BLUESTONE,BlueStone Jewellery and Lifestyle Ltd,nonfinancial,Jewelry & Silverware,CONSUMER_DISC,full,596.35,36.54139230449583,-0.9387249227727076,LOW CONF,medium,18.90449864698978,False,0.00731937579830066,567.844650986343,4.156268395623925,34.8,,LC_low_or_negative_roe,,False
NACLIND,NACL Industries,nonfinancial,Chemical Manufacturing,CHEMICALS,full,213.25,12.79209387961672,-0.9400136277626414,LOW CONF,medium,22.797355270722047,False,0.006691852632812043,1015.3873085339168,6.794822233936626,60.9,,LC_low_or_negative_roe,implied_pe_gt_2x_sector_exit,False
PAYTM,One 97 Communications Ltd.,financial,Financial Services,NBFC,full,1338.9,78.51307094599706,-0.9413600187123781,LOW CONF,high,30.468295646336053,False,0.03444402845376263,156.59308695652174,5.393696742792962,9.2,0.03443124953319882,LC_fee_financial,,False
APLAPOLLO,APL Apollo Tubes Ltd.,nonfinancial,Capital Goods,CAPITAL_GOODS,full,1793.8,104.53443865110707,-0.9417245854325415,LOW CONF,high,27.825938668658303,False,0.010196952244273656,922.4782592592592,9.40646675604736,53.8,0.21529713457464603,LC_low_or_negative_roe,,False
CANHLIFE,Canara HSBC Life Insurance Company Ltd.,financial,Financial Services,INSURANCE,full,149.65,8.132148705774982,-0.9456588793466422,LOW CONF,high,27.507047180348465,False,0.07886164176222539,112.52412921570178,8.873837567815032,6.1,,LC_life_insurer_no_EV,,False
GMDCLTD,Gujarat Mineral Development Corporation Ltd.,nonfinancial,Metals & Mining,METAL,full,582.0,30.571654437178758,-0.9474713841285589,LOW CONF,high,41.968624173303574,False,0.018107997227212926,144.590625,2.618246636580984,7.6,-0.5910652920962199,LC_low_or_negative_roe,,False
FACT,Fertilisers and Chemicals Travancore Ltd.,nonfinancial,Chemicals,CHEMICALS,full,836.85,41.73421467808318,-0.9501293963337717,LOW CONF,medium,18.942047880176705,False,-0.02932616471529182,,40.23335184732622,,,LC_low_or_negative_roe,,False
NTPCGREEN,NTPC Green Energy Ltd.,nonfinancial,Power,UTILITIES,full,92.0,4.2269093107924816,-0.9540553335783426,LOW CONF,high,29.168354195369325,False,0.027489837961022275,148.38760909178094,4.079151329356574,6.8,,LC_low_or_negative_roe,,False
SWANCORP,Swan Corp Ltd.,nonfinancial,Chemicals,CHEMICALS,full,310.55,12.522261762835456,-0.9596771477609549,LOW CONF,high,25.269035240651284,False,0.03599596624382995,35.899616632261875,1.2922413884613344,1.4,,LC_low_or_negative_roe,,False
POLICYBZR,PB Fintech Ltd.,financial,Financial Services,NBFC,full,1580.2,63.00392445964607,-0.960129145386884,LOW CONF,high,31.713559152187898,False,0.0916506081274216,108.3759748108576,9.932723997817224,4.3,0.23275534742437662,LC_fee_financial,,False
ZOTA,Zota Health Care,nonfinancial,Biotechnology & Drugs,IT_SERVICES,full,1351.1,51.750194442994186,-0.9616977318903159,LOW CONF,medium,17.275478808509344,False,-0.10682201617903646,,6.429263579864164,,0.3285471097624159,LC_low_or_negative_roe,,False
KIOCL,KIOCL,nonfinancial,Iron & Steel,METAL,full,369.4,12.076320021711606,-0.9673082836445274,LOW CONF,medium,25.043934736899153,False,0.009543666449721523,1368.1398913699454,13.057070779793,44.7,,LC_low_or_negative_roe,implied_pe_gt_2x_sector_exit,False
MFSL,Max Financial Services Ltd.,financial,Financial Services,NBFC,full,1556.2,49.724587951348596,-0.9680474309527383,LOW CONF,high,31.563903554993246,False,0.019773599480479156,651.1484105706626,12.875547872974883,20.8,0.3205243541961187,LC_fee_financial,,False
AEQUS,Aequs,nonfinancial,Aerospace & Defense,DEFENCE,full,229.19,7.2098509106241515,-0.9685420353827647,LOW CONF,medium,16.862626646263227,False,-0.0762130925872357,,9.340345511910607,,,LC_low_or_negative_roe,,False
STLTECH,Sterlite Technologies,nonfinancial,Misc. Fabricated Products,MANUFACTURING,full,520.4,15.300528344309992,-0.9705985235505188,LOW CONF,medium,19.223439720884,False,0.024691358024691357,468.82464285714286,11.575917107583773,13.8,0.051114527286702585,LC_low_or_negative_roe,,False
HEMIPROP,Hemisphere Properties India,nonfinancial,Real Estate Operations,REALTY,full,135.56,1.4706151618783267,-0.9891515553121988,LOW CONF,medium,20.775301907863533,False,-0.025869820848032098,,8.992324825344125,,,LC_low_or_negative_roe,,False
VOGL,Vedanta Oil and Gas Ltd,nonfinancial,Oil & Gas Operations,ENERGY,full,35.76,0.22654166496235828,-0.9936649422549675,LOW CONF,low,12.039866295690558,False,,,,,,LC_data_thin,,False
INDIACEM,India Cements Ltd.,nonfinancial,Construction Materials,CEMENT,full,407.2,2.3563888989250765,-0.9942131903268048,LOW CONF,medium,24.81955288515125,False,-0.006490344489034764,,1.2178671647437296,,0.07563850687622793,LC_low_or_negative_roe,,False
WESTLIFE,Westlife Foodworld,nonfinancial,Restaurants,CONSUMER_DISC,full,459.1,,,NO DATA,medium,20.240000000000002,False,0.05222180942996979,221.81076399628827,11.58335944693017,,0.16750163363101714,NODATA_no_intrinsic,,False
BAGMANE,Bagmane,nonfinancial,Unknown,MANUFACTURING,thin,104.43,,,NO DATA,low,27.17,False,,,,,,NODATA_no_intrinsic,,False
RATEGAIN,RateGain Travel Technologies Ltd,nonfinancial,Software & Programming,IT_SERVICES,thin,950.7,,,NO DATA,low,27.17,False,,,,,-0.18796676133375412,NODATA_no_intrinsic,,False
BAJAJHIND,Bajaj Hindusthan Sugar,nonfinancial,Food Processing,CONSUMER,full,17.42,,,LOW CONF,medium,20.240000000000002,False,0.033140718814292314,20.255974344762055,0.6712975500692783,,,LC_low_or_negative_roe,,False
ALOKINDS,Alok Industries,nonfinancial,Apparel/Accessories,CONSUMER_DISC,full,12.27,,,NO DATA,low,19.330000000000002,False,,,,,,NODATA_no_intrinsic,,False
AGARWALEYE,Agarwaleye,nonfinancial,Unknown,MANUFACTURING,thin,478.05,,,NO DATA,low,27.17,False,,,,,,NODATA_no_intrinsic,,False
AGL,Allcargo Global Ltd,nonfinancial,Unknown,MANUFACTURING,thin,12.59,,,NO DATA,low,27.17,False,,,,,,NODATA_no_intrinsic,,False
CCAVENUE,Ccavenue,nonfinancial,Unknown,MANUFACTURING,thin,17.1,,,NO DATA,low,28.159333333333333,False,,,,,,NODATA_no_intrinsic,,False
CMSINFO,CMS Info Systems Ltd,nonfinancial,Computer Services,IT_SERVICES,thin,275.65,,,NO DATA,low,27.17,False,,,,,0.6796662434246328,NODATA_no_intrinsic,,False
EQUITASBNK,Equitasbnk,nonfinancial,Unknown,MANUFACTURING,thin,77.1,,,NO DATA,low,24.02,False,,,,,,NODATA_no_intrinsic,,False
DBL,Dilip Buildcon,nonfinancial,Construction Services,CONSTRUCTION,full,404.0,,,NO DATA,low,26.923636341192335,False,0.2047675319331509,4.694718173886926,0.961325853588535,,0.3688118811881188,NODATA_no_intrinsic,,False
EDELWEISS,Edelweiss Financial Services,nonfinancial,Investment Services,NBFC,full,118.22,,,LOW CONF,medium,22.599125260862795,False,0.14718631573482843,16.534399376892104,2.4336373271729914,,,LC_fee_financial,nonfin_type_fin_sector,False
GMMPFAUDLR,GMM Pfaudler Ltd,nonfinancial,Misc. Capital Goods,CAPITAL_GOODS,thin,801.3,,,NO DATA,low,24.02,False,,,,,1.2463496817671285,NODATA_no_intrinsic,,False
HCG,HealthCare Global Enterprises Ltd,nonfinancial,Healthcare Facilities,PHARMA,thin,655.35,,,NO DATA,low,24.02,False,,,,,0.2207217517357137,NODATA_no_intrinsic,,False
HGINFRA,H.G. Infra Engineering Ltd,nonfinancial,Construction Services,CONSTRUCTION,thin,550.7,,,NO DATA,low,24.02,False,,,,,0.5507535863446521,NODATA_no_intrinsic,,False
IONEXCHANG,Ion Exchange India Ltd,nonfinancial,Water Utilities,UTILITIES,thin,435.25,,,NO DATA,low,26.60066666666667,False,,,,,,NODATA_no_intrinsic,,False
KITEX,Kitex Garments,nonfinancial,Apparel/Accessories,CONSUMER_DISC,partial,149.43,,,LOW CONF,low,21.344250000000002,False,-0.012827359855510135,,,,,LC_data_thin,,False
RAIN,Rain,nonfinancial,Unknown,MANUFACTURING,thin,205.42,,,NO DATA,low,24.02,False,,,,,6.861941388375037,NODATA_no_intrinsic,,False
RBA,Restaurant Brands Asia,nonfinancial,Restaurants,CONSUMER_DISC,full,67.0,,,LOW CONF,medium,18.490000000000002,False,-0.2830774777773155,,5.9454590839123025,,0.26865671641791045,LC_low_or_negative_roe,,False
RENUKA,Shree Renuka Sugars,nonfinancial,Food Processing,CONSUMER,full,22.37,,,NO DATA,low,19.624000000000002,False,,,,,,NODATA_no_intrinsic,,False
SAFARI,Safari Industries India Ltd,nonfinancial,Apparel/Accessories,CONSUMER_DISC,thin,1646.1,,,NO DATA,low,27.4892,False,,,,,0.4057469169552276,NODATA_no_intrinsic,,False
KSCL,Kaveri Seed Company,nonfinancial,Crops,MANUFACTURING,full,833.85,,,NO DATA,medium,32.072519040517314,False,0.16839331048850736,14.657134164892,2.468163344300368,,0.29639623433471246,NODATA_no_intrinsic,,False
TARC,Tarc,nonfinancial,Construction Services,CONSTRUCTION,full,118.38,,,LOW CONF,medium,20.240000000000002,False,0.017917502283234004,184.94153441933787,3.313690365223286,,1.3652644027707384,LC_low_or_negative_roe,,False
TI,Ti,nonfinancial,Unknown,MANUFACTURING,thin,442.25,,,NO DATA,low,27.17,False,,,,,,NODATA_no_intrinsic,,False
VGUARD,V-Guard Industries Ltd,nonfinancial,Electronic Instr. & Controls,MANUFACTURING,thin,300.15,,,NO DATA,low,27.17,False,,,,,0.3126769948359155,NODATA_no_intrinsic,,False
DBCORP,D. B. Corp Ltd,nonfinancial,Printing & Publishing,CONSUMER_DISC,thin,214.79,,,NO DATA,low,27.516266666666667,False,,,,,0.27566460263513204,NODATA_no_intrinsic,,False
DCAL,Dishman Carbogen Amcis,nonfinancial,Biotechnology & Drugs,IT_SERVICES,full,189.89,,,LOW CONF,medium,23.02145,False,0.014595096526831315,30.534389943560797,0.44565236861417723,,,LC_low_or_negative_roe,,False
DREDGECORP,Dredging Corporation of India,nonfinancial,Construction Services,CONSTRUCTION,full,1002.2,,,LOW CONF,medium,20.240000000000002,False,0.003860690047547446,189.8905263157895,0.7331084650709149,,,LC_low_or_negative_roe,,False
HEIDELBERG,HeidelbergCement India Ltd,nonfinancial,Construction - Raw Materials,CEMENT,thin,157.55,,,NO DATA,low,28.094,False,,,,,0.193271977150111,NODATA_no_intrinsic,,False
ISGEC,ISGEC Heavy Engineering Ltd,nonfinancial,Construction Services,CONSTRUCTION,thin,886.6,,,NO DATA,low,26.337466666666664,False,,,,,,NODATA_no_intrinsic,,False
INDIQUBE,Indiqube Spaces,nonfinancial,Real Estate Operations,REALTY,full,166.24,,,LOW CONF,medium,21.62845,False,-0.2065857212238951,,6.504271199611463,,,LC_low_or_negative_roe,,False
POLYPLEX,Polyplex Corporation Ltd,nonfinancial,Fabricated Plastic & Rubber,MANUFACTURING,thin,1070.5,,,NO DATA,low,26.7976,False,,,,,,NODATA_no_intrinsic,,False
JSWHL,JSW Holdings,nonfinancial,Investment Services,NBFC,full,10989.0,,,LOW CONF,medium,29.200000000000003,False,0.004442393979306593,83.17620184111831,0.3695014582805739,,,LC_fee_financial,nonfin_type_fin_sector,False
MAXESTATES,Max Estates,nonfinancial,Real Estate Operations,REALTY,full,416.1,,,LOW CONF,medium,20.240000000000002,False,0.006483738997479234,429.0948374760995,2.7821389313608003,,0.7207402066810862,LC_low_or_negative_roe,,False
RPSGVENT,RPSG Ventures,financial,Misc. Financial Services,NBFC,partial,890.05,,,LOW CONF,medium,23.740000000000002,False,0.0006624736606857799,,,,,LC_low_or_negative_roe,,False
ABFRL,Aditya Birla Fashion and Retail Ltd.,nonfinancial,Consumer Services,CONSUMER,full,57.82,,,LOW CONF,medium,19.93,False,-0.14212732871386832,,1.288088425191726,,0.262538913870633,LC_low_or_negative_roe,,False
ABREL,Aditya Birla Real Estate Ltd.,nonfinancial,Realty,REALTY,full,1438.9,,,LOW CONF,medium,18.490000000000002,False,-0.09135002512956587,,4.4518255413665075,,0.3183681979289734,LC_low_or_negative_roe,,False
ACMESOLAR,ACME Solar Holdings Ltd.,nonfinancial,Power,UTILITIES,full,387.25,,,LOW CONF,high,30.04,False,0.02214007551347184,209.32245535714284,4.634414968272481,,-0.08844415752098128,LC_low_or_negative_roe,,False
HINDPETRO,Hindustan Petroleum Corporation Ltd.,nonfinancial,Oil Gas & Consumable Fuels,ENERGY,full,400.0,,,LOW CONF,high,22.774,False,0.0021816839243459143,595.1888111888112,1.2985138613211853,,0.01,LC_low_or_negative_roe,,False
EMBDL,Embassy Developments,nonfinancial,Construction Services,CONSTRUCTION,full,63.42,,,LOW CONF,medium,20.240000000000002,False,-0.08859912869264373,,0.8738628466152476,,,LC_low_or_negative_roe,,False
JBMA,JBM Auto Ltd.,nonfinancial,Automobile and Auto Components,AUTO,full,670.0,,,LOW CONF,high,24.39835,False,0.03731605998732662,298.97169811320754,11.156445821305358,,,LC_low_or_negative_roe,,False
SHILCTECH,Shilchar Technologies,nonfinancial,Electronic Instr. & Controls,MANUFACTURING,full,4434.2,,,NO DATA,medium,35.5,False,0.32221656310481817,31.961229135053106,10.298437404502392,,,NODATA_no_intrinsic,,False
NSLNISP,NMDC Steel Ltd.,nonfinancial,Metals & Mining,METAL,full,42.75,,,LOW CONF,high,24.608933333333333,False,0.004457534995293474,213.75000000000003,0.9527981052439802,,,LC_low_or_negative_roe,,False
OLAELEC,Ola Electric Mobility Ltd.,nonfinancial,Automobile and Auto Components,AUTO,full,39.45,,,LOW CONF,medium,20.73,False,-0.5470008952551477,,5.187245299910475,,,LC_low_or_negative_roe,,False
SINDHUTRAD,Sindhu Trade Links,nonfinancial,Coal,ENERGY,full,24.45,,,LOW CONF,medium,23.383233333333333,False,0.03276836802802197,90.55524025069639,2.967347439400768,,,LC_low_or_negative_roe,,False
ONESOURCE,Onesource Specialty Pharma Ltd.,nonfinancial,Healthcare,PHARMA,full,1637.4,,,LOW CONF,medium,22.566666666666666,False,-0.012655861738997716,,3.217916447304113,,0.5457432514962745,LC_low_or_negative_roe,,False
RPOWER,Reliance Power Ltd.,nonfinancial,Power,UTILITIES,full,24.3,,,LOW CONF,medium,23.946849999999998,False,-0.020995148203613347,,0.6221721857772912,,,LC_low_or_negative_roe,,False
PHOENIXLTD,Phoenix Mills Ltd.,nonfinancial,Realty,REALTY,full,2063.6,,,LOW CONF,high,27.84,False,0.026568399981802465,252.72032876712325,6.714374778217551,,-0.02064353556890866,LC_low_or_negative_roe,,False
IDEA,Vodafone Idea Ltd.,nonfinancial,Telecommunication,TELECOM,full,13.75,,,NO DATA,low,22.12,False,,4.283487931234082,,,-0.2,NODATA_no_intrinsic,,False
WOCKPHARMA,Wockhardt Ltd.,nonfinancial,Healthcare,PHARMA,full,1867.7,,,NO DATA,high,24.0051,False,0.040283400809716596,142.56463819095478,5.742988461538462,,,NODATA_no_intrinsic,,False
TTML,Tata Teleservices (Maharashtra) Ltd.,nonfinancial,Telecommunication,TELECOM,full,40.22,,,NO DATA,low,29.130000000000003,False,,,,,,NODATA_no_intrinsic,,False
TEJASNET,Tejas Networks Ltd.,nonfinancial,Telecommunication,TELECOM,full,538.9,,,LOW CONF,medium,22.23185,False,-0.31010928495634404,,3.254504635142466,,,LC_low_or_negative_roe,,False
CHEMPLASTS,Chemplast Sanmar,nonfinancial,Chemicals - Plastics & Rubber,CHEMICALS,full,195.0,,,LOW CONF,medium,18.490000000000002,False,-0.15950371303351704,,1.7570370961399269,,,LC_low_or_negative_roe,,False
ITDC,India Tourism Development Corporation Ltd,nonfinancial,Hotels & Motels,CONSUMER_DISC,thin,730.65,,,NO DATA,low,28.544800000000002,False,,,,,,NODATA_no_intrinsic,,False
SUNCLAY,Sundaram-Clayton Ltd,nonfinancial,Misc. Fabricated Products,MANUFACTURING,full,1390.0,,,NO DATA,medium,24.22276980083372,False,0.19482785240080283,12.116649496790556,2.3606607997529725,,,NODATA_no_intrinsic,,False
SWANDEF,Swan Defence and Heavy Industries,nonfinancial,Water Transportation,LOGISTICS,full,2229.6,,,LOW CONF,low,18.490000000000002,False,-3.2439689833429064,,168.724755887421,,,LC_data_thin,,False
TVSHLTD,TVS Holdings,nonfinancial,Auto & Truck Parts,AUTO,full,13961.0,,,NO DATA,medium,26.54,False,0.5243321326439552,16.636955450874435,8.723290332259467,,,NODATA_no_intrinsic,,False
UEL,Ujaas Energy,nonfinancial,Semiconductors,MANUFACTURING,full,125.31,,,LOW CONF,medium,22.802,False,0.03563775797902335,1566.375,55.82209315439269,,,LC_low_or_negative_roe,,False
SIGMAADV,Sigmaadv,nonfinancial,Unknown,MANUFACTURING,thin,555.15,,,NO DATA,low,24.02,False,,,,,,NODATA_no_intrinsic,,False
VAML,Vedanta Aluminium Metal,nonfinancial,Metal Mining,METAL,full,445.05,,,NO DATA,low,22.27,False,,,,,,NODATA_no_intrinsic,,False
VISL,Vedanta Iron And Steel,nonfinancial,Iron & Steel,METAL,full,33.72,,,NO DATA,low,25.42,False,,,,,,NODATA_no_intrinsic,,False
NETWORK18,Network 18 Media & Investments Ltd,nonfinancial,Broadcasting & Cable TV,MANUFACTURING,full,30.0,,,LOW CONF,medium,20.240000000000002,False,0.03155677372654592,30.303479381443303,0.9562800419672559,,,LC_low_or_negative_roe,,False
