ticker,tier,archetype,price,eng_intrinsic,eng_mos,eng_verdict,eng_conf,my_lo,my_mid,my_hi,my_mos,my_verdict,my_conf,g,pe_star,pb_star,norm,class,cause,note
NATCOPHARM,A,PHARMA,957.5,1868.04841505668,0.972387725748791,BUY,high,884.7,1361.0,1837.4,0.421,ABSTAIN,low,0.1044,20.6,0.5,,Engine-should-have-abstained,engine-rich: exit-multiple/sector-P-E leg inflation (VAL-01 family),independent legs disagree beyond tolerance
GODFRYPHLP,A,CONSUMER,2106.0,4160.516194567794,0.9685432668880027,BUY,high,1805.0,2776.9,3748.8,0.319,BUY-zone,low,0.16,35.2,0.5,,Dir-agree-magnitude-off,engine-rich: thin-margin name on rich sector multiples (VAL-01/AWL-class),Δmos 0.65
AWL,A,CONSUMER,188.65,360.91354278931385,0.9120234307550004,BUY,high,104.8,161.2,217.6,-0.146,REDUCE,low,0.1153,22.8,0.84,,Disagree,engine-rich: thin-margin name on rich sector multiples (VAL-01/AWL-class),
KKCL,A,CONSUMER_DISC,504.7,934.3641383338686,0.8876043198664012,BUY,medium,287.5,442.3,597.2,-0.124,REDUCE,low,0.16,23.2,0.5,,Disagree,engine-rich: exit-multiple/sector-P-E leg inflation (VAL-01 family),
GENUSPOWER,A,MANUFACTURING,314.85,590.2122622908149,0.858350951797276,BUY,medium,143.8,221.2,298.6,-0.298,AVOID,low,0.12,14.9,0.5,,Disagree,engine-rich: exit-multiple/sector-P-E leg inflation (VAL-01 family),
COALINDIA,A,ENERGY,427.6,784.9363356588551,0.8354643649219108,BUY,high,327.7,575.0,822.2,0.345,BUY-zone,low,0.07,13.6,4.54,peak haircut x0.60,Dir-agree-magnitude-off,engine-rich: thin-margin name on rich sector multiples (VAL-01/AWL-class),Δmos 0.49
KPITTECH,A,IT_SERVICES,560.7,980.8888818045492,0.7708772013080868,BUY,high,291.4,448.3,605.1,-0.201,REDUCE,low,0.16,23.4,0.5,,Disagree,engine-rich: exit-multiple/sector-P-E leg inflation (VAL-01 family),
BLS,A,CONSUMER,235.65,413.76146720897964,0.7651939727345547,BUY,high,343.6,528.6,713.6,1.243,ABSTAIN,low,0.16,39.6,0.5,,Engine-should-have-abstained,engine-bearish: compounder growth/CAP caps (VAL-02),independent legs disagree beyond tolerance
SAMHI,A,CONSUMER_DISC,163.29,287.9994964372426,0.7443942849015301,BUY,medium,383.8,590.5,797.1,2.616,ABSTAIN,low,0.16,28.2,0.5,,Engine-should-have-abstained,engine-bearish: compounder growth/CAP caps (VAL-02),independent legs disagree beyond tolerance
CESC,A,UTILITIES,165.03,287.7305021345695,0.7427650038435465,BUY,high,78.5,120.8,163.1,-0.268,AVOID,low,0.1137,13.9,0.5,,Disagree,engine-rich: exit-multiple/sector-P-E leg inflation (VAL-01 family),
INFY,A,IT_SERVICES,1096.95,1801.6829799560028,0.6431217327460126,BUY,high,1417.4,1676.7,1936.0,0.529,BUY-zone,medium,0.0992,20.9,9.0,,Agree,,
WEBELSOLAR,A,MANUFACTURING,100.0,168.83330416239843,0.6188829625313877,BUY,medium,28.4,43.6,58.9,-0.564,ABSTAIN,low,0.12,16.9,0.5,,Engine-should-have-abstained,engine-rich: exit-multiple/sector-P-E leg inflation (VAL-01 family),independent legs disagree beyond tolerance
SONATSOFTW,A,IT_SERVICES,309.0,477.69260861552135,0.5537245360726016,BUY,high,208.7,321.0,433.4,0.039,HOLD,low,0.1346,23.5,0.5,,Adjacent,,Δmos 0.51
CHALET,A,CONSUMER,842.85,1308.4481907540794,0.5161624458332322,BUY,high,121.8,187.4,252.9,-0.778,ABSTAIN,low,0.16,34.3,0.5,,Engine-should-have-abstained,engine-rich: exit-multiple/sector-P-E leg inflation (VAL-01 family),independent legs disagree beyond tolerance
WIPRO,A,IT_SERVICES,174.8,266.8227108827139,0.51603813001542,BUY,high,93.8,110.3,126.9,-0.369,AVOID,high,0.0401,13.8,1.87,,Disagree,engine-rich: exit-multiple/sector-P-E leg inflation (VAL-01 family),
HCLTECH,A,IT_SERVICES,1203.85,1824.90283933901,0.51582593183737,BUY,high,702.6,1081.0,1459.3,-0.102,REDUCE,low,0.1108,20.3,0.5,,Disagree,engine-rich: thin-margin name on rich sector multiples (VAL-01/AWL-class),
TCS,A,IT_SERVICES,2092.75,3311.9267464745317,0.45964158064104527,BUY,high,2045.5,2406.5,2767.4,0.15,ACC-zone,high,0.08,20.7,9.0,,Dir-agree-magnitude-off,engine-rich: thin-margin name on rich sector multiples (VAL-01/AWL-class),Δmos 0.31
INDIAMART,A,CONSUMER,1930.0,2703.065330966778,0.4123336281763823,BUY,high,1463.1,2250.9,3038.7,0.166,BUY-zone,low,0.16,35.1,0.5,,Dir-agree-magnitude-off,threshold/judgment difference (<0.30 gap),Δmos 0.25
EMAMILTD,A,CONSUMER,419.7,575.9143323257451,0.39971887793351596,BUY,high,330.2,388.4,446.7,-0.075,HOLD,high,0.08,24.8,9.0,,Adjacent,,Δmos 0.47
LEMONTREE,A,CONSUMER,111.22,154.88796807183087,0.3866425073574831,BUY,high,54.2,83.3,112.5,-0.251,AVOID,low,0.16,35.7,0.5,,Disagree,engine-rich: exit-multiple/sector-P-E leg inflation (VAL-01 family),
HEXT,A,IT_SERVICES,564.45,784.6329965675818,0.37872605265784887,BUY,high,284.0,437.0,589.9,-0.226,REDUCE,low,0.1528,23.9,0.5,,Disagree,engine-rich: exit-multiple/sector-P-E leg inflation (VAL-01 family),
GPPL,A,LOGISTICS,155.5,207.50160186729732,0.37664434331120106,BUY,medium,68.0,104.7,141.3,-0.327,AVOID,low,0.1367,18.9,0.5,,Disagree,engine-rich: exit-multiple/sector-P-E leg inflation (VAL-01 family),
INDUSTOWER,A,TELECOM,403.75,554.2368593178103,0.3752775665454349,BUY,high,345.7,426.2,506.8,0.056,ACC-zone,medium,0.08,14.6,3.71,,Dir-agree-magnitude-off,engine-rich: thin-margin name on rich sector multiples (VAL-01/AWL-class),Δmos 0.32
LUPIN,A,PHARMA,2441.5,3314.9990236979265,0.35638257925447075,BUY,high,2175.0,3346.2,4517.3,0.371,BUY-zone,low,0.16,33.0,0.5,,Agree,,
ZENSARTECH,A,IT_SERVICES,521.15,686.8351785783981,0.3195680664330415,BUY,high,472.6,556.0,639.3,0.067,ACC-zone,high,0.0763,15.9,3.11,,Dir-agree-magnitude-off,threshold/judgment difference (<0.30 gap),Δmos 0.25
ZYDUSLIFE,A,PHARMA,1142.75,1522.0516169887624,0.31904984573079315,BUY,high,668.0,1027.6,1387.3,-0.101,REDUCE,low,0.1112,23.4,0.5,,Disagree,engine-rich: thin-margin name on rich sector multiples (VAL-01/AWL-class),
NMDC,A,METAL,83.15,103.7809998323412,0.2520328125508649,BUY,high,39.2,68.4,97.6,-0.177,REDUCE,low,0.07,10.3,2.59,peak haircut x0.60,Disagree,engine-rich: thin-margin name on rich sector multiples (VAL-01/AWL-class),
CRIZAC,A,MANUFACTURING,185.05,228.62390454718067,0.2241588377981403,BUY,medium,90.4,139.1,187.8,-0.248,REDUCE,low,0.12,16.4,0.5,,Disagree,engine-rich: exit-multiple/sector-P-E leg inflation (VAL-01 family),
GRINFRA,A,CONSTRUCTION,910.0,1717.8118325622806,0.9301256545643602,ACCUMULATE,medium,561.7,780.4,999.1,-0.142,REDUCE,medium,0.0576,7.8,0.6,trough uplift x1.23,Disagree,engine-rich: exit-multiple/sector-P-E leg inflation (VAL-01 family),
MASTEK,A,IT_SERVICES,1747.2,3323.9677538666406,0.877417539602734,ACCUMULATE,medium,1704.4,2005.2,2305.9,0.148,ACC-zone,high,0.081,15.1,2.3,,Dir-agree-magnitude-off,engine-rich: exit-multiple/sector-P-E leg inflation (VAL-01 family),Δmos 0.73
LGBBROSLTD,A,CAPITAL_GOODS,1552.4,2833.554312501883,0.829988576919325,ACCUMULATE,medium,1032.8,1215.1,1397.3,-0.217,REDUCE,high,0.0888,11.7,2.1,,Disagree,engine-rich: exit-multiple/sector-P-E leg inflation (VAL-01 family),
PNGJL,A,CONSUMER_DISC,570.2,1059.489855213925,0.7904349053044782,ACCUMULATE,medium,173.2,266.5,359.7,-0.533,ABSTAIN,low,0.1146,20.0,0.5,,Engine-should-have-abstained,engine-rich: thin-margin name on rich sector multiples (VAL-01/AWL-class),independent legs disagree beyond tolerance
REDINGTON,A,DISTRIBUTION,270.25,491.6733239626884,0.7882281286149788,ACCUMULATE,high,106.0,163.1,220.2,-0.396,AVOID,low,0.12,11.0,0.5,,Disagree,engine-rich: thin-margin name on rich sector multiples (VAL-01/AWL-class),
LTFOODS,A,CONSUMER,384.75,684.2106886511431,0.7822627992996695,ACCUMULATE,high,312.9,481.3,649.8,0.251,BUY-zone,low,0.0828,21.3,6.73,,Dir-agree-magnitude-off,engine-rich: exit-multiple/sector-P-E leg inflation (VAL-01 family),Δmos 0.53
PATELENG,A,CONSTRUCTION,30.1,52.12005114811378,0.7746016734121137,ACCUMULATE,medium,17.6,22.9,28.1,-0.24,REDUCE,high,0.0366,6.1,0.5,trough uplift x1.30,Disagree,engine-rich: exit-multiple/sector-P-E leg inflation (VAL-01 family),
JUSTDIAL,A,IT_SERVICES,760.2,1358.9307675744571,0.758337022157543,ACCUMULATE,medium,570.3,684.7,799.1,-0.099,HOLD,medium,0.0582,12.5,0.84,,Adjacent,,Δmos 0.86
COROMANDEL,A,CHEMICALS,2073.0,3545.008372198619,0.742875305899026,ACCUMULATE,high,731.7,1283.6,1835.6,-0.381,AVOID,low,0.1,14.0,7.94,peak haircut x0.79,Disagree,engine-rich: exit-multiple/sector-P-E leg inflation (VAL-01 family),
BPCL,A,ENERGY,309.8,531.9284768671884,0.7048989643179114,ACCUMULATE,medium,215.3,377.7,540.1,0.219,BUY-zone,low,0.07,13.4,4.24,peak haircut x0.60,Dir-agree-magnitude-off,engine-rich: exit-multiple/sector-P-E leg inflation (VAL-01 family),Δmos 0.49
BALMLAWRIE,A,MANUFACTURING,179.12,301.1583128107336,0.7018439919232233,ACCUMULATE,medium,119.4,140.5,161.5,-0.216,REDUCE,high,0.0594,9.8,0.75,,Disagree,engine-rich: exit-multiple/sector-P-E leg inflation (VAL-01 family),
SBIN,A,BANK,1044.1,1758.0759052543901,0.68349698865689,ACCUMULATE,high,1351.5,2079.2,2806.9,0.991,ABSTAIN,low,0.1,12.3,4.18,,Engine-should-have-abstained,engine-bearish: terminal-ROE cap forbids premium book multiples (VAL-02-fin),independent legs disagree beyond tolerance
KNRCON,A,CONSTRUCTION,123.93,202.8222452335128,0.6571798777147871,ACCUMULATE,medium,90.3,127.1,163.8,0.025,HOLD,medium,0.0504,7.2,0.5,trough uplift x1.30,Adjacent,,Δmos 0.63
PNB,A,BANK,105.4,170.71497949319058,0.6224575127655444,ACCUMULATE,high,191.5,294.6,397.7,1.795,ABSTAIN,low,0.1033,11.8,3.78,,Engine-should-have-abstained,engine-bearish: terminal-ROE cap forbids premium book multiples (VAL-02-fin),independent legs disagree beyond tolerance
BANKINDIA,A,BANK,147.19,231.23117863934678,0.6201736171478894,ACCUMULATE,high,195.4,229.9,264.4,0.562,BUY-zone,high,0.0518,10.9,1.1,,Agree,,
JKIL,A,CONSTRUCTION,497.5,796.3763270361305,0.5957846448975664,ACCUMULATE,medium,324.1,420.9,517.7,-0.154,REDUCE,high,0.069,8.6,0.87,,Disagree,engine-rich: exit-multiple/sector-P-E leg inflation (VAL-01 family),
KRISHANA,A,CHEMICALS,145.95,221.45810590203425,0.5773369366241755,ACCUMULATE,medium,52.9,92.7,132.6,-0.365,AVOID,low,0.1,15.6,9.0,peak haircut x0.60,Disagree,engine-rich: exit-multiple/sector-P-E leg inflation (VAL-01 family),
RAYMOND,A,REALTY,683.3,944.3358457837053,0.5595967725577297,ACCUMULATE,medium,300.4,527.0,753.7,-0.229,REDUCE,low,0.1,11.2,3.85,peak haircut x0.67,Disagree,engine-rich: thin-margin name on rich sector multiples (VAL-01/AWL-class),
KPIGREEN,A,UTILITIES,411.3,634.4010649677265,0.5465652485805131,ACCUMULATE,medium,174.0,267.7,361.3,-0.349,AVOID,low,0.1008,15.5,0.5,,Disagree,engine-rich: exit-multiple/sector-P-E leg inflation (VAL-01 family),
J&KBANK,A,BANK,184.0,276.488185819577,0.5290796693926391,ACCUMULATE,high,220.1,258.9,297.7,0.407,BUY-zone,high,0.0644,12.0,1.74,,Agree,,
INDIANB,A,BANK,859.2,1268.23986007744,0.5280918851466232,ACCUMULATE,high,910.6,1071.3,1232.0,0.247,BUY-zone,high,0.0657,12.1,1.83,,Dir-agree-magnitude-off,threshold/judgment difference (<0.30 gap),Δmos 0.28
BSOFT,A,IT_SERVICES,291.8,435.4077004258201,0.5118322931452087,ACCUMULATE,high,225.2,265.0,304.7,-0.092,HOLD,high,0.0756,14.4,1.74,,Adjacent,,Δmos 0.60
EIDPARRY,A,CONSUMER,762.0,1124.7108215265202,0.5038251390914832,ACCUMULATE,high,330.9,444.2,557.4,-0.417,AVOID,medium,0.0408,14.7,0.54,,Disagree,engine-rich: exit-multiple/sector-P-E leg inflation (VAL-01 family),
DDEVPLSTIK,A,MANUFACTURING,288.65,424.4457916383201,0.4921630924180703,ACCUMULATE,medium,124.7,191.8,259.0,-0.335,AVOID,low,0.1194,13.8,0.5,,Disagree,engine-rich: exit-multiple/sector-P-E leg inflation (VAL-01 family),
RAYMONDREL,A,REALTY,683.3,1012.9833605535109,0.4908872772882638,ACCUMULATE,medium,300.4,527.0,753.7,-0.229,REDUCE,low,0.1,11.2,3.85,peak haircut x0.67,Disagree,engine-rich: thin-margin name on rich sector multiples (VAL-01/AWL-class),
WEWORK,A,REALTY,679.0,1007.2480661817095,0.4857261836148823,ACCUMULATE,medium,68.9,120.9,172.8,-0.822,ABSTAIN,low,0.1,14.3,9.0,peak haircut x0.60,Engine-should-have-abstained,engine-rich: thin-margin name on rich sector multiples (VAL-01/AWL-class),independent legs disagree beyond tolerance
SHAKTIPUMP,A,CAPITAL_GOODS,544.3,782.8146718239414,0.43202171741322853,ACCUMULATE,medium,223.0,262.4,301.7,-0.518,AVOID,high,0.0906,11.8,2.29,,Disagree,engine-rich: exit-multiple/sector-P-E leg inflation (VAL-01 family),
EIEL,A,UTILITIES,227.1,313.4118688191626,0.4281047517504901,ACCUMULATE,medium,113.2,174.2,235.1,-0.233,REDUCE,low,0.12,18.9,0.5,,Disagree,engine-rich: exit-multiple/sector-P-E leg inflation (VAL-01 family),
JKTYRE,A,AUTO,412.65,569.1655770628345,0.40638887339469854,ACCUMULATE,high,95.2,156.4,217.5,-0.621,AVOID,medium,0.0906,9.6,0.65,trough uplift x1.30,Disagree,engine-rich: thin-margin name on rich sector multiples (VAL-01/AWL-class),
M&M,A,AUTO,3179.2,4444.855261526245,0.398104951411124,ACCUMULATE,high,1636.4,2870.9,4105.4,-0.097,HOLD,low,0.1,13.1,5.88,,Adjacent,,Δmos 0.50
CANFINHOME,A,NBFC,865.0,1223.7770644610082,0.3782825368408697,ACCUMULATE,high,1042.9,1228.1,1413.2,0.42,BUY-zone,medium,0.0819,12.3,3.07,,Agree,,
AGI,A,MANUFACTURING,697.25,953.4616589297832,0.3707039375068763,ACCUMULATE,medium,290.3,446.6,603.0,-0.359,AVOID,low,0.12,13.0,0.5,,Disagree,engine-rich: exit-multiple/sector-P-E leg inflation (VAL-01 family),
JYOTHYLAB,A,CONSUMER,200.89,268.3517656583689,0.340284515324987,ACCUMULATE,medium,144.1,221.7,299.4,0.104,ACC-zone,low,0.126,30.0,0.5,,Dir-agree-magnitude-off,threshold/judgment difference (<0.30 gap),Δmos 0.24
VADILALIND,A,CONSUMER,6829.0,8867.814931263578,0.3266235217688051,ACCUMULATE,medium,3023.7,4651.8,6279.9,-0.319,AVOID,low,0.1092,26.3,0.5,,Disagree,engine-rich: exit-multiple/sector-P-E leg inflation (VAL-01 family),
ACC,A,CEMENT,1379.0,1804.398710370968,0.32539937591521073,ACCUMULATE,high,850.0,1143.4,1436.9,-0.171,REDUCE,medium,0.0624,9.3,0.8,trough uplift x1.22,Disagree,engine-rich: thin-margin name on rich sector multiples (VAL-01/AWL-class),
ABLBL,A,CONSUMER,94.53,125.24440448579446,0.3232372370395611,ACCUMULATE,high,62.3,95.9,129.4,0.014,HOLD,low,0.1453,34.7,0.5,,Adjacent,,Δmos 0.31
FSL,A,MANUFACTURING,240.65,347.03464531894133,0.3156215229317665,ACCUMULATE,high,67.8,98.7,129.6,-0.59,AVOID,medium,0.0911,12.3,3.4,,Disagree,engine-rich: exit-multiple/sector-P-E leg inflation (VAL-01 family),
CYIENT,A,IT_SERVICES,847.15,1107.716819829874,0.30966755714101935,ACCUMULATE,high,325.0,409.5,494.0,-0.517,AVOID,medium,0.0486,11.5,0.58,,Disagree,engine-rich: exit-multiple/sector-P-E leg inflation (VAL-01 family),
SHARDAMOTR,A,MANUFACTURING,862.4,1140.6665491590256,0.30190783445645797,ACCUMULATE,medium,408.9,629.1,849.2,-0.271,AVOID,low,0.12,15.1,0.5,,Disagree,engine-rich: exit-multiple/sector-P-E leg inflation (VAL-01 family),
DRREDDY,A,PHARMA,1374.55,1548.720229627534,0.2786659755841595,ACCUMULATE,high,1086.1,1670.8,2255.6,0.216,BUY-zone,low,0.1526,27.6,0.5,,Agree,,
CCL,A,CONSUMER,1201.5,1507.0199593174752,0.2742199706751291,ACCUMULATE,high,380.2,584.9,789.6,-0.513,ABSTAIN,low,0.0996,24.4,0.5,,Engine-should-have-abstained,engine-rich: exit-multiple/sector-P-E leg inflation (VAL-01 family),independent legs disagree beyond tolerance
INDRAMEDCO,A,PHARMA,373.8,467.17474867099037,0.2592311284932355,ACCUMULATE,medium,334.1,514.0,693.8,0.375,BUY-zone,low,0.1488,31.6,0.5,,Agree,,
TANLA,A,TELECOM,584.55,733.732878178333,0.25520978218857754,ACCUMULATE,medium,402.3,619.0,835.6,0.059,ACC-zone,low,0.1228,19.7,0.5,,Agree,,
AURIONPRO,A,IT_SERVICES,839.3,1055.743569551564,0.2516966856975089,ACCUMULATE,medium,461.9,543.4,624.9,-0.353,AVOID,high,0.0744,14.3,1.65,,Disagree,engine-rich: exit-multiple/sector-P-E leg inflation (VAL-01 family),
SHARDACROP,A,CHEMICALS,889.75,1104.8184853648202,0.2288048997495497,ACCUMULATE,medium,866.0,1519.3,2172.6,0.708,ABSTAIN,low,0.1,14.0,8.07,peak haircut x0.78,Engine-should-have-abstained,engine-bearish: trough extrapolation + AVOID asymmetry (VAL-10),independent legs disagree beyond tolerance
LTM,A,IT_SERVICES,4073.25,4954.654657342828,0.22026812239066756,ACCUMULATE,high,2069.4,3183.6,4297.9,-0.218,REDUCE,low,0.1244,21.2,0.5,,Disagree,engine-rich: thin-margin name on rich sector multiples (VAL-01/AWL-class),
AIIL,A,NBFC,522.5,637.7492367267894,0.19990449054899223,ACCUMULATE,high,201.9,310.6,419.3,-0.406,ABSTAIN,low,0.12,14.2,0.5,,Engine-should-have-abstained,engine-rich: lender RI above my justified-P/B (review forecast ROE),independent legs disagree beyond tolerance
NH,A,PHARMA,2039.95,2443.2587363069265,0.199852053384534,ACCUMULATE,high,740.5,1139.2,1538.0,-0.442,ABSTAIN,low,0.16,32.7,0.5,,Engine-should-have-abstained,engine-rich: exit-multiple/sector-P-E leg inflation (VAL-01 family),independent legs disagree beyond tolerance
MANYAVAR,A,CONSUMER_DISC,405.0,480.20172166738,0.19975445763242977,ACCUMULATE,medium,168.7,259.6,350.5,-0.359,AVOID,low,0.1147,20.0,0.5,,Disagree,engine-rich: thin-margin name on rich sector multiples (VAL-01/AWL-class),
BAJAJHLDNG,A,NBFC,10398.0,12290.008841732979,0.1809367581178994,ACCUMULATE,medium,7691.3,9048.6,10405.9,-0.13,REDUCE,high,0.0603,10.9,1.36,,Disagree,engine-rich: lender RI above my justified-P/B (review forecast ROE),
KARURVYSYA,A,BANK,304.25,357.0720807961948,0.17477243229542636,ACCUMULATE,high,355.6,428.6,501.7,0.409,BUY-zone,medium,0.0801,13.1,3.33,,Dir-agree-magnitude-off,threshold/judgment difference (<0.30 gap),Δmos 0.23
WELCORP,A,CAPITAL_GOODS,1614.5,1839.6839050205017,0.15732505348546919,ACCUMULATE,high,724.1,1114.0,1503.9,-0.31,AVOID,low,0.1062,13.5,6.56,,Disagree,engine-rich: exit-multiple/sector-P-E leg inflation (VAL-01 family),
MPSLTD,A,IT_SERVICES,2062.8,2438.236795608515,0.15556246237370377,ACCUMULATE,medium,1515.6,2331.8,3147.9,0.13,ACC-zone,low,0.16,28.2,0.5,,Agree,,
MUTHOOTFIN,A,NBFC,2991.05,3420.940335008835,0.14179778211970068,ACCUMULATE,high,3560.4,4188.7,4817.0,0.4,BUY-zone,high,0.106,13.8,4.5,,Dir-agree-magnitude-off,threshold/judgment difference (<0.30 gap),Δmos 0.26
EIHOTEL,A,CONSUMER,332.0,379.90856620698037,0.13422470878334194,ACCUMULATE,high,165.2,254.1,343.1,-0.235,REDUCE,low,0.1329,27.6,0.5,,Disagree,engine-rich: exit-multiple/sector-P-E leg inflation (VAL-01 family),
GOLDIAM,A,CONSUMER_DISC,345.4,384.05090675051247,0.12197168200558707,ACCUMULATE,medium,157.4,242.2,326.9,-0.299,AVOID,low,0.0925,16.7,6.52,,Disagree,engine-rich: thin-margin name on rich sector multiples (VAL-01/AWL-class),
MPHASIS,A,IT_SERVICES,2423.5,2675.737384039489,0.11988339013078672,ACCUMULATE,high,1574.6,2422.5,3270.4,-0.0,HOLD,low,0.1038,18.1,9.0,,Adjacent,,Δmos 0.12
ECLERX,A,MANUFACTURING,1491.25,2077.130256970171,0.11751775809445907,ACCUMULATE,high,238.8,367.4,496.0,-0.754,ABSTAIN,low,0.12,15.1,0.5,,Engine-should-have-abstained,engine-rich: exit-multiple/sector-P-E leg inflation (VAL-01 family),independent legs disagree beyond tolerance
MGL,A,ENERGY,1125.0,1217.5970041624298,0.10610192965337015,ACCUMULATE,high,798.7,1037.2,1275.8,-0.078,HOLD,high,0.07,10.8,1.45,,Adjacent,,Δmos 0.18
LTTS,A,IT_SERVICES,3364.5,3712.713251550366,0.10228408394702394,ACCUMULATE,high,1215.7,1870.4,2525.0,-0.444,ABSTAIN,low,0.114,19.6,0.5,,Engine-should-have-abstained,engine-rich: exit-multiple/sector-P-E leg inflation (VAL-01 family),independent legs disagree beyond tolerance
WAAREEENER,A,CAPITAL_GOODS,2839.85,3102.600102828596,0.10142358721594513,ACCUMULATE,high,1672.5,2573.0,3473.6,-0.094,HOLD,low,0.16,23.0,0.5,,Adjacent,,Δmos 0.20
PETRONET,A,ENERGY,275.7,296.0420485391385,0.08321276450471447,ACCUMULATE,high,204.7,281.0,357.2,0.019,HOLD,medium,0.07,12.3,2.7,peak haircut x0.76,Adjacent,,Δmos 0.06
PREMIERENE,A,CAPITAL_GOODS,1085.55,1160.5258456323124,0.07575625290351547,ACCUMULATE,high,446.7,687.2,927.7,-0.367,AVOID,low,0.16,25.5,0.5,,Disagree,engine-rich: thin-margin name on rich sector multiples (VAL-01/AWL-class),
WAAREERTL,A,UTILITIES,1016.0,1070.960271180081,0.07526131644586447,ACCUMULATE,medium,421.3,648.1,875.0,-0.362,AVOID,low,0.12,21.2,0.5,,Disagree,engine-rich: exit-multiple/sector-P-E leg inflation (VAL-01 family),
SANOFI,A,IT_SERVICES,3387.2,3632.423790042866,0.06588332698813522,ACCUMULATE,medium,1962.0,3018.5,4074.9,-0.109,REDUCE,low,0.16,35.9,0.5,,Disagree,threshold/judgment difference (<0.30 gap),
GILLETTE,A,CONSUMER,7622.5,8273.864344865404,0.060140219727772934,ACCUMULATE,high,5149.7,7922.7,10695.6,0.039,HOLD,low,0.16,50.4,0.5,,Adjacent,,Δmos 0.02
PGHL,A,IT_SERVICES,6863.0,7151.86656519394,0.05213189631393012,ACCUMULATE,medium,3701.6,5694.8,7688.0,-0.17,REDUCE,low,0.16,35.9,0.5,,Disagree,threshold/judgment difference (<0.30 gap),
RPTECH,B,IT_SERVICES,751.25,1186.537559245959,0.6037542194309103,HOLD,medium,563.3,662.7,762.1,-0.118,REDUCE,high,0.0834,15.4,2.64,,Adjacent,,Δmos 0.72
PNCINFRA,B,CONSTRUCTION,247.08,386.38009718157883,0.5753255480962972,HOLD,medium,216.2,280.8,345.4,0.136,ACC-zone,high,0.0732,8.9,1.0,,Adjacent,,Δmos 0.44
NFL,B,CHEMICALS,72.16,113.34922153973869,0.5621447290482179,HOLD,medium,28.2,39.9,51.6,-0.447,AVOID,medium,0.0444,8.2,0.5,trough uplift x1.30,Adjacent,,Δmos 1.01
RCF,B,CHEMICALS,127.27,199.03807941022814,0.5570529563500598,HOLD,medium,47.7,73.2,98.7,-0.425,AVOID,medium,0.0498,8.6,0.51,trough uplift x1.30,Adjacent,,Δmos 0.98
STYRENIX,B,CHEMICALS,2235.4,3448.06211027048,0.5424810370718797,HOLD,medium,914.8,1188.1,1461.3,-0.469,AVOID,high,0.0803,11.1,1.57,,Adjacent,,Δmos 1.01
GSFC,B,CHEMICALS,159.4,242.1278841577912,0.5265612770808346,HOLD,medium,123.5,160.4,197.3,0.006,HOLD,high,0.036,7.5,0.5,trough uplift x1.30,Dir-agree-magnitude-off,engine-rich: exit-multiple/sector-P-E leg inflation (VAL-01 family),Δmos 0.52
NCC,B,CONSTRUCTION,139.79,212.99135411588898,0.5224542824581055,HOLD,high,62.8,89.3,115.7,-0.361,AVOID,medium,0.0552,7.6,0.55,trough uplift x1.26,Adjacent,,Δmos 0.88
THOMASCOOK,B,MANUFACTURING,103.35,155.88802110817926,0.513475933089119,HOLD,medium,33.9,39.9,45.9,-0.614,AVOID,high,0.1032,10.5,1.02,,Adjacent,,Δmos 1.13
GODREJAGRO,B,CONSUMER,572.25,854.4402896222964,0.5035021812815352,HOLD,medium,406.2,625.0,843.7,0.092,ACC-zone,low,0.1314,31.2,0.5,,Adjacent,,Δmos 0.41
SOUTHBANK,B,BANK,45.98,66.26723787769352,0.48581250846846447,HOLD,medium,51.6,60.7,69.8,0.32,BUY-zone,high,0.0576,11.4,1.36,,Adjacent,,Δmos 0.17
SIS,B,MANUFACTURING,,630.1289119184811,0.46507535902925146,HOLD,medium,,,,,ABSTAIN,,,,,,Engine-should-have-abstained,uncomparable,near-zero/negative returns — no defensible capitalization
TMB,B,BANK,809.3,1144.0762749359803,0.4381851350546579,HOLD,medium,803.5,945.3,1087.1,0.168,BUY-zone,high,0.0594,11.6,1.45,,Adjacent,,Δmos 0.27
PGIL,B,CONSUMER_DISC,2015.55,2888.9106418109745,0.41523080478664315,HOLD,medium,914.6,1407.0,1899.5,-0.302,AVOID,low,0.16,26.6,0.5,,Adjacent,,Δmos 0.72
TRANSRAILL,B,CONSTRUCTION,498.1,683.4780353155544,0.3634112015071901,HOLD,medium,215.9,378.8,541.7,-0.24,REDUCE,low,0.1,11.2,3.5,peak haircut x0.79,Adjacent,,Δmos 0.60
JKLAKSHMI,B,CEMENT,571.6,766.6227494289733,0.34189173714156024,HOLD,medium,250.9,336.4,421.9,-0.412,AVOID,medium,0.0636,9.4,0.83,trough uplift x1.21,Adjacent,,Δmos 0.75
PARAGMILK,B,CONSUMER,225.35,295.6760674217153,0.31874611936004316,HOLD,medium,164.5,193.6,222.6,-0.141,REDUCE,high,0.0642,18.2,1.6,,Adjacent,,Δmos 0.46
GNFC,B,CHEMICALS,507.4,659.0809283593626,0.312910215855304,HOLD,medium,349.4,532.2,714.9,0.049,HOLD,medium,0.0522,8.8,0.56,trough uplift x1.30,Dir-agree-magnitude-off,threshold/judgment difference (<0.30 gap),Δmos 0.26
BIRLACORPN,B,CEMENT,1021.4,1328.4546203119583,0.3064410879795036,HOLD,medium,465.1,649.5,834.0,-0.364,AVOID,medium,0.0456,7.9,0.5,trough uplift x1.30,Adjacent,,Δmos 0.67
PACEDIGITK,B,CONSTRUCTION,204.75,258.30787290699743,0.3016925665541092,HOLD,medium,105.0,136.4,167.8,-0.334,AVOID,high,0.0834,9.7,1.44,,Adjacent,,Δmos 0.64
AUTOAXLES,B,AUTO,1866.2,2309.1601791337916,0.27995132150867014,HOLD,medium,1060.4,1377.1,1693.8,-0.262,AVOID,high,0.09,11.4,2.22,,Adjacent,,Δmos 0.54
ROSSARI,B,CHEMICALS,521.45,678.1267713007892,0.2796051916233402,HOLD,medium,220.4,300.5,380.6,-0.424,AVOID,medium,0.0672,10.0,0.95,trough uplift x1.26,Adjacent,,Δmos 0.70
GAEL,B,CONSUMER,144.43,186.88770330348711,0.2781268178326297,HOLD,medium,85.1,103.8,122.5,-0.282,AVOID,medium,0.0552,16.8,1.03,,Adjacent,,Δmos 0.56
DALMIASUG,B,CONSUMER,362.6,469.50341234747674,0.2768654129656697,HOLD,medium,306.6,402.3,497.9,0.109,ACC-zone,medium,0.0438,15.1,0.62,,Adjacent,,Δmos 0.17
GALAXYSURF,B,CHEMICALS,1954.9,2427.9017054834876,0.26315056733962217,HOLD,medium,527.0,778.3,1029.6,-0.602,AVOID,medium,0.0582,9.3,0.69,trough uplift x1.30,Adjacent,,Δmos 0.87
DEEPAKFERT,B,CHEMICALS,1581.0,1996.299308095029,0.2562452382449368,HOLD,high,459.3,644.9,830.5,-0.592,AVOID,medium,0.0648,9.8,0.87,trough uplift x1.29,Adjacent,,Δmos 0.85
UFLEX,B,MANUFACTURING,454.55,545.1137866557106,0.2506912622592877,HOLD,medium,208.5,320.8,433.1,-0.294,AVOID,low,0.0547,7.5,0.5,,Adjacent,,Δmos 0.54
MRPL,B,ENERGY,171.71,216.11488992030817,0.2397595796254485,HOLD,high,94.5,122.7,150.9,-0.285,AVOID,high,0.07,11.0,1.57,,Adjacent,,Δmos 0.52
WSTCSTPAPR,B,PAPER,539.4,634.5483865724551,0.2236975924644782,HOLD,medium,323.8,427.3,530.9,-0.208,REDUCE,medium,0.0582,5.9,0.5,trough uplift x1.30,Adjacent,,Δmos 0.43
ICICIPRULI,B,INSURANCE,497.3,614.2,0.22058823529411775,HOLD,medium,133.2,170.7,208.2,-0.657,AVOID,medium,0.1,11.7,2.14,,Adjacent,,Δmos 0.88
KTKBANK,B,BANK,275.7,329.4826065619326,0.2191770825603426,HOLD,medium,270.6,318.3,366.1,0.155,BUY-zone,high,0.0446,10.3,0.84,,Adjacent,,Δmos 0.06
CMRGREEN,B,METAL,215.5,263.35650875691124,0.21502426185426177,HOLD,medium,67.8,88.0,108.3,-0.591,AVOID,high,0.07,9.0,1.39,,Adjacent,,Δmos 0.81
VIKRAMSOLR,B,MANUFACTURING,193.65,232.75375617917544,0.21087168962218,HOLD,medium,151.6,183.7,215.7,-0.052,HOLD,medium,0.0891,11.9,2.59,,Dir-agree-magnitude-off,threshold/judgment difference (<0.30 gap),Δmos 0.26
SAMBHV,B,MANUFACTURING,119.28,143.17932306946255,0.2061268896425117,HOLD,medium,51.0,60.0,69.0,-0.497,AVOID,high,0.081,11.3,1.74,,Adjacent,,Δmos 0.70
CSBBANK,B,BANK,362.7,438.3026055710819,0.20512126909838313,HOLD,medium,340.0,400.0,460.0,0.103,ACC-zone,high,0.0581,11.5,1.38,,Adjacent,,Δmos 0.10
UPL,B,CHEMICALS,594.65,739.6592487452856,0.19618217634880822,HOLD,high,96.0,124.7,153.4,-0.79,AVOID,high,0.0399,8.0,0.5,trough uplift x1.30,Adjacent,,Δmos 0.99
REDTAPE,B,CONSUMER_DISC,132.9,159.90342053482698,0.19295300309479996,HOLD,medium,57.1,87.9,118.6,-0.339,AVOID,low,0.1416,24.7,0.5,,Adjacent,,Δmos 0.53
ADVENZYMES,B,IT_SERVICES,319.0,376.94026340889263,0.1905883240963127,HOLD,medium,159.1,187.2,215.3,-0.413,AVOID,high,0.0636,13.1,1.04,,Adjacent,,Δmos 0.60
VRLLOG,B,LOGISTICS,232.3,275.29875196202346,0.18945237399880524,HOLD,medium,102.6,126.2,149.7,-0.457,ABSTAIN,low,0.0577,13.3,3.05,,Method-limited-unchecked,,method_limited
PCJEWELLER,B,CONSUMER_DISC,9.7,11.533871715609466,0.1890589397535533,HOLD,medium,7.1,8.5,9.9,-0.123,REDUCE,medium,0.0524,11.6,0.71,,Adjacent,,Δmos 0.31
HNDFDS,B,CONSUMER,571.45,658.6462461384243,0.18589529373140862,HOLD,medium,220.1,269.1,318.1,-0.529,AVOID,medium,0.0768,20.2,3.61,,Adjacent,,Δmos 0.71
KDDL,B,CONSUMER_DISC,3200.2,3723.616579044708,0.1751985415953,HOLD,medium,877.7,1032.5,1187.4,-0.677,AVOID,high,0.075,14.3,1.85,,Adjacent,,Δmos 0.85
JKPAPER,B,PAPER,365.4,433.2990590284957,0.17472972489764318,HOLD,medium,141.1,183.3,225.4,-0.498,AVOID,high,0.07,6.1,0.5,trough uplift x1.30,Adjacent,,Δmos 0.67
AJMERA,B,CONSTRUCTION,129.8,147.69447786428077,0.1722714331635906,HOLD,medium,47.2,61.2,75.3,-0.528,AVOID,high,0.0672,8.5,0.82,,Adjacent,,Δmos 0.70
EPIGRAL,B,CHEMICALS,1080.0,1228.457953104323,0.17163371779143824,HOLD,medium,779.1,1017.3,1255.5,-0.058,HOLD,medium,0.0894,11.8,2.37,,Dir-agree-magnitude-off,threshold/judgment difference (<0.30 gap),Δmos 0.23
KSL,B,MANUFACTURING,923.9,1074.0418230532748,0.1691523682069067,HOLD,medium,537.6,632.4,727.3,-0.315,AVOID,high,0.0738,10.8,1.29,,Adjacent,,Δmos 0.48
RELIANCE,B,ENERGY,1304.25,1547.7855885327574,0.16620372855090215,HOLD,medium,333.7,438.9,544.1,-0.663,AVOID,medium,0.07,9.3,0.67,trough uplift x1.21,Adjacent,,Δmos 0.83
EMIL,B,CONSUMER_DISC,134.45,149.55104079864006,0.1630067719001482,HOLD,medium,34.4,49.1,63.8,-0.635,AVOID,medium,0.04,10.2,0.5,,Adjacent,,Δmos 0.80
CENTRALBK,B,BANK,32.11,36.818009787527295,0.1530851796908016,HOLD,high,43.3,51.0,58.6,0.587,BUY-zone,high,0.0522,11.0,1.11,,Adjacent,,Δmos 0.43
SANGHVIMOV,B,MANUFACTURING,436.35,481.0215067756651,0.14939428142333358,HOLD,medium,122.2,188.0,253.8,-0.569,ABSTAIN,low,0.12,12.4,0.5,,Engine-should-have-abstained,engine-rich: exit-multiple/sector-P-E leg inflation (VAL-01 family),independent legs disagree beyond tolerance
SAGILITY,B,IT_SERVICES,41.75,47.238356301180815,0.14406287966047024,HOLD,high,19.6,23.8,28.1,-0.429,AVOID,medium,0.0574,12.4,0.81,,Adjacent,,Δmos 0.57
ICICIBANK,B,BANK,1441.9,1640.3679879660083,0.13575295157931755,HOLD,high,1153.7,1774.9,2396.0,0.231,BUY-zone,low,0.1,12.6,4.5,,Adjacent,,Δmos 0.10
SANATHAN,B,CONSUMER_DISC,442.25,506.00676777208116,0.13340075657314632,HOLD,medium,80.0,94.1,108.2,-0.787,AVOID,high,0.036,9.8,0.5,,Adjacent,,Δmos 0.92
FIVESTAR,B,NBFC,569.85,628.7625937417647,0.12681468412502636,HOLD,high,365.4,429.9,494.4,-0.246,REDUCE,high,0.067,11.4,1.73,,Adjacent,,Δmos 0.37
MAITHANALL,B,METAL,1007.3,1119.326589569356,0.12483829722576219,HOLD,medium,817.0,1061.1,1305.1,0.053,ACC-zone,high,0.0636,7.6,0.67,,Adjacent,,Δmos 0.07
DCBBANK,B,BANK,190.4,212.1124037471248,0.12407209192964926,HOLD,medium,192.9,227.0,261.0,0.192,BUY-zone,high,0.0504,10.8,1.04,,Adjacent,,Δmos 0.07
MAHSEAMLES,B,METAL,583.9,651.4390063099486,0.12229995057274275,HOLD,medium,279.9,363.5,447.2,-0.377,AVOID,high,0.0612,7.4,0.62,,Adjacent,,Δmos 0.50
JINDALSAW,B,CAPITAL_GOODS,268.85,299.72923234523137,0.12174113901658451,HOLD,high,103.7,122.0,140.3,-0.546,AVOID,high,0.0705,7.4,0.5,,Adjacent,,Δmos 0.67
REFEX,B,CHEMICALS,314.15,343.5395708299249,0.11975088275725196,HOLD,medium,172.5,284.6,396.8,-0.094,HOLD,medium,0.0966,12.4,3.6,,Dir-agree-magnitude-off,threshold/judgment difference (<0.30 gap),Δmos 0.21
CEATLTD,B,AUTO,3780.0,3954.4147598682234,0.11429631420993666,HOLD,high,902.6,1310.7,1718.9,-0.653,AVOID,medium,0.0854,9.8,0.87,trough uplift x1.30,Adjacent,,Δmos 0.77
NIACL,B,INSURANCE,,195.22066607572498,0.11401886598793065,HOLD,medium,,,,,ABSTAIN,,,,,,Engine-should-have-abstained,uncomparable,near-zero/negative returns — no defensible capitalization
BALRAMCHIN,B,CONSUMER,598.5,673.3234279883741,0.10716669898606282,HOLD,high,235.5,288.8,342.1,-0.517,AVOID,medium,0.0546,16.7,1.0,,Adjacent,,Δmos 0.62
FLAIR,B,MANUFACTURING,260.55,286.7255462046716,0.106621174082098,HOLD,medium,56.6,87.0,117.5,-0.666,ABSTAIN,low,0.1177,11.4,0.5,,Engine-should-have-abstained,engine-rich: exit-multiple/sector-P-E leg inflation (VAL-01 family),independent legs disagree beyond tolerance
PDSL,B,CONSUMER_DISC,366.7,403.2220245424189,0.10396173728246111,HOLD,medium,80.2,94.4,108.5,-0.743,AVOID,high,0.0606,12.6,0.98,,Adjacent,,Δmos 0.85
SANDHAR,B,AUTO,590.8,664.0244049687716,0.09765171496614851,HOLD,medium,317.1,411.8,506.6,-0.303,AVOID,high,0.0894,11.4,2.16,,Adjacent,,Δmos 0.40
JUNIPER,B,CONSUMER_DISC,196.41,212.2195455928543,0.09003824332453801,HOLD,medium,53.4,62.8,72.2,-0.68,AVOID,high,0.036,9.8,0.5,,Adjacent,,Δmos 0.77
BRIGADE,B,REALTY,564.8,607.8530576392311,0.07394533151807617,HOLD,high,111.5,144.8,178.1,-0.744,AVOID,high,0.0636,7.8,0.7,,Adjacent,,Δmos 0.82
PATANJALI,B,CONSUMER,337.35,364.80435533886083,0.06403487046481203,HOLD,high,299.2,460.3,621.5,0.365,BUY-zone,low,0.0831,21.3,7.04,,Adjacent,,Δmos 0.30
AARTIDRUGS,B,IT_SERVICES,418.75,440.80569630001213,0.059629077644259926,HOLD,medium,260.0,305.9,351.8,-0.269,AVOID,high,0.0756,14.4,1.74,,Adjacent,,Δmos 0.33
VENTIVE,B,CONSUMER_DISC,623.0,651.5894032509821,0.05623180945207016,HOLD,medium,51.8,66.1,80.4,-0.894,AVOID,medium,0.036,9.8,0.5,,Adjacent,,Δmos 0.95
QUESS,B,MANUFACTURING,294.15,304.9456083867908,0.04810313932562578,HOLD,medium,93.3,143.5,193.8,-0.512,ABSTAIN,low,0.114,13.4,0.5,,Engine-should-have-abstained,engine-rich: thin-margin name on rich sector multiples (VAL-01/AWL-class),independent legs disagree beyond tolerance
POWERMECH,B,CONSTRUCTION,2574.3,2677.39920950341,0.048028813364939214,HOLD,medium,1013.5,1462.9,1912.3,-0.432,AVOID,medium,0.0978,10.7,2.69,,Adjacent,,Δmos 0.48
INDGN,B,PHARMA,509.6,530.5085219294137,0.04636789335190088,HOLD,high,267.5,314.7,361.9,-0.382,AVOID,high,0.0767,17.3,2.95,,Adjacent,,Δmos 0.43
APOLLOTYRE,B,AUTO,449.2,448.74928384670613,0.04567000779845312,HOLD,high,99.4,138.3,177.2,-0.692,AVOID,medium,0.0446,7.1,0.5,trough uplift x1.30,Adjacent,,Δmos 0.74
EMMVEE,B,CAPITAL_GOODS,344.85,359.9496501493486,0.04439184723443674,HOLD,high,204.3,314.4,424.4,-0.088,HOLD,low,0.16,23.9,0.5,,Agree,,
BBL,B,MANUFACTURING,2669.4,2770.9792040977536,0.04211327720863242,HOLD,medium,729.8,858.6,987.3,-0.678,AVOID,high,0.036,7.9,0.5,,Adjacent,,Δmos 0.72
DATAMATICS,B,IT_SERVICES,840.2,869.4442831446825,0.039010854618406435,HOLD,medium,400.0,470.6,541.2,-0.44,AVOID,high,0.0756,14.4,1.74,,Adjacent,,Δmos 0.48
NTPC,B,UTILITIES,341.8,354.623388313774,0.03736547700387298,HOLD,high,513.2,789.6,1065.9,1.31,ABSTAIN,low,0.0917,14.5,7.18,,Engine-should-have-abstained,engine-bearish: level bias (VAL-02 family),independent legs disagree beyond tolerance
DODLA,B,CONSUMER,1070.5,1107.8608781280554,0.030376560758980098,HOLD,medium,560.6,862.4,1164.3,-0.194,REDUCE,low,0.0954,23.6,0.5,,Adjacent,,Δmos 0.22
SKFINDIA,B,MANUFACTURING,1492.0,1516.3747150893603,0.024646743083559824,HOLD,medium,345.0,530.8,716.5,-0.644,ABSTAIN,low,0.12,13.8,0.5,,Engine-should-have-abstained,engine-rich: exit-multiple/sector-P-E leg inflation (VAL-01 family),independent legs disagree beyond tolerance
ELECON,B,CAPITAL_GOODS,460.05,466.87540068888075,0.024411191857116283,HOLD,high,157.2,184.9,212.6,-0.598,AVOID,high,0.0888,11.7,2.1,,Adjacent,,Δmos 0.62
HEROMOTOCO,B,AUTO,4941.0,4996.752042166861,0.02001593119947366,HOLD,high,1268.6,2200.1,3131.7,-0.555,ABSTAIN,low,0.0646,12.9,3.81,peak haircut x0.68,Engine-should-have-abstained,engine-rich: exit-multiple/sector-P-E leg inflation (VAL-01 family),independent legs disagree beyond tolerance
GULFOILLUB,B,ENERGY,1004.3,1026.2633050452573,0.011595175007646438,HOLD,medium,437.0,766.6,1096.3,-0.237,REDUCE,low,0.07,13.0,3.67,peak haircut x0.63,Adjacent,,Δmos 0.25
ESCORTS,B,CAPITAL_GOODS,2941.8,2948.3902894877597,0.0072390986224924354,HOLD,high,656.8,772.7,888.6,-0.737,AVOID,high,0.0834,9.8,0.93,,Adjacent,,Δmos 0.74
AUROPHARMA,B,PHARMA,1567.6,1546.00269054099,0.006643241659714829,HOLD,high,733.4,1039.9,1346.3,-0.337,AVOID,medium,0.0859,14.9,0.75,,Adjacent,,Δmos 0.34
HDFCLIFE,B,INSURANCE,563.55,564.8,0.0014184397163119762,HOLD,medium,80.5,94.7,108.9,-0.832,AVOID,high,0.1,11.3,1.11,,Adjacent,,Δmos 0.83
PGHH,B,CONSUMER,8727.0,8740.986493260345,-1.545216754946313e-06,HOLD,medium,6922.1,10649.4,14376.7,0.22,BUY-zone,low,0.16,50.4,0.5,,Adjacent,,Δmos 0.22
IGL,B,ENERGY,154.0,153.26243705333422,-0.0008967597566217815,HOLD,high,84.9,110.3,135.7,-0.284,AVOID,high,0.07,11.3,1.82,,Adjacent,,Δmos 0.28
AXISBANK,B,BANK,1328.5,1325.8659214842892,-0.001982746342273862,HOLD,high,761.6,896.0,1030.4,-0.326,AVOID,high,0.0554,11.2,1.25,,Adjacent,,Δmos 0.32
KALYANKJIL,B,CONSUMER_DISC,381.85,572.554152484471,-0.002258164181456785,HOLD,high,70.0,107.7,145.3,-0.718,ABSTAIN,low,0.1507,23.6,0.5,,Engine-should-have-abstained,engine-rich: thin-margin name on rich sector multiples (VAL-01/AWL-class),independent legs disagree beyond tolerance
APTUS,B,NBFC,306.5,301.78598147728025,-0.004170990010624538,HOLD,high,244.7,295.4,346.1,-0.036,HOLD,medium,0.0837,12.5,3.32,,Agree,,
PITTIENG,B,MANUFACTURING,933.3,941.2334363575958,-0.00698060203872367,HOLD,medium,279.9,329.3,378.7,-0.647,AVOID,high,0.0714,10.7,1.17,,Adjacent,,Δmos 0.64
GICRE,B,INSURANCE,361.8,358.094508807359,-0.007498589780047212,HOLD,medium,606.3,713.3,820.3,0.972,BUY-zone,high,0.0683,12.8,2.16,,Adjacent,,Δmos 0.98
AJAXENGG,B,CAPITAL_GOODS,546.5,590.9629170952923,-0.01027814922912036,HOLD,medium,186.9,287.5,388.2,-0.474,ABSTAIN,low,0.134,16.8,0.5,,Method-limited-unchecked,,method_limited
HERITGFOOD,B,MANUFACTURING,331.35,323.6709956929492,-0.01093660598029277,HOLD,medium,165.3,194.4,223.6,-0.413,AVOID,high,0.0816,11.4,1.79,,Adjacent,,Δmos 0.40
APLLTD,B,IT_SERVICES,839.3,812.5027672881586,-0.01299469474227585,HOLD,medium,393.3,462.7,532.1,-0.449,AVOID,high,0.0708,13.9,1.4,,Adjacent,,Δmos 0.44
SHYAMMETL,B,CAPITAL_GOODS,1071.3,995.85204343299,-0.016345275155086957,HOLD,high,262.0,308.2,354.5,-0.712,AVOID,high,0.0552,8.5,0.6,,Adjacent,,Δmos 0.70
THELEELA,B,CONSUMER,498.0,472.3097490200938,-0.020104255145033573,HOLD,high,39.5,53.7,67.9,-0.892,AVOID,medium,0.0378,14.3,0.5,,Adjacent,,Δmos 0.87
DCMSHRIRAM,B,MANUFACTURING,1022.9,998.5818425548191,-0.022914048380803225,HOLD,high,917.2,1411.1,1904.9,0.379,BUY-zone,low,0.0666,10.3,0.98,,Adjacent,,Δmos 0.40
SKIPPER,B,MANUFACTURING,540.0,523.0915089003868,-0.029154586302177404,HOLD,medium,207.2,243.8,280.4,-0.549,AVOID,high,0.0858,11.6,2.18,,Adjacent,,Δmos 0.52
FIEMIND,B,MANUFACTURING,2309.2,2196.5339679059425,-0.02924207013482004,HOLD,medium,629.6,968.7,1307.7,-0.581,ABSTAIN,low,0.12,14.1,0.5,,Engine-should-have-abstained,engine-rich: exit-multiple/sector-P-E leg inflation (VAL-01 family),independent legs disagree beyond tolerance
CELLO,B,MANUFACTURING,367.5,353.73535671148477,-0.033509954340205546,HOLD,medium,62.4,96.0,129.6,-0.739,ABSTAIN,low,0.12,12.5,0.5,,Engine-should-have-abstained,engine-rich: exit-multiple/sector-P-E leg inflation (VAL-01 family),independent legs disagree beyond tolerance
NESCO,B,REALTY,1094.0,1056.5681072993468,-0.034215624040816434,HOLD,medium,426.6,554.1,681.5,-0.494,AVOID,high,0.0826,9.1,1.32,,Adjacent,,Δmos 0.46
MRF,B,AUTO,134392.8,125741.48740749902,-0.035983536569946545,HOLD,high,21335.5,37430.7,53525.8,-0.721,ABSTAIN,low,0.0944,9.3,0.5,trough uplift x1.30,Engine-should-have-abstained,engine-rich: exit-multiple/sector-P-E leg inflation (VAL-01 family),independent legs disagree beyond tolerance
SOTL,B,CHEMICALS,578.85,561.8742587421202,-0.03623626287800991,HOLD,medium,191.4,279.4,367.5,-0.517,AVOID,medium,0.06,9.4,0.73,trough uplift x1.30,Adjacent,,Δmos 0.48
ORKLAINDIA,B,CONSUMER,584.55,563.0791602897127,-0.03664814321691579,HOLD,medium,302.4,355.8,409.2,-0.391,AVOID,high,0.0624,17.9,1.45,,Adjacent,,Δmos 0.35
HCC,B,CONSTRUCTION,22.74,21.378571313135694,-0.03700129220109482,HOLD,medium,4.6,6.1,7.5,-0.733,AVOID,medium,0.0468,6.9,0.5,trough uplift x1.30,Adjacent,,Δmos 0.70
GPIL,B,CAPITAL_GOODS,255.55,234.64811394594494,-0.038524425544171556,HOLD,high,99.7,153.4,207.1,-0.4,AVOID,low,0.1407,13.7,0.5,,Adjacent,,Δmos 0.36
CIPLA,B,PHARMA,1418.4,1358.0671564537802,-0.04273831221979268,HOLD,high,671.2,789.7,908.1,-0.443,AVOID,high,0.0674,15.8,1.69,,Adjacent,,Δmos 0.40
BHARTIARTL,B,TELECOM,1921.1,1824.769227639459,-0.04402282709584087,HOLD,high,666.6,1025.5,1384.4,-0.466,ABSTAIN,low,0.16,31.8,0.5,,Engine-should-have-abstained,engine-rich: exit-multiple/sector-P-E leg inflation (VAL-01 family),independent legs disagree beyond tolerance
ORIENTCEM,B,CEMENT,139.05,130.53246489668865,-0.049705409895976715,HOLD,medium,157.7,240.6,323.6,0.731,BUY-zone,medium,0.0942,11.9,3.09,,Adjacent,,Δmos 0.78
BECTORFOOD,B,CONSUMER,213.36,178.21126270730397,-0.053829239674520954,HOLD,medium,70.7,83.2,95.6,-0.61,AVOID,high,0.0666,18.5,1.82,,Adjacent,,Δmos 0.56
MANORAMA,B,CONSUMER,1601.5,1499.6058435466289,-0.05774059469266172,HOLD,medium,764.6,1176.3,1588.1,-0.265,AVOID,low,0.16,40.4,0.5,,Adjacent,,Δmos 0.21
BANSALWIRE,B,MANUFACTURING,318.5,293.46595296296834,-0.06075867190600622,HOLD,medium,86.0,101.2,116.4,-0.682,AVOID,high,0.0672,10.4,1.0,,Adjacent,,Δmos 0.62
TBOTEK,B,CONSUMER,1449.7,1368.8351173095482,-0.06115561227054308,HOLD,high,287.1,441.7,596.2,-0.695,ABSTAIN,low,0.0948,23.5,0.5,,Engine-should-have-abstained,engine-rich: exit-multiple/sector-P-E leg inflation (VAL-01 family),independent legs disagree beyond tolerance
SCI,B,MANUFACTURING,281.75,264.06387871188696,-0.06310491853153473,HOLD,high,310.6,390.5,470.3,0.386,BUY-zone,medium,0.0892,11.9,2.61,,Adjacent,,Δmos 0.45
SBILIFE,B,INSURANCE,,1697.9,-0.07188149119930032,HOLD,medium,,,,,DATA-DEFECT,,,,,,Data-defect,known live data bug (platform audit DATA-01/02),known live data bug (platform audit DATA-01/02)
JSLL,B,IT_SERVICES,574.2,524.3513175094428,-0.07366607630166451,HOLD,medium,335.2,515.8,696.3,-0.102,REDUCE,low,0.16,35.9,0.5,,Adjacent,,Δmos 0.03
TIMETECHNO,B,MANUFACTURING,211.95,185.22048506309872,-0.09218994724746989,HOLD,medium,87.0,102.3,117.7,-0.517,AVOID,high,0.0702,10.6,1.12,,Adjacent,,Δmos 0.42
FORCEMOT,B,AUTO,18334.85,16550.499815606225,-0.09262610660053593,HOLD,high,8323.6,14602.8,20882.0,-0.204,REDUCE,low,0.1,14.7,9.0,peak haircut x0.62,Adjacent,,Δmos 0.11
GOKEX,B,CONSUMER_DISC,860.55,744.2940546612698,-0.09265627860384025,HOLD,medium,191.5,235.1,278.6,-0.727,AVOID,medium,0.0446,10.7,0.52,,Adjacent,,Δmos 0.63
ALKEM,B,PHARMA,5654.0,5023.206074422601,-0.09832955045367062,HOLD,high,2241.9,3449.0,4656.2,-0.39,AVOID,low,0.102,21.7,0.5,,Adjacent,,Δmos 0.29
SUZLON,B,CAPITAL_GOODS,53.92,46.86473476866739,-0.09858175093926932,HOLD,high,22.2,34.2,46.1,-0.366,AVOID,low,0.16,27.5,0.5,,Adjacent,,Δmos 0.27
HDFCBANK,A,BANK,819.65,737.6048042917721,-0.10004294254298185,REDUCE,high,659.6,965.2,1270.8,0.178,BUY-zone,medium,0.1,11.9,3.13,,Disagree,threshold/judgment difference (<0.30 gap),
AHLUCONT,A,CONSTRUCTION,850.0,770.4523152611403,-0.10146094202444432,REDUCE,medium,278.7,362.0,445.3,-0.574,AVOID,high,0.0774,9.2,1.16,,Dir-agree-magnitude-off,engine-rich: exit-multiple/sector-P-E leg inflation (VAL-01 family),Δmos 0.47
EPL,A,MANUFACTURING,236.85,213.11303899333186,-0.10332377248566556,REDUCE,medium,151.7,233.4,315.0,-0.015,HOLD,low,0.0955,12.6,4.55,,Adjacent,,Δmos 0.09
LOTUSDEV,A,MANUFACTURING,145.05,125.40222525462943,-0.10567518717280396,REDUCE,medium,36.1,55.5,75.0,-0.617,ABSTAIN,low,0.12,16.5,0.5,,Engine-should-have-abstained,engine-rich: exit-multiple/sector-P-E leg inflation (VAL-01 family),independent legs disagree beyond tolerance
PICCADIL,A,CONSUMER,747.6,651.2954800809607,-0.10726409419373482,REDUCE,medium,174.4,268.3,362.2,-0.641,ABSTAIN,low,0.0912,22.8,0.5,,Engine-should-have-abstained,engine-rich: exit-multiple/sector-P-E leg inflation (VAL-01 family),independent legs disagree beyond tolerance
NEWGEN,A,IT_SERVICES,560.55,479.9304291819306,-0.10768721914673127,REDUCE,high,343.0,527.7,712.4,-0.059,HOLD,low,0.1014,17.7,9.0,,Adjacent,,Δmos 0.05
ERIS,A,PHARMA,1464.9,1291.5556416727006,-0.11013115497264672,REDUCE,high,516.9,795.3,1073.6,-0.457,ABSTAIN,low,0.0996,21.2,0.5,,Engine-should-have-abstained,engine-rich: exit-multiple/sector-P-E leg inflation (VAL-01 family),independent legs disagree beyond tolerance
SWARAJENG,A,AUTO,3717.1,3309.3138347427207,-0.11063858243947307,REDUCE,medium,1283.9,2252.4,3220.9,-0.394,AVOID,low,0.1,15.8,9.0,peak haircut x0.60,Dir-agree-magnitude-off,threshold/judgment difference (<0.30 gap),Δmos 0.28
FINCABLES,A,CAPITAL_GOODS,1012.8,905.619031950717,-0.1143090152071227,REDUCE,high,380.9,448.2,515.4,-0.557,AVOID,high,0.0702,9.9,1.0,,Dir-agree-magnitude-off,engine-rich: exit-multiple/sector-P-E leg inflation (VAL-01 family),Δmos 0.44
ONGC,A,ENERGY,237.8,217.57964142346026,-0.12014379302252308,REDUCE,medium,230.6,314.0,397.5,0.321,BUY-zone,medium,0.0361,9.5,0.86,trough uplift x1.19,Disagree,engine-bearish: trough extrapolation + AVOID asymmetry (VAL-10),
LT,A,CONSTRUCTION,3814.5,3355.295265983407,-0.1203839910909931,REDUCE,medium,1023.1,1640.9,2258.7,-0.57,AVOID,medium,0.1,11.1,3.41,,Dir-agree-magnitude-off,engine-rich: exit-multiple/sector-P-E leg inflation (VAL-01 family),Δmos 0.45
LUMAXIND,A,AUTO,5174.0,4559.716886927472,-0.12101843143566807,REDUCE,medium,1900.8,3334.7,4768.6,-0.355,AVOID,low,0.1,12.8,5.18,,Dir-agree-magnitude-off,threshold/judgment difference (<0.30 gap),Δmos 0.23
DHANUKA,A,CHEMICALS,1014.0,892.4866247964062,-0.12338019369766606,REDUCE,medium,665.6,1167.8,1669.9,0.152,BUY-zone,low,0.1,12.8,4.9,,Disagree,threshold/judgment difference (<0.30 gap),
TRAVELFOOD,A,CONSUMER,1304.3,1128.8847199476766,-0.12346865443926044,REDUCE,high,634.6,976.3,1318.0,-0.251,AVOID,low,0.16,40.3,0.5,,Agree,,
JLHL,A,PHARMA,1561.6,1361.0208733273894,-0.12491424591565009,REDUCE,medium,454.1,534.2,614.3,-0.658,AVOID,high,0.0756,17.1,2.74,,Dir-agree-magnitude-off,engine-rich: exit-multiple/sector-P-E leg inflation (VAL-01 family),Δmos 0.53
ACE,A,CAPITAL_GOODS,990.0,861.8859212175735,-0.12676198458199242,REDUCE,high,434.5,668.4,902.3,-0.325,AVOID,low,0.16,22.8,0.5,,Agree,,
KPIL,A,CONSTRUCTION,1318.0,1134.2264848928546,-0.13172587851729722,REDUCE,high,442.3,574.4,706.6,-0.564,AVOID,high,0.0798,9.4,1.26,,Dir-agree-magnitude-off,engine-rich: thin-margin name on rich sector multiples (VAL-01/AWL-class),Δmos 0.43
MSTCLTD,A,CONSUMER_DISC,619.8,516.0582585046493,-0.1320187393749065,REDUCE,medium,418.0,643.1,868.2,0.038,HOLD,low,0.1452,25.4,0.5,,Adjacent,,Δmos 0.17
ADANIPORTS,A,MANUFACTURING,1809.9,1592.118525511144,-0.1334937816963405,REDUCE,high,388.2,597.2,806.3,-0.67,ABSTAIN,low,0.12,13.6,0.5,,Engine-should-have-abstained,engine-rich: exit-multiple/sector-P-E leg inflation (VAL-01 family),independent legs disagree beyond tolerance
BANCOINDIA,A,AUTO,663.0,568.4536165279375,-0.1335869280171659,REDUCE,medium,311.9,547.3,782.6,-0.175,REDUCE,low,0.1,14.6,9.0,peak haircut x0.63,Agree,,
BAYERCROP,A,CHEMICALS,4259.3,3658.1500348781688,-0.1341656722181849,REDUCE,high,1781.7,3125.8,4469.9,-0.266,AVOID,low,0.1,14.3,9.0,peak haircut x0.73,Agree,,
JUBLFOOD,A,CONSUMER,438.0,360.515826656644,-0.1347274051202592,REDUCE,high,33.7,51.9,70.0,-0.882,ABSTAIN,low,0.0911,21.9,0.5,,Engine-should-have-abstained,engine-rich: thin-margin name on rich sector multiples (VAL-01/AWL-class),independent legs disagree beyond tolerance
UNIVCABLES,A,MANUFACTURING,1188.5,1008.7975964171592,-0.13652521063326267,REDUCE,medium,328.8,389.9,450.9,-0.672,AVOID,medium,0.0516,9.2,0.57,,Dir-agree-magnitude-off,engine-rich: exit-multiple/sector-P-E leg inflation (VAL-01 family),Δmos 0.54
SEAMECLTD,A,LOGISTICS,1425.0,1187.4399376929248,-0.13653291325412686,REDUCE,medium,314.8,370.4,425.9,-0.74,AVOID,high,0.0517,8.5,0.57,,Dir-agree-magnitude-off,engine-rich: exit-multiple/sector-P-E leg inflation (VAL-01 family),Δmos 0.60
COFORGE,A,IT_SERVICES,1511.3,1294.6257830931402,-0.14336942824512658,REDUCE,high,414.4,637.6,860.7,-0.578,ABSTAIN,low,0.1056,18.3,0.5,,Engine-should-have-abstained,engine-rich: exit-multiple/sector-P-E leg inflation (VAL-01 family),independent legs disagree beyond tolerance
JAMNAAUTO,A,MANUFACTURING,133.66,112.71965651071933,-0.14554535695331,REDUCE,medium,37.0,56.9,76.9,-0.574,ABSTAIN,low,0.12,13.8,0.5,,Engine-should-have-abstained,engine-rich: exit-multiple/sector-P-E leg inflation (VAL-01 family),independent legs disagree beyond tolerance
JSWDULUX,A,CONSUMER_DISC,3000.8,2572.640780191047,-0.14708723263897933,REDUCE,high,8525.4,13116.1,17706.7,3.371,ABSTAIN,low,0.16,37.7,0.5,,Method-limited-unchecked,,method_limited
POWERICA,A,UTILITIES,567.5,488.75064739509344,-0.14874049047271018,REDUCE,medium,300.9,433.1,565.2,-0.237,REDUCE,medium,0.0834,14.0,3.45,,Agree,,
SANOFICONR,A,IT_SERVICES,4540.0,3877.974472221012,-0.15090767379991848,REDUCE,medium,1962.2,3018.7,4075.3,-0.335,AVOID,low,0.16,35.9,0.5,,Agree,,
VEDL,A,METAL,253.15,218.96318498983038,-0.15097640562299186,REDUCE,medium,92.1,161.5,231.0,-0.362,AVOID,low,0.05,10.4,2.62,peak haircut x0.60,Dir-agree-magnitude-off,threshold/judgment difference (<0.30 gap),Δmos 0.21
RAMRAT,A,MANUFACTURING,424.15,345.50620573338193,-0.15894302401805763,REDUCE,medium,71.7,110.2,148.8,-0.74,ABSTAIN,low,0.1122,13.3,0.5,,Engine-should-have-abstained,engine-rich: thin-margin name on rich sector multiples (VAL-01/AWL-class),independent legs disagree beyond tolerance
MEDPLUS,A,CONSUMER_DISC,801.45,672.908308256598,-0.1600195877461016,REDUCE,medium,200.8,236.3,271.7,-0.705,AVOID,high,0.0666,13.3,1.25,,Dir-agree-magnitude-off,engine-rich: thin-margin name on rich sector multiples (VAL-01/AWL-class),Δmos 0.54
RAILTEL,A,TELECOM,295.6,250.05690308730277,-0.16031933147312705,REDUCE,high,115.8,178.1,240.4,-0.398,AVOID,low,0.0918,14.1,4.03,,Dir-agree-magnitude-off,threshold/judgment difference (<0.30 gap),Δmos 0.24
IDBI,A,BANK,82.94,72.98515966178361,-0.16099368132217937,REDUCE,high,102.2,157.2,212.2,0.896,ABSTAIN,low,0.1073,12.9,4.5,,Engine-should-have-abstained,engine-bearish: terminal-ROE cap forbids premium book multiples (VAL-02-fin),independent legs disagree beyond tolerance
TMCV,A,CAPITAL_GOODS,415.25,349.3195494093585,-0.16220278352474274,REDUCE,high,112.7,173.5,234.2,-0.582,ABSTAIN,low,0.1428,19.6,0.5,,Method-limited-unchecked,,method_limited
V2RETAIL,A,CONSUMER_DISC,221.1,184.3224976963222,-0.16633877116091275,REDUCE,medium,43.6,67.0,90.5,-0.697,ABSTAIN,low,0.1078,19.0,0.5,,Engine-should-have-abstained,engine-rich: thin-margin name on rich sector multiples (VAL-01/AWL-class),independent legs disagree beyond tolerance
STARCEMENT,A,CEMENT,208.0,170.92298599483257,-0.16886464383742977,REDUCE,medium,75.0,97.4,119.8,-0.532,AVOID,high,0.0732,10.2,1.18,,Dir-agree-magnitude-off,engine-rich: exit-multiple/sector-P-E leg inflation (VAL-01 family),Δmos 0.36
FINPIPE,A,MANUFACTURING,169.25,136.85510444174736,-0.170524853374463,REDUCE,medium,51.7,60.8,70.0,-0.641,AVOID,high,0.0566,8.6,0.5,,Dir-agree-magnitude-off,engine-rich: exit-multiple/sector-P-E leg inflation (VAL-01 family),Δmos 0.47
KANSAINER,A,CHEMICALS,201.0,166.89328905376155,-0.17116960144139085,REDUCE,medium,46.3,70.2,94.1,-0.651,AVOID,medium,0.0516,8.8,0.55,trough uplift x1.30,Dir-agree-magnitude-off,engine-rich: exit-multiple/sector-P-E leg inflation (VAL-01 family),Δmos 0.48
POWERGRID,A,UTILITIES,283.65,234.8754194540667,-0.1716613667640039,REDUCE,high,153.7,236.4,319.1,-0.167,REDUCE,low,0.1117,16.5,0.5,,Agree,,
DABUR,A,CONSUMER,443.8,352.8394032124319,-0.17416172448816414,REDUCE,high,131.3,154.5,177.7,-0.652,AVOID,high,0.033,17.9,2.36,,Dir-agree-magnitude-off,engine-rich: exit-multiple/sector-P-E leg inflation (VAL-01 family),Δmos 0.48
TRUALT,A,CHEMICALS,422.7,345.4821729069698,-0.17663924474030077,REDUCE,medium,87.5,113.6,139.7,-0.731,AVOID,high,0.0384,7.7,0.5,trough uplift x1.30,Dir-agree-magnitude-off,engine-rich: exit-multiple/sector-P-E leg inflation (VAL-01 family),Δmos 0.55
IKS,A,IT_SERVICES,1897.9,1553.5142092479005,-0.1796841222685075,REDUCE,high,599.2,921.8,1244.4,-0.514,ABSTAIN,low,0.1566,26.8,0.5,,Engine-should-have-abstained,engine-rich: exit-multiple/sector-P-E leg inflation (VAL-01 family),independent legs disagree beyond tolerance
KIRLOSENG,A,CAPITAL_GOODS,2223.0,1850.738155845417,-0.18036396995331402,REDUCE,high,421.6,504.4,587.2,-0.773,AVOID,medium,0.0924,12.0,2.5,,Dir-agree-magnitude-off,engine-rich: exit-multiple/sector-P-E leg inflation (VAL-01 family),Δmos 0.59
LUXIND,A,CONSUMER_DISC,1283.8,1044.764298362868,-0.18051274738185905,REDUCE,medium,281.0,330.6,380.2,-0.743,AVOID,high,0.036,9.8,0.5,,Dir-agree-magnitude-off,engine-rich: thin-margin name on rich sector multiples (VAL-01/AWL-class),Δmos 0.56
GLOBUSSPR,A,CONSUMER,923.1,799.683917453181,-0.18545055517883266,REDUCE,medium,89.0,116.4,143.8,-0.874,AVOID,medium,0.0394,14.0,0.5,,Dir-agree-magnitude-off,engine-rich: thin-margin name on rich sector multiples (VAL-01/AWL-class),Δmos 0.69
ALIVUS,A,IT_SERVICES,1131.0,924.8311867658504,-0.18746161767189393,REDUCE,medium,740.8,1139.7,1538.7,0.008,HOLD,low,0.1014,17.7,9.0,,Adjacent,,Δmos 0.20
ARE&M,A,AUTO,915.95,736.4227110497186,-0.18811233002621836,REDUCE,high,380.9,537.6,694.3,-0.413,AVOID,medium,0.0666,9.7,0.88,trough uplift x1.30,Dir-agree-magnitude-off,threshold/judgment difference (<0.30 gap),Δmos 0.22
ITCHOTELS,A,CONSUMER,187.15,137.1804113515489,-0.1899591889486335,REDUCE,high,32.8,40.6,48.5,-0.783,AVOID,medium,0.042,14.9,0.57,,Dir-agree-magnitude-off,engine-rich: exit-multiple/sector-P-E leg inflation (VAL-01 family),Δmos 0.59
HATSUN,A,CONSUMER,929.35,750.406089459741,-0.19010729106929897,REDUCE,medium,225.4,346.8,468.1,-0.627,ABSTAIN,low,0.1098,26.4,0.5,,Engine-should-have-abstained,engine-rich: thin-margin name on rich sector multiples (VAL-01/AWL-class),independent legs disagree beyond tolerance
STYL,A,NBFC,376.05,323.71758848567947,-0.1906048543926004,REDUCE,medium,174.1,204.8,235.5,-0.455,AVOID,high,0.0756,11.9,2.38,,Dir-agree-magnitude-off,threshold/judgment difference (<0.30 gap),Δmos 0.26
WHIRLPOOL,A,CONSUMER_DISC,795.15,624.0272115985969,-0.19292911071055766,REDUCE,high,188.7,256.5,324.3,-0.677,AVOID,medium,0.0731,11.8,0.55,,Dir-agree-magnitude-off,engine-rich: exit-multiple/sector-P-E leg inflation (VAL-01 family),Δmos 0.48
MASFIN,A,NBFC,318.9,252.65530710545323,-0.19331000285615185,REDUCE,medium,173.1,203.7,234.2,-0.361,AVOID,high,0.0567,10.7,1.2,,Agree,,
PSPPROJECT,A,CONSTRUCTION,1073.3,842.6359638894683,-0.1979478737012485,REDUCE,medium,92.6,127.4,162.1,-0.881,AVOID,medium,0.036,6.1,0.5,trough uplift x1.30,Dir-agree-magnitude-off,engine-rich: thin-margin name on rich sector multiples (VAL-01/AWL-class),Δmos 0.68
SHRIPISTON,A,AUTO,4212.1,3341.0862274334413,-0.1987610668281154,REDUCE,medium,1317.4,2311.2,3305.0,-0.451,ABSTAIN,low,0.1,13.0,5.53,,Engine-should-have-abstained,threshold/judgment difference (<0.30 gap),independent legs disagree beyond tolerance
PCBL,A,CHEMICALS,327.8,256.35839359305163,-0.20062864486108,REDUCE,high,39.1,50.8,62.5,-0.845,AVOID,high,0.036,7.5,0.5,trough uplift x1.30,Dir-agree-magnitude-off,engine-rich: thin-margin name on rich sector multiples (VAL-01/AWL-class),Δmos 0.64
AWFIS,A,REALTY,287.95,230.59190182869892,-0.20471839341714457,REDUCE,medium,65.6,85.2,104.8,-0.704,AVOID,high,0.0768,8.7,1.07,,Dir-agree-magnitude-off,engine-rich: exit-multiple/sector-P-E leg inflation (VAL-01 family),Δmos 0.50
NAVA,A,UTILITIES,577.5,462.545417434186,-0.20477019266881114,REDUCE,high,315.0,370.5,426.1,-0.358,AVOID,high,0.0714,12.8,1.69,,Agree,,
TIIL,A,MANUFACTURING,2566.3,2023.9397362295408,-0.20530087316258022,REDUCE,medium,1394.9,1663.0,1931.0,-0.352,AVOID,medium,0.087,11.7,2.32,,Agree,,
POLYCAB,A,CAPITAL_GOODS,8866.65,7015.090223724443,-0.20849709762784127,REDUCE,high,1557.3,2395.9,3234.4,-0.73,ABSTAIN,low,0.1353,17.0,0.5,,Method-limited-unchecked,,method_limited
TCI,A,LOGISTICS,935.35,734.1833544669493,-0.21055553283123737,REDUCE,medium,526.8,810.5,1094.2,-0.133,REDUCE,low,0.16,21.0,0.5,,Agree,,
MARICO,A,CONSUMER,845.3,662.8565448279844,-0.21126065584485432,REDUCE,high,357.6,550.1,742.6,-0.349,AVOID,low,0.16,50.0,0.5,,Agree,,
BANARISUG,A,CONSUMER,3481.2,2737.372750431309,-0.21226683440825633,REDUCE,medium,1287.0,1674.8,2062.6,-0.519,AVOID,medium,0.0462,15.5,0.69,,Dir-agree-magnitude-off,engine-rich: exit-multiple/sector-P-E leg inflation (VAL-01 family),Δmos 0.31
TEXRAIL,A,CAPITAL_GOODS,116.39,90.26857460504364,-0.21696239933168252,REDUCE,medium,30.9,36.4,41.8,-0.688,AVOID,high,0.067,7.0,0.5,,Dir-agree-magnitude-off,engine-rich: thin-margin name on rich sector multiples (VAL-01/AWL-class),Δmos 0.47
AVANTIFEED,A,CONSUMER,1041.05,797.499049152095,-0.21706356847428332,REDUCE,medium,675.1,1038.6,1402.1,-0.002,HOLD,low,0.12,28.6,0.5,,Adjacent,,Δmos 0.22
MARKSANS,A,IT_SERVICES,267.8,208.94699279680282,-0.2177199820411726,REDUCE,medium,126.2,148.4,170.7,-0.446,AVOID,high,0.0834,15.4,2.64,,Dir-agree-magnitude-off,threshold/judgment difference (<0.30 gap),Δmos 0.23
LUMAXTECH,A,AUTO,1458.0,1109.9158743580047,-0.2188641886424065,REDUCE,medium,405.9,712.1,1018.4,-0.512,ABSTAIN,low,0.1,14.5,9.0,peak haircut x0.65,Engine-should-have-abstained,threshold/judgment difference (<0.30 gap),independent legs disagree beyond tolerance
FDC,A,IT_SERVICES,420.05,326.95417894010575,-0.22375551058854284,REDUCE,medium,191.2,224.9,258.7,-0.465,AVOID,high,0.0678,13.5,1.23,,Dir-agree-magnitude-off,threshold/judgment difference (<0.30 gap),Δmos 0.24
VMM,A,CONSUMER,118.95,84.63180753687158,-0.23005997510124113,REDUCE,high,19.5,22.9,26.4,-0.807,AVOID,high,0.0691,18.9,2.1,,Dir-agree-magnitude-off,engine-rich: exit-multiple/sector-P-E leg inflation (VAL-01 family),Δmos 0.58
TECHM,A,IT_SERVICES,1570.5,1207.6788646198547,-0.23219602986848836,REDUCE,high,891.6,1371.7,1851.7,-0.127,REDUCE,low,0.0974,17.2,9.0,,Agree,,
LATENTVIEW,A,IT_SERVICES,309.6,231.9251883163139,-0.23267100639763807,REDUCE,high,105.8,124.5,143.2,-0.598,AVOID,high,0.0678,13.5,1.23,,Dir-agree-magnitude-off,engine-rich: exit-multiple/sector-P-E leg inflation (VAL-01 family),Δmos 0.37
SKYGOLD,A,MANUFACTURING,646.75,476.1290929923757,-0.23365669886950627,REDUCE,medium,119.9,184.5,249.0,-0.715,ABSTAIN,low,0.12,14.6,0.5,,Engine-should-have-abstained,engine-rich: exit-multiple/sector-P-E leg inflation (VAL-01 family),independent legs disagree beyond tolerance
JUBLCPL,A,CHEMICALS,1975.0,1522.8245081023165,-0.23877805143598277,REDUCE,medium,825.3,1447.9,2070.5,-0.267,AVOID,low,0.1,15.1,9.0,peak haircut x0.61,Agree,,
PFIZER,A,PHARMA,4577.0,3480.841748189383,-0.24035577927864712,REDUCE,high,2172.0,3341.5,4511.0,-0.27,AVOID,low,0.16,32.1,0.5,,Agree,,
ENTERO,A,IT_SERVICES,1173.1,892.6899104478671,-0.24071624525995827,REDUCE,medium,233.0,289.3,345.6,-0.753,AVOID,medium,0.0516,11.8,0.65,,Dir-agree-magnitude-off,engine-rich: thin-margin name on rich sector multiples (VAL-01/AWL-class),Δmos 0.51
CIEINDIA,A,AUTO,475.85,358.93920625094233,-0.2411433271650268,REDUCE,high,186.5,255.0,323.4,-0.464,AVOID,medium,0.0696,9.9,0.98,trough uplift x1.28,Dir-agree-magnitude-off,threshold/judgment difference (<0.30 gap),Δmos 0.22
HINDZINC,A,METAL,518.3,395.29111327656403,-0.24266478920095028,REDUCE,high,196.6,277.6,358.6,-0.464,AVOID,medium,0.07,12.1,6.67,peak haircut x0.60,Dir-agree-magnitude-off,threshold/judgment difference (<0.30 gap),Δmos 0.22
CAPLIPOINT,A,PHARMA,2644.7,1971.9654461324883,-0.2441680927050639,REDUCE,high,1032.4,1588.4,2144.3,-0.399,AVOID,low,0.1086,22.9,0.5,,Agree,,
TATAELXSI,A,IT_SERVICES,3535.5,2635.666681424739,-0.24764024850858093,REDUCE,high,1139.4,1752.9,2366.4,-0.504,ABSTAIN,low,0.1242,21.1,0.5,,Engine-should-have-abstained,threshold/judgment difference (<0.30 gap),independent legs disagree beyond tolerance
BATAINDIA,A,CONSUMER_DISC,693.0,519.0724422868973,-0.24935293957064744,REDUCE,high,121.6,150.6,179.6,-0.783,AVOID,medium,0.03,12.4,1.17,,Dir-agree-magnitude-off,engine-rich: exit-multiple/sector-P-E leg inflation (VAL-01 family),Δmos 0.53
HUDCO,A,NBFC,202.0,151.73812382771916,-0.2526688148752996,REDUCE,high,259.9,310.2,360.5,0.536,BUY-zone,medium,0.0828,12.4,3.19,,Disagree,engine-bearish: terminal-ROE cap forbids premium book multiples (VAL-02-fin),
ARVINDFASN,A,CONSUMER_DISC,473.55,348.57560669381144,-0.2527053131229254,REDUCE,medium,102.0,156.9,211.8,-0.669,ABSTAIN,low,0.1176,20.5,0.5,,Engine-should-have-abstained,engine-rich: thin-margin name on rich sector multiples (VAL-01/AWL-class),independent legs disagree beyond tolerance
HINDUNILVR,A,CONSUMER,2200.75,1594.0931736894959,-0.25641702878556966,REDUCE,high,762.9,1171.6,1580.3,-0.468,ABSTAIN,low,0.08,23.8,9.0,,Engine-should-have-abstained,threshold/judgment difference (<0.30 gap),independent legs disagree beyond tolerance
INDHOTEL,A,CONSUMER,752.1,542.0855690637823,-0.2588890982790591,REDUCE,high,199.5,307.0,414.4,-0.592,ABSTAIN,low,0.1295,27.4,0.5,,Engine-should-have-abstained,engine-rich: exit-multiple/sector-P-E leg inflation (VAL-01 family),independent legs disagree beyond tolerance
BRITANNIA,A,CONSUMER,5416.8,3920.618332503448,-0.2617233156005182,REDUCE,high,2825.5,4346.9,5868.3,-0.198,REDUCE,low,0.16,50.4,0.5,,Agree,,
VBL,A,CONSUMER,463.35,340.42295827401415,-0.27033981722427575,REDUCE,high,120.4,185.2,250.0,-0.6,ABSTAIN,low,0.0978,24.0,0.5,,Engine-should-have-abstained,engine-rich: exit-multiple/sector-P-E leg inflation (VAL-01 family),independent legs disagree beyond tolerance
SANDUMA,A,METAL,194.29,144.11959504841997,-0.27639908094381693,REDUCE,medium,68.6,111.0,153.4,-0.429,AVOID,medium,0.07,10.1,2.32,peak haircut x0.64,Agree,,
BAJAJCON,A,CONSUMER,542.95,382.1472798392541,-0.27753610012429514,REDUCE,medium,271.3,417.3,563.4,-0.231,REDUCE,low,0.1512,36.2,0.5,,Agree,,
COLPAL,A,CONSUMER,2111.7,1460.4901981289975,-0.283968133485808,REDUCE,high,1280.6,1970.2,2659.7,-0.067,HOLD,low,0.16,50.4,0.5,,Adjacent,,Δmos 0.22
PRICOLLTD,A,AUTO,613.3,439.6988348435466,-0.2853911346602525,REDUCE,medium,220.8,387.4,553.9,-0.368,AVOID,low,0.1,13.1,5.88,,Agree,,
THANGAMAYL,A,CONSUMER_DISC,6155.6,4589.279128101033,-0.2869361205560856,REDUCE,medium,1094.9,1684.5,2274.0,-0.726,ABSTAIN,low,0.1541,25.5,0.5,,Engine-should-have-abstained,engine-rich: thin-margin name on rich sector multiples (VAL-01/AWL-class),independent legs disagree beyond tolerance
UTLSOLAR,A,MANUFACTURING,376.0,260.16236008269135,-0.28751921105657574,REDUCE,medium,68.0,104.7,141.3,-0.722,ABSTAIN,low,0.12,14.6,0.5,,Engine-should-have-abstained,engine-rich: exit-multiple/sector-P-E leg inflation (VAL-01 family),independent legs disagree beyond tolerance
VAIBHAVGBL,A,CONSUMER_DISC,256.69,181.2494345405378,-0.30839304559645203,REDUCE,medium,255.7,393.5,531.2,0.533,ABSTAIN,low,0.0966,17.3,9.0,,Engine-should-have-abstained,engine-bearish: compounder growth/CAP caps (VAL-02),independent legs disagree beyond tolerance
CARYSIL,A,MANUFACTURING,1179.9,803.5959812403394,-0.31157715990718804,REDUCE,medium,402.3,619.0,835.6,-0.475,ABSTAIN,low,0.0978,12.4,4.59,,Engine-should-have-abstained,threshold/judgment difference (<0.30 gap),independent legs disagree beyond tolerance
AVL,A,CONSUMER_DISC,637.0,430.3424350116476,-0.3118924927859808,REDUCE,medium,134.1,206.3,278.6,-0.676,ABSTAIN,low,0.1586,23.9,0.5,,Engine-should-have-abstained,engine-rich: exit-multiple/sector-P-E leg inflation (VAL-01 family),independent legs disagree beyond tolerance
PERSISTENT,A,IT_SERVICES,5196.5,3565.2089498273513,-0.312120830070549,REDUCE,high,1530.6,2354.8,3179.0,-0.547,ABSTAIN,low,0.1428,24.2,0.5,,Engine-should-have-abstained,threshold/judgment difference (<0.30 gap),independent legs disagree beyond tolerance
METROBRAND,A,CONSUMER_DISC,1069.5,731.6139797753798,-0.32170037105935484,REDUCE,medium,181.2,278.8,376.3,-0.739,ABSTAIN,low,0.1247,21.7,0.5,,Engine-should-have-abstained,engine-rich: thin-margin name on rich sector multiples (VAL-01/AWL-class),independent legs disagree beyond tolerance
VOLTAMP,A,MANUFACTURING,9530.0,6422.174076170249,-0.32362568971350725,REDUCE,medium,4367.3,6718.9,9070.6,-0.295,AVOID,low,0.102,12.7,6.8,,Agree,,
AJANTPHARM,A,PHARMA,3470.1,2322.933856063636,-0.32400143873828363,REDUCE,high,1317.6,2027.0,2736.5,-0.416,ABSTAIN,low,0.1398,29.5,0.5,,Engine-should-have-abstained,threshold/judgment difference (<0.30 gap),independent legs disagree beyond tolerance
RAINBOW,A,PHARMA,1495.5,993.4107148898297,-0.3273676519129057,REDUCE,high,320.4,492.9,665.4,-0.67,ABSTAIN,low,0.1026,21.8,0.5,,Engine-should-have-abstained,engine-rich: exit-multiple/sector-P-E leg inflation (VAL-01 family),independent legs disagree beyond tolerance
CARERATING,A,MANUFACTURING,1677.4,1118.4597862029502,-0.32986232102878954,REDUCE,medium,943.4,1451.4,1959.4,-0.135,REDUCE,low,0.1116,13.3,9.0,,Agree,,
ESABINDIA,A,CAPITAL_GOODS,5729.0,3758.667017199811,-0.3363349488479189,REDUCE,medium,1681.2,1977.8,2274.5,-0.655,ABSTAIN,low,0.0979,18.4,9.0,,Method-limited-unchecked,,method_limited
HYUNDAI,A,AUTO,1998.0,1339.8974525967083,-0.3383222456312552,REDUCE,high,670.5,1176.3,1682.2,-0.411,ABSTAIN,low,0.1,14.4,9.0,peak haircut x0.66,Engine-should-have-abstained,threshold/judgment difference (<0.30 gap),independent legs disagree beyond tolerance
CHOLAFIN,A,NBFC,1804.9,1174.4408862300559,-0.3435577182773149,REDUCE,high,721.9,849.3,976.6,-0.529,AVOID,high,0.0774,12.1,2.55,,Agree,,
EMCURE,A,PHARMA,1850.2,1162.7773691864697,-0.34679098410961756,REDUCE,high,624.0,960.0,1296.1,-0.481,ABSTAIN,low,0.114,24.0,0.5,,Engine-should-have-abstained,threshold/judgment difference (<0.30 gap),independent legs disagree beyond tolerance
SUPRIYA,A,IT_SERVICES,838.9,541.2438621998899,-0.34687599589732127,REDUCE,medium,256.2,394.1,532.0,-0.53,ABSTAIN,low,0.105,18.2,0.5,,Engine-should-have-abstained,threshold/judgment difference (<0.30 gap),independent legs disagree beyond tolerance
ENGINERSIN,A,CONSTRUCTION,230.33,146.88883466946993,-0.35501521616988707,REDUCE,high,94.4,165.6,236.9,-0.281,AVOID,low,0.1,11.9,4.77,peak haircut x0.68,Agree,,
ASKAUTOLTD,A,AUTO,478.0,309.2911696608797,-0.3567155373109824,REDUCE,medium,159.8,280.3,400.8,-0.414,ABSTAIN,low,0.1,13.7,7.47,peak haircut x0.79,Engine-should-have-abstained,threshold/judgment difference (<0.30 gap),independent legs disagree beyond tolerance
HAVELLS,A,CONSUMER_DISC,1191.0,755.5800360671736,-0.36070730512972876,REDUCE,high,279.0,429.2,579.4,-0.64,ABSTAIN,low,0.1072,18.9,0.5,,Engine-should-have-abstained,threshold/judgment difference (<0.30 gap),independent legs disagree beyond tolerance
NLCINDIA,A,UTILITIES,296.45,185.99032380495902,-0.3710168285256712,REDUCE,high,187.0,287.7,388.5,-0.029,HOLD,low,0.105,15.9,0.5,,Adjacent,,Δmos 0.34
TVSMOTOR,A,AUTO,3625.0,2228.4671487806795,-0.37464090114194487,REDUCE,high,467.2,819.6,1172.0,-0.774,ABSTAIN,low,0.1,15.1,9.0,peak haircut x0.60,Engine-should-have-abstained,engine-rich: exit-multiple/sector-P-E leg inflation (VAL-01 family),independent legs disagree beyond tolerance
ELGIEQUIP,A,CAPITAL_GOODS,584.5,362.89192745013133,-0.3761527807286723,REDUCE,high,185.8,285.9,385.9,-0.511,ABSTAIN,low,0.1158,14.6,9.0,,Engine-should-have-abstained,threshold/judgment difference (<0.30 gap),independent legs disagree beyond tolerance
APARINDS,A,CAPITAL_GOODS,13900.0,8637.673099015481,-0.37679126269729574,REDUCE,high,3158.1,4858.6,6559.1,-0.65,ABSTAIN,low,0.1571,17.9,0.5,,Engine-should-have-abstained,threshold/judgment difference (<0.30 gap),independent legs disagree beyond tolerance
MSUMI,A,AUTO,39.7,24.616667872378937,-0.38412139423620373,REDUCE,high,9.0,15.8,22.6,-0.601,ABSTAIN,low,0.1,14.7,9.0,peak haircut x0.62,Engine-should-have-abstained,threshold/judgment difference (<0.30 gap),independent legs disagree beyond tolerance
RPGLIFE,A,IT_SERVICES,3018.4,1755.3620076936559,-0.3863443427045426,REDUCE,medium,733.5,1128.4,1523.4,-0.626,ABSTAIN,low,0.114,19.6,0.5,,Engine-should-have-abstained,threshold/judgment difference (<0.30 gap),independent legs disagree beyond tolerance
CASTROLIND,A,ENERGY,184.6,112.31001402167193,-0.3886226781618294,REDUCE,high,61.3,102.2,143.2,-0.446,AVOID,medium,0.05,14.5,6.45,peak haircut x0.60,Agree,,
TARIL,A,CAPITAL_GOODS,331.75,200.61238697075814,-0.39665447527591535,REDUCE,high,117.1,180.2,243.2,-0.457,ABSTAIN,low,0.108,13.7,8.0,,Engine-should-have-abstained,threshold/judgment difference (<0.30 gap),independent legs disagree beyond tolerance
ABBOTINDIA,A,PHARMA,28295.0,16630.15119506795,-0.4028671025110252,REDUCE,high,16128.9,24813.7,33498.5,-0.123,REDUCE,low,0.16,42.2,0.5,,Dir-agree-magnitude-off,threshold/judgment difference (<0.30 gap),Δmos 0.28
BAJFINANCE,A,NBFC,1054.85,629.149739323065,-0.40438347124579666,REDUCE,high,560.9,715.2,869.5,-0.322,AVOID,medium,0.1,12.3,4.5,,Agree,,
CARRARO,A,AUTO,563.65,331.4483337201866,-0.4068569546882845,REDUCE,medium,243.8,427.8,611.7,-0.241,REDUCE,low,0.1,13.8,7.71,peak haircut x0.78,Agree,,
HBLENGINE,A,CAPITAL_GOODS,736.35,434.68727551047556,-0.41238624466309487,REDUCE,high,399.1,614.0,828.9,-0.166,REDUCE,low,0.16,25.8,0.5,,Dir-agree-magnitude-off,threshold/judgment difference (<0.30 gap),Δmos 0.25
BERGEPAINT,A,CONSUMER_DISC,491.9,288.3360439408086,-0.41650097350843135,REDUCE,high,157.0,241.5,326.0,-0.509,ABSTAIN,low,0.0978,17.5,9.0,,Engine-should-have-abstained,threshold/judgment difference (<0.30 gap),independent legs disagree beyond tolerance
JAYNECOIND,A,METAL,83.99,51.40803851085958,-0.4234828023902705,REDUCE,medium,30.4,39.8,49.1,-0.527,AVOID,medium,0.07,9.3,1.63,peak haircut x0.80,Agree,,
DOMS,A,CONSUMER,2273.1,1302.1132872637136,-0.424174905026439,REDUCE,high,564.4,868.3,1172.2,-0.618,ABSTAIN,low,0.1176,28.1,0.5,,Engine-should-have-abstained,threshold/judgment difference (<0.30 gap),independent legs disagree beyond tolerance
MAZDOCK,A,CAPITAL_GOODS,2342.95,1356.4890723560284,-0.425532938484721,REDUCE,high,701.8,1079.6,1457.5,-0.539,ABSTAIN,low,0.149,20.8,0.5,,Method-limited-unchecked,,method_limited
GODREJIND,A,MANUFACTURING,1328.6,763.4753397465263,-0.42836527422392456,REDUCE,medium,264.6,407.1,549.6,-0.694,ABSTAIN,low,0.12,14.2,0.5,,Engine-should-have-abstained,threshold/judgment difference (<0.30 gap),independent legs disagree beyond tolerance
JSL,A,METAL,715.9,419.46195808574305,-0.4295363007129837,REDUCE,high,168.2,238.2,308.2,-0.667,AVOID,medium,0.07,9.4,1.67,peak haircut x0.79,Dir-agree-magnitude-off,threshold/judgment difference (<0.30 gap),Δmos 0.24
CAMPUS,A,CONSUMER_DISC,231.7,144.92219111040416,-0.4299339504743759,REDUCE,medium,37.5,57.6,77.8,-0.751,ABSTAIN,low,0.1249,19.7,0.5,,Engine-should-have-abstained,engine-rich: exit-multiple/sector-P-E leg inflation (VAL-01 family),independent legs disagree beyond tolerance
BEL,A,CAPITAL_GOODS,414.85,233.27609009976692,-0.4302696541707976,REDUCE,high,95.2,146.4,197.7,-0.647,ABSTAIN,low,0.16,23.8,0.5,,Method-limited-unchecked,,method_limited
SIEMENS,A,CAPITAL_GOODS,3630.0,2072.328615939172,-0.4334184667707863,REDUCE,high,626.1,928.9,1231.8,-0.744,ABSTAIN,low,0.099,12.7,3.66,,Engine-should-have-abstained,engine-rich: thin-margin name on rich sector multiples (VAL-01/AWL-class),independent legs disagree beyond tolerance
HAL,A,CAPITAL_GOODS,4499.3,2511.0847017029173,-0.43364953274777457,REDUCE,high,1244.5,1914.6,2584.7,-0.574,ABSTAIN,low,0.1333,16.7,0.5,,Method-limited-unchecked,,method_limited
UNITDSPR,A,CONSUMER,1385.75,774.0565394185812,-0.4397390421116233,REDUCE,high,284.9,438.3,591.7,-0.684,ABSTAIN,low,0.0929,25.0,0.5,,Engine-should-have-abstained,threshold/judgment difference (<0.30 gap),independent legs disagree beyond tolerance
JSWSTEEL,A,METAL,1245.3,688.2022135445462,-0.44378710616297884,REDUCE,high,121.1,157.3,193.5,-0.874,AVOID,high,0.061,6.0,0.5,trough uplift x1.30,Dir-agree-magnitude-off,engine-rich: thin-margin name on rich sector multiples (VAL-01/AWL-class),Δmos 0.43
STYLAMIND,A,MANUFACTURING,3423.5,1805.3204305047548,-0.44577870985916535,REDUCE,medium,1467.6,2257.9,3048.1,-0.34,AVOID,low,0.1116,13.3,9.0,,Agree,,
RRKABEL,A,CAPITAL_GOODS,2294.0,1269.503770528171,-0.4468634174858738,REDUCE,high,575.3,885.1,1194.9,-0.614,ABSTAIN,low,0.1147,14.5,9.0,,Engine-should-have-abstained,threshold/judgment difference (<0.30 gap),independent legs disagree beyond tolerance
SJVN,A,UTILITIES,69.36,51.933088168464884,-0.25038845022423667,AVOID,high,13.9,16.4,18.9,-0.764,AVOID,high,0.036,8.7,0.5,,Dir-agree-magnitude-off,engine-rich: exit-multiple/sector-P-E leg inflation (VAL-01 family),Δmos 0.51
MARUTI,A,AUTO,13830.35,10311.79930617904,-0.2518465278836944,AVOID,high,4383.1,5986.8,7590.6,-0.567,AVOID,medium,0.1,11.1,2.18,,Dir-agree-magnitude-off,engine-rich: thin-margin name on rich sector multiples (VAL-01/AWL-class),Δmos 0.32
INTERARCH,A,CONSTRUCTION,1860.5,1366.8146586212092,-0.2541256978874711,AVOID,medium,701.6,911.1,1120.7,-0.51,AVOID,high,0.0918,10.3,2.03,,Dir-agree-magnitude-off,threshold/judgment difference (<0.30 gap),Δmos 0.26
GRANULES,A,PHARMA,873.95,655.4516166110387,-0.2542788365537986,AVOID,high,340.2,400.2,460.2,-0.542,AVOID,high,0.0702,16.3,1.97,,Dir-agree-magnitude-off,threshold/judgment difference (<0.30 gap),Δmos 0.29
INNOVACAP,A,IT_SERVICES,975.0,709.3963349701514,-0.26258177238029995,AVOID,medium,307.3,361.6,415.8,-0.629,AVOID,high,0.0774,14.7,1.9,,Dir-agree-magnitude-off,engine-rich: exit-multiple/sector-P-E leg inflation (VAL-01 family),Δmos 0.37
OIL,A,ENERGY,422.4,321.4696518682216,-0.2630223478491022,AVOID,high,288.3,392.3,496.2,-0.071,HOLD,medium,0.07,9.9,0.95,,Adjacent,,Δmos 0.19
PARKHOSPS,A,PHARMA,279.55,202.0047346591407,-0.2642333467159327,AVOID,medium,97.4,141.0,184.6,-0.496,AVOID,medium,0.081,18.0,4.15,,Dir-agree-magnitude-off,threshold/judgment difference (<0.30 gap),Δmos 0.23
GAIL,A,ENERGY,174.15,126.21363446875148,-0.2649604887965088,AVOID,high,133.6,173.6,213.5,-0.003,HOLD,high,0.0672,10.6,1.33,,Adjacent,,Δmos 0.26
VISHNU,A,CHEMICALS,635.0,439.1817073058055,-0.2741997896119559,AVOID,medium,182.2,236.6,291.0,-0.627,AVOID,high,0.0798,11.0,1.53,,Dir-agree-magnitude-off,engine-rich: exit-multiple/sector-P-E leg inflation (VAL-01 family),Δmos 0.35
ORIENTELEC,A,CONSUMER_DISC,178.0,123.72247444218654,-0.2829345401519268,AVOID,medium,51.1,60.1,69.1,-0.662,AVOID,high,0.0799,14.8,2.25,,Dir-agree-magnitude-off,engine-rich: thin-margin name on rich sector multiples (VAL-01/AWL-class),Δmos 0.38
INTELLECT,A,IT_SERVICES,751.6,542.9887952894411,-0.2854940518594104,AVOID,high,259.8,305.7,351.6,-0.593,AVOID,high,0.0648,13.2,1.09,,Dir-agree-magnitude-off,engine-rich: exit-multiple/sector-P-E leg inflation (VAL-01 family),Δmos 0.31
VSTTILLERS,A,CAPITAL_GOODS,4670.2,3220.5950442111034,-0.28700574624505126,AVOID,medium,523.9,647.2,770.4,-0.861,AVOID,medium,0.0762,8.3,0.5,,Dir-agree-magnitude-off,engine-rich: exit-multiple/sector-P-E leg inflation (VAL-01 family),Δmos 0.57
WONDERLA,A,MANUFACTURING,472.0,332.13817406951165,-0.2887833531702106,AVOID,medium,107.3,126.3,145.2,-0.732,AVOID,high,0.0535,7.5,0.5,,Dir-agree-magnitude-off,engine-rich: exit-multiple/sector-P-E leg inflation (VAL-01 family),Δmos 0.44
IRCON,A,CONSTRUCTION,129.5,91.60738073025433,-0.2915129100521707,AVOID,high,36.3,52.3,68.3,-0.596,AVOID,medium,0.0534,7.4,0.52,trough uplift x1.29,Dir-agree-magnitude-off,engine-rich: exit-multiple/sector-P-E leg inflation (VAL-01 family),Δmos 0.30
VESUVIUS,A,MANUFACTURING,467.0,329.1093048542662,-0.2933019006779768,AVOID,medium,138.9,213.7,288.4,-0.542,ABSTAIN,low,0.0954,12.3,3.83,,Engine-should-have-abstained,threshold/judgment difference (<0.30 gap),independent legs disagree beyond tolerance
KIRLOSIND,A,REALTY,3850.0,2682.70009025608,-0.2962671256640487,AVOID,medium,907.5,1178.6,1449.6,-0.694,AVOID,high,0.036,5.6,0.5,trough uplift x1.30,Dir-agree-magnitude-off,engine-rich: exit-multiple/sector-P-E leg inflation (VAL-01 family),Δmos 0.40
INDIASHLTR,A,NBFC,815.05,574.7568313100236,-0.2963310096596185,AVOID,medium,464.7,546.7,628.8,-0.329,AVOID,high,0.0707,11.6,1.97,,Agree,,
JKCEMENT,A,CEMENT,5527.0,3782.2276377051653,-0.29731023916299765,AVOID,high,1164.3,1512.0,1859.8,-0.726,AVOID,high,0.084,11.1,1.84,,Dir-agree-magnitude-off,engine-rich: exit-multiple/sector-P-E leg inflation (VAL-01 family),Δmos 0.43
RAMKY,A,CONSTRUCTION,384.7,271.4602525595441,-0.299638151291166,AVOID,medium,280.2,363.9,447.6,-0.054,HOLD,high,0.0786,9.3,1.21,,Adjacent,,Δmos 0.25
ABCAPITAL,A,NBFC,401.75,280.1017211513655,-0.2997456971215863,AVOID,medium,120.7,154.5,188.4,-0.615,AVOID,medium,0.0505,10.2,0.96,,Dir-agree-magnitude-off,engine-rich: thin-margin name on rich sector multiples (VAL-01/AWL-class),Δmos 0.32
SUNPHARMA,A,PHARMA,1933.1,1353.2487092678057,-0.2997781696844635,AVOID,high,540.3,831.3,1122.2,-0.57,ABSTAIN,low,0.11,20.0,0.5,,Engine-should-have-abstained,threshold/judgment difference (<0.30 gap),independent legs disagree beyond tolerance
INDIAGLYCO,A,CHEMICALS,1141.5,819.8606073724347,-0.3029285317583347,AVOID,medium,333.0,485.0,637.0,-0.575,AVOID,medium,0.06,9.4,0.73,trough uplift x1.30,Dir-agree-magnitude-off,threshold/judgment difference (<0.30 gap),Δmos 0.27
VMART,A,CONSUMER_DISC,774.5,518.7007525085827,-0.3048770403262092,AVOID,medium,86.4,132.9,179.5,-0.828,ABSTAIN,low,0.0887,16.2,4.46,,Engine-should-have-abstained,engine-rich: thin-margin name on rich sector multiples (VAL-01/AWL-class),independent legs disagree beyond tolerance
MANKIND,A,PHARMA,2560.9,1733.3157454459904,-0.3062296888224502,AVOID,high,656.7,772.6,888.5,-0.698,AVOID,high,0.0714,16.4,2.11,,Dir-agree-magnitude-off,engine-rich: exit-multiple/sector-P-E leg inflation (VAL-01 family),Δmos 0.39
ARTEMISMED,A,PHARMA,271.4,187.0280827334893,-0.30691835192333045,AVOID,medium,86.3,101.5,116.8,-0.626,AVOID,high,0.0666,15.7,1.62,,Dir-agree-magnitude-off,engine-rich: exit-multiple/sector-P-E leg inflation (VAL-01 family),Δmos 0.32
MOTHERSON,A,AUTO,144.7,98.48200309720492,-0.3144308868972856,AVOID,high,27.3,41.7,56.1,-0.712,AVOID,medium,0.0598,9.2,0.7,trough uplift x1.30,Dir-agree-magnitude-off,engine-rich: thin-margin name on rich sector multiples (VAL-01/AWL-class),Δmos 0.40
SSWL,A,METAL,274.9,181.15888537037745,-0.3174118863211098,AVOID,medium,65.8,85.4,105.1,-0.689,AVOID,high,0.063,7.5,0.66,,Dir-agree-magnitude-off,engine-rich: thin-margin name on rich sector multiples (VAL-01/AWL-class),Δmos 0.37
BLUEDART,A,MANUFACTURING,4928.1,3317.4667794098086,-0.3192705750790395,AVOID,high,1248.5,1920.8,2593.1,-0.61,ABSTAIN,low,0.1063,11.7,5.73,,Engine-should-have-abstained,threshold/judgment difference (<0.30 gap),independent legs disagree beyond tolerance
SURYAROSNI,A,METAL,242.2,167.8144788277074,-0.31962506049986866,AVOID,medium,73.6,95.6,117.6,-0.605,AVOID,high,0.0654,7.7,0.71,,Dir-agree-magnitude-off,threshold/judgment difference (<0.30 gap),Δmos 0.29
MINDSPACE,A,MANUFACTURING,,335.72669543247946,-0.3217505496424585,AVOID,medium,,,,,ABSTAIN,,,,,,Engine-should-have-abstained,uncomparable,near-zero/negative returns — no defensible capitalization
INOXWIND,A,CAPITAL_GOODS,79.28,52.394742964072805,-0.3268053068987176,AVOID,high,16.6,19.5,22.4,-0.754,AVOID,high,0.042,7.4,0.5,,Dir-agree-magnitude-off,engine-rich: exit-multiple/sector-P-E leg inflation (VAL-01 family),Δmos 0.43
LODHA,A,REALTY,1189.45,792.7577026820595,-0.3270879359289877,AVOID,high,273.3,354.9,436.5,-0.702,AVOID,high,0.0884,9.5,1.63,,Dir-agree-magnitude-off,engine-rich: thin-margin name on rich sector multiples (VAL-01/AWL-class),Δmos 0.37
ETHOSLTD,A,CONSUMER_DISC,2660.95,1763.8337629603843,-0.3279865268562562,AVOID,medium,302.5,355.8,409.2,-0.866,AVOID,high,0.0388,10.1,0.5,,Dir-agree-magnitude-off,engine-rich: thin-margin name on rich sector multiples (VAL-01/AWL-class),Δmos 0.54
PIIND,A,CHEMICALS,2657.6,1756.3548063956184,-0.3309889131163607,AVOID,high,763.5,991.5,1219.6,-0.627,AVOID,high,0.0708,10.3,1.08,trough uplift x1.22,Dir-agree-magnitude-off,threshold/judgment difference (<0.30 gap),Δmos 0.30
GODREJCP,A,CONSUMER,1074.0,706.1772700745313,-0.33234634577429206,AVOID,high,230.1,270.7,311.3,-0.748,AVOID,high,0.03,17.3,1.96,,Dir-agree-magnitude-off,engine-rich: exit-multiple/sector-P-E leg inflation (VAL-01 family),Δmos 0.42
ATUL,A,CHEMICALS,6111.5,4012.4403480147307,-0.3404388348788147,AVOID,high,1869.0,2565.5,3262.1,-0.58,AVOID,medium,0.0666,10.0,0.93,trough uplift x1.27,Dir-agree-magnitude-off,threshold/judgment difference (<0.30 gap),Δmos 0.24
TORNTPOWER,A,UTILITIES,1428.0,921.4594501286673,-0.3405900600195597,AVOID,high,609.3,719.9,830.6,-0.496,AVOID,medium,0.0774,13.4,2.33,,Agree,,
YATHARTH,A,PHARMA,849.9,552.1005698720219,-0.34585240536490297,AVOID,medium,211.6,248.9,286.3,-0.707,AVOID,high,0.0576,14.3,1.05,,Dir-agree-magnitude-off,engine-rich: exit-multiple/sector-P-E leg inflation (VAL-01 family),Δmos 0.36
FEDERALBNK,A,BANK,351.55,224.027177705309,-0.34771530730729655,AVOID,high,146.7,172.6,198.5,-0.509,AVOID,high,0.0491,10.7,0.99,,Agree,,
RALLIS,A,CHEMICALS,236.75,152.37616932048405,-0.34865277712026993,AVOID,medium,62.3,93.6,124.9,-0.605,AVOID,medium,0.054,9.0,0.6,trough uplift x1.30,Dir-agree-magnitude-off,threshold/judgment difference (<0.30 gap),Δmos 0.26
JUBLPHARMA,A,PHARMA,1027.4,655.2464499713466,-0.35456417457511175,AVOID,high,230.7,271.5,312.2,-0.736,AVOID,high,0.036,11.3,0.5,,Dir-agree-magnitude-off,engine-rich: exit-multiple/sector-P-E leg inflation (VAL-01 family),Δmos 0.38
OBEROIRLTY,A,REALTY,1890.0,1216.48238091932,-0.3546512568067268,AVOID,high,511.0,663.6,816.3,-0.649,AVOID,high,0.0839,9.2,1.38,,Dir-agree-magnitude-off,threshold/judgment difference (<0.30 gap),Δmos 0.29
SUPRAJIT,A,AUTO,487.2,314.0888650127947,-0.35637527661312557,AVOID,medium,118.9,154.4,189.9,-0.683,AVOID,high,0.0762,10.4,1.25,trough uplift x1.21,Dir-agree-magnitude-off,engine-rich: exit-multiple/sector-P-E leg inflation (VAL-01 family),Δmos 0.33
SYNGENE,A,PHARMA,417.7,268.49172857594925,-0.35682901287351954,AVOID,high,69.8,85.8,101.8,-0.795,AVOID,medium,0.039,11.7,0.5,,Dir-agree-magnitude-off,engine-rich: exit-multiple/sector-P-E leg inflation (VAL-01 family),Δmos 0.44
KINGFA,A,CHEMICALS,5067.0,3241.3756085626255,-0.3575073124751981,AVOID,medium,1225.9,1592.1,1958.2,-0.686,AVOID,high,0.0792,11.0,1.5,,Dir-agree-magnitude-off,engine-rich: exit-multiple/sector-P-E leg inflation (VAL-01 family),Δmos 0.33
KOTAKBANK,A,BANK,389.85,250.21414661151644,-0.3583430013809041,AVOID,high,163.3,192.1,220.9,-0.507,AVOID,high,0.0479,10.6,0.95,,Agree,,
PNBHOUSING,A,NBFC,1102.0,693.5853603988314,-0.3640332290493018,AVOID,high,713.8,839.8,965.7,-0.238,REDUCE,high,0.0536,10.4,1.07,,Agree,,
MARATHON,A,CONSTRUCTION,397.0,246.63586885476658,-0.36409470451265546,AVOID,medium,179.0,249.4,319.8,-0.372,AVOID,medium,0.0498,7.2,0.5,trough uplift x1.30,Agree,,
CUB,A,BANK,222.76,140.26289986527536,-0.3661293390036363,AVOID,high,123.0,144.7,166.4,-0.35,AVOID,high,0.0567,11.4,1.31,,Agree,,
SMSPHARMA,A,IT_SERVICES,384.55,242.59743497576767,-0.372078594601352,AVOID,medium,122.6,144.2,165.8,-0.625,AVOID,high,0.0672,13.5,1.2,,Dir-agree-magnitude-off,threshold/judgment difference (<0.30 gap),Δmos 0.25
CLEAN,A,CHEMICALS,727.8,466.5711842599666,-0.3728881931989696,AVOID,high,210.1,272.8,335.6,-0.625,AVOID,high,0.087,11.6,2.11,,Dir-agree-magnitude-off,threshold/judgment difference (<0.30 gap),Δmos 0.25
NORTHARC,A,NBFC,306.25,188.50915703418207,-0.37517680797420594,AVOID,medium,186.9,219.8,252.8,-0.282,AVOID,high,0.0468,9.9,0.84,,Agree,,
SKFINDUS,A,MANUFACTURING,2631.4,1637.4111932258545,-0.37681781418616384,AVOID,medium,486.5,595.4,704.4,-0.774,AVOID,medium,0.0882,11.8,2.47,,Dir-agree-magnitude-off,engine-rich: exit-multiple/sector-P-E leg inflation (VAL-01 family),Δmos 0.40
HINDALCO,A,METAL,940.25,585.5307643738494,-0.3798329032740037,AVOID,high,340.2,498.9,657.6,-0.469,AVOID,medium,0.0588,7.3,0.58,,Agree,,
JSWINFRA,A,MANUFACTURING,351.3,210.0377756170745,-0.38060225415194787,AVOID,high,54.3,83.5,112.7,-0.762,ABSTAIN,low,0.12,13.0,0.5,,Engine-should-have-abstained,engine-rich: exit-multiple/sector-P-E leg inflation (VAL-01 family),independent legs disagree beyond tolerance
TATACONSUM,A,CONSUMER,1088.3,672.9868117130488,-0.38178687147432583,AVOID,high,175.2,226.6,278.1,-0.792,AVOID,medium,0.0451,15.3,0.65,,Dir-agree-magnitude-off,engine-rich: thin-margin name on rich sector multiples (VAL-01/AWL-class),Δmos 0.41
JSWENERGY,A,UTILITIES,566.6,334.25792331997604,-0.3837995698774523,AVOID,high,110.6,130.1,149.6,-0.77,AVOID,high,0.054,11.0,0.79,,Dir-agree-magnitude-off,engine-rich: exit-multiple/sector-P-E leg inflation (VAL-01 family),Δmos 0.39
ROLEXRINGS,A,MANUFACTURING,154.5,96.30580121015186,-0.38502042649966883,AVOID,medium,44.7,52.5,60.4,-0.66,AVOID,high,0.0696,10.5,1.09,,Dir-agree-magnitude-off,threshold/judgment difference (<0.30 gap),Δmos 0.27
AARTIPHARM,A,IT_SERVICES,701.35,434.3085279125718,-0.38518045312489835,AVOID,medium,163.8,205.6,247.5,-0.707,AVOID,medium,0.0492,11.6,0.59,,Dir-agree-magnitude-off,engine-rich: exit-multiple/sector-P-E leg inflation (VAL-01 family),Δmos 0.32
GLAND,A,PHARMA,2453.6,1500.5208436521857,-0.3875175135098634,AVOID,high,740.7,871.4,1002.1,-0.645,AVOID,high,0.0594,14.6,1.14,,Dir-agree-magnitude-off,threshold/judgment difference (<0.30 gap),Δmos 0.26
SHRIRAMFIN,A,NBFC,1036.35,631.0638564011588,-0.3902175510666164,AVOID,high,618.8,730.6,842.5,-0.295,AVOID,medium,0.0683,11.5,1.81,,Agree,,
KSHINTL,A,MANUFACTURING,866.35,518.267107832753,-0.3953953478385989,AVOID,medium,173.4,204.0,234.6,-0.765,AVOID,high,0.0818,11.4,1.8,,Dir-agree-magnitude-off,engine-rich: thin-margin name on rich sector multiples (VAL-01/AWL-class),Δmos 0.37
TECHNOE,A,CONSTRUCTION,1013.0,623.5316790320471,-0.39691297124282127,AVOID,high,233.0,302.6,372.2,-0.701,AVOID,high,0.0648,8.3,0.76,,Dir-agree-magnitude-off,engine-rich: exit-multiple/sector-P-E leg inflation (VAL-01 family),Δmos 0.30
SARDAEN,A,METAL,501.8,296.94697153769727,-0.3982227752807837,AVOID,high,214.9,279.1,343.3,-0.444,AVOID,high,0.07,8.8,1.3,,Agree,,
ICIL,A,CONSUMER_DISC,426.8,231.6605364864845,-0.39906475619588977,AVOID,medium,125.6,182.4,239.1,-0.573,AVOID,medium,0.0609,10.3,0.5,,Agree,,
NRBBEARING,A,MANUFACTURING,404.0,243.37158480759632,-0.39952730123958474,AVOID,medium,161.4,210.7,260.0,-0.479,AVOID,medium,0.0906,12.0,2.82,,Agree,,
AKUMS,A,IT_SERVICES,677.0,394.0808380325613,-0.40277208754631916,AVOID,medium,136.0,172.9,209.8,-0.745,AVOID,medium,0.0462,11.3,0.53,,Dir-agree-magnitude-off,engine-rich: exit-multiple/sector-P-E leg inflation (VAL-01 family),Δmos 0.34
AARTIIND,A,CHEMICALS,494.8,289.3485827721652,-0.41123495213721606,AVOID,high,79.3,106.7,134.1,-0.784,AVOID,medium,0.042,8.0,0.5,trough uplift x1.30,Dir-agree-magnitude-off,engine-rich: exit-multiple/sector-P-E leg inflation (VAL-01 family),Δmos 0.37
SUNTECK,A,CONSTRUCTION,314.7,184.2187709433632,-0.41340942224689314,AVOID,medium,88.5,115.0,141.4,-0.635,AVOID,high,0.036,6.1,0.5,trough uplift x1.30,Dir-agree-magnitude-off,threshold/judgment difference (<0.30 gap),Δmos 0.22
USHAMART,A,CAPITAL_GOODS,505.0,286.30294197864475,-0.4157082816762352,AVOID,high,159.5,187.6,215.7,-0.629,AVOID,high,0.0858,11.4,1.83,,Dir-agree-magnitude-off,threshold/judgment difference (<0.30 gap),Δmos 0.21
MEDANTA,A,PHARMA,1331.0,764.5701309908142,-0.41769220792778816,AVOID,high,328.5,505.4,682.3,-0.62,ABSTAIN,low,0.16,28.5,0.5,,Engine-should-have-abstained,threshold/judgment difference (<0.30 gap),independent legs disagree beyond tolerance
IREDA,A,NBFC,121.89,69.9706057384793,-0.4210606839444042,AVOID,high,60.6,71.3,82.0,-0.415,AVOID,high,0.0612,11.0,1.4,,Agree,,
NHPC,A,UTILITIES,80.75,45.71427062247187,-0.4227996133526279,AVOID,high,29.5,34.7,39.9,-0.571,AVOID,high,0.0468,10.1,0.59,,Agree,,
ADANIENT,A,METAL,3160.15,1822.7956989247314,-0.4232936694641277,AVOID,medium,435.7,565.9,696.0,-0.821,AVOID,high,0.07,8.1,0.87,,Dir-agree-magnitude-off,engine-rich: thin-margin name on rich sector multiples (VAL-01/AWL-class),Δmos 0.40
CRAFTSMAN,A,AUTO,9377.5,5238.429067225824,-0.42450655674530907,AVOID,high,1345.3,1808.1,2270.8,-0.807,AVOID,medium,0.0708,10.0,1.02,trough uplift x1.26,Dir-agree-magnitude-off,engine-rich: exit-multiple/sector-P-E leg inflation (VAL-01 family),Δmos 0.38
WABAG,A,UTILITIES,2220.7,1143.4940661005705,-0.4256973200238207,AVOID,medium,577.4,888.4,1199.3,-0.6,ABSTAIN,low,0.12,15.1,0.5,,Engine-should-have-abstained,threshold/judgment difference (<0.30 gap),independent legs disagree beyond tolerance
MINDACORP,A,AUTO,673.8,390.4845930373043,-0.4257157246307754,AVOID,high,110.0,159.2,208.4,-0.764,AVOID,medium,0.063,9.4,0.78,trough uplift x1.30,Dir-agree-magnitude-off,engine-rich: exit-multiple/sector-P-E leg inflation (VAL-01 family),Δmos 0.34
SUBROS,A,CAPITAL_GOODS,798.9,454.98209331013913,-0.43013264865964534,AVOID,medium,232.5,273.5,314.5,-0.658,AVOID,high,0.0798,10.8,1.43,,Dir-agree-magnitude-off,threshold/judgment difference (<0.30 gap),Δmos 0.23
SAREGAMA,A,CONSUMER_DISC,499.05,280.11482874017014,-0.4301397035089612,AVOID,high,182.9,215.2,247.5,-0.569,AVOID,high,0.053,13.6,1.49,,Agree,,
FINEORG,A,CHEMICALS,4947.0,2854.8903539720345,-0.4329346799141852,AVOID,medium,1337.0,2014.1,2691.2,-0.593,AVOID,medium,0.0942,12.2,3.09,,Agree,,
IRFC,A,NBFC,89.88,49.46865653962551,-0.4404631089285656,AVOID,high,34.3,40.4,46.4,-0.551,AVOID,high,0.0799,10.9,1.36,,Agree,,
BIKAJI,A,CONSUMER,644.4,358.2155275094878,-0.4405067903014638,AVOID,high,129.9,199.8,269.7,-0.69,ABSTAIN,low,0.0948,23.5,0.5,,Engine-should-have-abstained,threshold/judgment difference (<0.30 gap),independent legs disagree beyond tolerance
DEEPINDS,A,ENERGY,465.0,263.7203179361514,-0.4432168944660585,AVOID,medium,124.7,165.6,206.4,-0.644,AVOID,medium,0.07,9.3,0.68,trough uplift x1.21,Dir-agree-magnitude-off,threshold/judgment difference (<0.30 gap),Δmos 0.20
MAPMYINDIA,A,IT_SERVICES,1105.55,647.5052403401272,-0.44460673299298603,AVOID,high,323.9,439.0,554.1,-0.603,AVOID,medium,0.0888,16.1,3.77,,Agree,,
FCL,A,CHEMICALS,39.3,20.87102262138298,-0.4453621413398092,AVOID,medium,8.8,11.4,14.0,-0.711,AVOID,high,0.0852,11.4,1.94,,Dir-agree-magnitude-off,threshold/judgment difference (<0.30 gap),Δmos 0.27
SUNDRMFAST,A,MANUFACTURING,942.0,535.1119908470168,-0.44547980223107064,AVOID,medium,275.2,423.4,571.6,-0.551,ABSTAIN,low,0.0993,11.8,3.54,,Engine-should-have-abstained,threshold/judgment difference (<0.30 gap),independent legs disagree beyond tolerance
FRACTAL,A,IT_SERVICES,847.15,480.4272221121522,-0.4462253217541903,AVOID,medium,157.4,192.9,228.5,-0.772,AVOID,medium,0.054,12.0,0.71,,Dir-agree-magnitude-off,engine-rich: exit-multiple/sector-P-E leg inflation (VAL-01 family),Δmos 0.33
AADHARHFC,A,NBFC,511.75,285.2574903525303,-0.4463169830113931,AVOID,high,235.6,277.2,318.8,-0.458,AVOID,high,0.0653,11.3,1.62,,Agree,,
INDIGOPNTS,A,CHEMICALS,1078.0,587.0414518236518,-0.4473343515122842,AVOID,medium,250.2,325.0,399.7,-0.699,AVOID,high,0.0768,10.8,1.36,,Dir-agree-magnitude-off,threshold/judgment difference (<0.30 gap),Δmos 0.25
SPLPETRO,A,CHEMICALS,730.0,380.3297173855893,-0.44879751103537785,AVOID,high,191.9,249.2,306.6,-0.659,AVOID,high,0.0736,11.3,1.69,,Dir-agree-magnitude-off,threshold/judgment difference (<0.30 gap),Δmos 0.21
GLENMARK,A,PHARMA,2239.8,1234.0950189953062,-0.4495561913491052,AVOID,high,733.8,917.4,1101.0,-0.59,AVOID,medium,0.078,17.5,3.25,,Agree,,
GREENPLY,A,MANUFACTURING,322.0,172.33859187057487,-0.45027562401730503,AVOID,medium,55.4,65.2,75.0,-0.797,AVOID,high,0.06,9.8,0.77,,Dir-agree-magnitude-off,engine-rich: thin-margin name on rich sector multiples (VAL-01/AWL-class),Δmos 0.35
AIAENG,A,CAPITAL_GOODS,4664.35,2547.82611140607,-0.4503072035801359,AVOID,high,1053.5,1620.8,2188.1,-0.653,ABSTAIN,low,0.1403,14.3,0.5,,Engine-should-have-abstained,threshold/judgment difference (<0.30 gap),independent legs disagree beyond tolerance
BASF,A,CHEMICALS,3719.0,2047.1754603397594,-0.4507323494567467,AVOID,medium,731.2,1047.4,1363.7,-0.718,AVOID,medium,0.063,9.7,0.82,trough uplift x1.30,Dir-agree-magnitude-off,threshold/judgment difference (<0.30 gap),Δmos 0.27
TEGA,A,CAPITAL_GOODS,1661.0,887.8266152722492,-0.4529718944718119,AVOID,high,224.2,344.9,465.7,-0.792,ABSTAIN,low,0.16,16.1,0.5,,Engine-should-have-abstained,engine-rich: exit-multiple/sector-P-E leg inflation (VAL-01 family),independent legs disagree beyond tolerance
TATASTEEL,A,METAL,191.15,101.50349882416431,-0.45395933711246267,AVOID,high,24.6,33.2,41.7,-0.826,AVOID,medium,0.03,6.5,0.5,trough uplift x1.30,Dir-agree-magnitude-off,engine-rich: thin-margin name on rich sector multiples (VAL-01/AWL-class),Δmos 0.37
ENDURANCE,A,AUTO,2745.35,1484.7921813900205,-0.4565779082128535,AVOID,high,590.9,767.4,943.9,-0.72,AVOID,high,0.0835,11.0,1.66,,Dir-agree-magnitude-off,threshold/judgment difference (<0.30 gap),Δmos 0.26
ULTRACEMCO,A,CEMENT,11725.0,6350.809708888772,-0.458445492548071,AVOID,high,1685.1,2188.5,2691.8,-0.813,AVOID,high,0.0652,9.3,0.8,trough uplift x1.22,Dir-agree-magnitude-off,engine-rich: exit-multiple/sector-P-E leg inflation (VAL-01 family),Δmos 0.35
KAJARIACER,A,CONSUMER_DISC,1234.85,667.0491291134377,-0.4593977395952365,AVOID,high,359.2,552.7,746.1,-0.552,ABSTAIN,low,0.1063,18.3,0.5,,Engine-should-have-abstained,threshold/judgment difference (<0.30 gap),independent legs disagree beyond tolerance
KIRLOSBROS,A,CAPITAL_GOODS,1900.0,997.6855412367808,-0.46216412871332574,AVOID,medium,482.4,567.5,652.6,-0.701,AVOID,high,0.0882,11.6,2.04,,Dir-agree-magnitude-off,threshold/judgment difference (<0.30 gap),Δmos 0.24
CONCOR,A,MANUFACTURING,464.25,261.8449211313833,-0.4642559158437171,AVOID,high,126.1,148.4,170.6,-0.68,AVOID,high,0.0486,10.0,0.89,,Dir-agree-magnitude-off,threshold/judgment difference (<0.30 gap),Δmos 0.22
MANINFRA,A,CONSTRUCTION,100.99,53.701322030180094,-0.4664018081261914,AVOID,medium,30.0,42.2,54.4,-0.582,AVOID,medium,0.0558,7.6,0.56,trough uplift x1.25,Agree,,
UJJIVANSFB,A,BANK,65.65,34.418907276717185,-0.46949896305922956,AVOID,medium,28.0,32.9,37.9,-0.498,AVOID,high,0.0459,10.4,0.88,,Agree,,
DEEPAKNTR,A,CHEMICALS,1685.0,902.6734035062887,-0.47110013270856704,AVOID,high,274.6,409.2,543.9,-0.757,AVOID,medium,0.0564,9.2,0.65,trough uplift x1.30,Dir-agree-magnitude-off,threshold/judgment difference (<0.30 gap),Δmos 0.29
CENTURYPLY,A,MANUFACTURING,788.9,416.0630629330061,-0.47297097608080807,AVOID,medium,64.1,77.2,90.3,-0.902,AVOID,medium,0.0908,10.0,0.58,,Dir-agree-magnitude-off,engine-rich: exit-multiple/sector-P-E leg inflation (VAL-01 family),Δmos 0.43
DMART,A,CONSUMER,3951.9,2079.8931658655433,-0.47356471541533746,AVOID,high,787.7,1211.8,1636.0,-0.693,ABSTAIN,low,0.16,32.0,0.57,,Engine-should-have-abstained,threshold/judgment difference (<0.30 gap),independent legs disagree beyond tolerance
AFCONS,A,CONSTRUCTION,296.55,158.5446232386006,-0.4736234288227072,AVOID,high,45.8,61.1,76.3,-0.794,AVOID,medium,0.036,6.1,0.5,trough uplift x1.30,Dir-agree-magnitude-off,engine-rich: thin-margin name on rich sector multiples (VAL-01/AWL-class),Δmos 0.32
BALKRISIND,A,AUTO,2225.0,1089.5560537015895,-0.4739747725092505,AVOID,high,784.4,1018.7,1253.0,-0.542,AVOID,high,0.1,11.2,2.3,,Agree,,
BLUESTARCO,A,CONSUMER_DISC,1666.0,899.652411245557,-0.47511527931997843,AVOID,high,300.4,462.2,623.9,-0.723,ABSTAIN,low,0.1274,21.0,0.5,,Engine-should-have-abstained,threshold/judgment difference (<0.30 gap),independent legs disagree beyond tolerance
M&MFIN,A,NBFC,322.35,169.08439180504445,-0.47619457309465785,AVOID,high,159.0,187.1,215.2,-0.42,AVOID,high,0.0481,10.0,0.89,,Agree,,
GOPAL,A,CONSUMER,264.15,136.72369974736486,-0.4778548797121831,AVOID,medium,73.2,112.6,152.0,-0.574,ABSTAIN,low,0.0924,23.0,0.5,,Engine-should-have-abstained,threshold/judgment difference (<0.30 gap),independent legs disagree beyond tolerance
KEI,A,CAPITAL_GOODS,4914.5,2543.946807842112,-0.48320024218545216,AVOID,high,913.9,1075.1,1236.4,-0.781,AVOID,high,0.0828,11.1,1.61,,Dir-agree-magnitude-off,threshold/judgment difference (<0.30 gap),Δmos 0.30
IOB,A,BANK,35.05,17.30982299547304,-0.4857450090471467,AVOID,high,29.4,34.6,39.8,-0.012,HOLD,high,0.0657,12.1,1.83,,Adjacent,,Δmos 0.47
GRASIM,A,CEMENT,3185.4,1597.444089456869,-0.48630283002962693,AVOID,medium,547.1,710.5,874.0,-0.777,AVOID,high,0.1,7.8,0.5,trough uplift x1.30,Dir-agree-magnitude-off,threshold/judgment difference (<0.30 gap),Δmos 0.29
IPCALAB,A,PHARMA,1850.0,948.2869010035487,-0.48926218505760294,AVOID,high,807.4,1242.2,1676.9,-0.329,AVOID,low,0.0888,19.3,9.0,,Agree,,
SFL,A,MANUFACTURING,763.4,386.9492013571794,-0.49159216744556644,AVOID,medium,106.2,124.9,143.6,-0.836,AVOID,high,0.036,7.9,0.5,,Dir-agree-magnitude-off,engine-rich: thin-margin name on rich sector multiples (VAL-01/AWL-class),Δmos 0.34
GALLANTT,A,CAPITAL_GOODS,620.4,331.15718550968904,-0.49185639786759394,AVOID,high,203.9,239.9,275.9,-0.613,AVOID,high,0.0876,11.5,1.99,,Agree,,
ICICIGI,A,INSURANCE,1620.2,814.3015652126921,-0.49283659366424254,AVOID,medium,835.6,1171.9,1508.1,-0.277,AVOID,medium,0.1,13.9,4.5,,Dir-agree-magnitude-off,threshold/judgment difference (<0.30 gap),Δmos 0.22
POLYMED,A,PHARMA,1670.0,846.9221309437521,-0.4961496038171503,AVOID,high,352.3,542.0,731.7,-0.675,ABSTAIN,low,0.1176,20.3,0.5,,Engine-should-have-abstained,threshold/judgment difference (<0.30 gap),independent legs disagree beyond tolerance
HOMEFIRST,A,NBFC,1249.6,614.0390085197537,-0.4970191607800183,AVOID,high,432.8,509.1,585.5,-0.593,AVOID,high,0.0558,10.6,1.16,,Agree,,
KEC,A,CONSTRUCTION,488.4,247.46023320777985,-0.5001813104266212,AVOID,high,139.3,191.1,243.0,-0.609,AVOID,medium,0.0588,7.8,0.62,trough uplift x1.21,Agree,,
BAJAJFINSV,A,NBFC,1854.4,923.7159418492917,-0.5017713366508675,AVOID,medium,1520.7,1905.6,2290.5,0.028,HOLD,medium,0.1,13.5,4.5,,Adjacent,,Δmos 0.53
SENORES,A,IT_SERVICES,1392.1,700.2684966591893,-0.5022967330069728,AVOID,medium,331.7,390.2,448.7,-0.72,AVOID,high,0.078,14.7,1.96,,Dir-agree-magnitude-off,threshold/judgment difference (<0.30 gap),Δmos 0.22
DALBHARAT,A,CEMENT,1763.5,900.0877428460545,-0.5027139542286991,AVOID,high,286.5,372.1,457.7,-0.789,AVOID,high,0.0522,6.8,0.5,trough uplift x1.30,Dir-agree-magnitude-off,threshold/judgment difference (<0.30 gap),Δmos 0.29
GUFICBIO,A,IT_SERVICES,391.15,188.0136984317324,-0.5041832847264441,AVOID,medium,62.9,75.1,87.3,-0.808,AVOID,medium,0.0582,12.5,0.84,,Dir-agree-magnitude-off,engine-rich: exit-multiple/sector-P-E leg inflation (VAL-01 family),Δmos 0.30
GREENLAM,A,MANUFACTURING,250.45,122.43556010299123,-0.505909765524652,AVOID,medium,16.6,19.5,22.4,-0.922,AVOID,high,0.036,7.9,0.5,,Dir-agree-magnitude-off,engine-rich: thin-margin name on rich sector multiples (VAL-01/AWL-class),Δmos 0.42
PRINCEPIPE,A,MANUFACTURING,267.0,131.76744172020287,-0.5066737487075894,AVOID,medium,48.9,60.1,71.2,-0.775,AVOID,medium,0.036,7.9,0.5,,Dir-agree-magnitude-off,threshold/judgment difference (<0.30 gap),Δmos 0.27
KIMS,A,PHARMA,790.55,392.4321488867017,-0.5083536095130272,AVOID,high,77.3,91.0,104.6,-0.885,AVOID,high,0.0648,15.4,1.48,,Dir-agree-magnitude-off,engine-rich: exit-multiple/sector-P-E leg inflation (VAL-01 family),Δmos 0.38
TATATECH,A,IT_SERVICES,715.85,371.8472197175332,-0.509468742540026,AVOID,high,291.5,448.5,605.5,-0.373,AVOID,low,0.102,19.0,9.0,,Agree,,
AFFLE,A,IT_SERVICES,1518.0,739.0216029876204,-0.5127437179484272,AVOID,high,391.3,460.4,529.5,-0.697,AVOID,high,0.075,14.4,1.69,,Agree,,
ANURAS,A,CHEMICALS,1269.2,615.0207211318818,-0.5146616783997144,AVOID,high,107.5,139.6,171.7,-0.89,AVOID,high,0.0402,7.8,0.5,trough uplift x1.30,Dir-agree-magnitude-off,engine-rich: exit-multiple/sector-P-E leg inflation (VAL-01 family),Δmos 0.38
SUNDARMFIN,A,NBFC,4431.6,2154.411440659553,-0.5147721980496502,AVOID,high,1674.2,1969.7,2265.1,-0.556,AVOID,high,0.0608,10.9,1.38,,Agree,,
METROPOLIS,A,PHARMA,565.75,263.4673352453924,-0.5168396566194894,AVOID,medium,140.8,165.6,190.5,-0.707,AVOID,high,0.0756,17.1,2.74,,Agree,,
MANINDS,A,ENERGY,566.4,256.97660080990687,-0.5184096686471011,AVOID,medium,248.0,331.1,414.1,-0.415,AVOID,medium,0.0584,9.3,0.73,trough uplift x1.22,Agree,,
CONCORDBIO,A,PHARMA,1337.1,640.793872837132,-0.5214384818243973,AVOID,high,387.6,461.0,534.5,-0.655,AVOID,medium,0.0768,17.3,2.98,,Agree,,
ACI,A,CHEMICALS,567.3,262.5510603025697,-0.5216342164479008,AVOID,medium,63.5,82.5,101.5,-0.855,AVOID,high,0.036,7.5,0.5,trough uplift x1.30,Dir-agree-magnitude-off,engine-rich: exit-multiple/sector-P-E leg inflation (VAL-01 family),Δmos 0.33
ASHIANA,A,CONSTRUCTION,371.1,177.37079747573247,-0.524475073791602,AVOID,medium,89.9,116.8,143.6,-0.685,AVOID,high,0.0822,9.6,1.38,,Agree,,
TVSSRICHAK,A,AUTO,4090.0,1948.146390851618,-0.5259984450482681,AVOID,medium,660.2,857.4,1054.6,-0.79,AVOID,high,0.036,7.4,0.5,trough uplift x1.30,Dir-agree-magnitude-off,threshold/judgment difference (<0.30 gap),Δmos 0.26
SBICARD,A,NBFC,650.5,309.3649060753068,-0.5260954257424835,AVOID,high,207.4,244.0,280.6,-0.625,AVOID,high,0.0621,11.0,1.45,,Agree,,
CHAMBLFERT,A,CHEMICALS,444.5,214.5442263898609,-0.5263924362254726,AVOID,high,100.1,130.1,160.0,-0.707,AVOID,high,0.036,7.5,0.5,trough uplift x1.30,Agree,,
VINATIORGA,A,CHEMICALS,1315.5,623.8547663348858,-0.5272036632551074,AVOID,medium,394.1,511.9,629.6,-0.611,AVOID,high,0.084,11.4,1.84,,Agree,,
AMBUJACEM,A,CEMENT,443.15,204.68804651036615,-0.5279334720701888,AVOID,high,98.3,136.0,173.7,-0.693,AVOID,medium,0.0932,9.3,0.58,trough uplift x1.21,Agree,,
IFBIND,A,CONSUMER_DISC,1380.3,626.6952392522097,-0.5279843042462833,AVOID,medium,310.7,478.0,645.3,-0.654,ABSTAIN,low,0.0889,16.2,4.53,,Engine-should-have-abstained,threshold/judgment difference (<0.30 gap),independent legs disagree beyond tolerance
IRB,A,CONSTRUCTION,19.97,9.394102111504845,-0.5293536016280138,AVOID,high,4.5,6.6,8.7,-0.67,AVOID,medium,0.036,6.1,0.5,trough uplift x1.30,Agree,,
ADANIENSOL,A,UTILITIES,1722.0,793.9743565637775,-0.530053651042452,AVOID,high,173.2,203.7,234.3,-0.882,AVOID,high,0.0553,11.1,0.83,,Dir-agree-magnitude-off,engine-rich: thin-margin name on rich sector multiples (VAL-01/AWL-class),Δmos 0.35
HDBFS,A,NBFC,728.3,345.6743899693103,-0.5303975139664308,AVOID,high,257.4,302.8,348.2,-0.584,AVOID,high,0.0554,10.6,1.14,,Agree,,
NEPHROPLUS,A,PHARMA,628.95,296.53855535890375,-0.5330101490410964,AVOID,medium,72.4,90.3,108.3,-0.856,AVOID,medium,0.0414,12.0,0.52,,Dir-agree-magnitude-off,engine-rich: exit-multiple/sector-P-E leg inflation (VAL-01 family),Δmos 0.32
IMFA,A,METAL,1352.7,628.3823962769873,-0.5351513565046698,AVOID,medium,564.8,733.5,902.2,-0.458,AVOID,high,0.07,9.2,1.51,,Agree,,
PRESTIGE,A,REALTY,1693.0,781.7831341489858,-0.5353443482026831,AVOID,high,175.2,227.6,279.9,-0.866,AVOID,high,0.0481,6.6,0.5,trough uplift x1.30,Dir-agree-magnitude-off,engine-rich: thin-margin name on rich sector multiples (VAL-01/AWL-class),Δmos 0.33
FEDFINA,A,NBFC,158.6,73.47819856645908,-0.5367074491396022,AVOID,high,73.4,86.4,99.3,-0.456,AVOID,high,0.0526,10.4,1.04,,Agree,,
MOIL,A,METAL,271.1,124.8162198838497,-0.5372892682711782,AVOID,medium,69.0,89.6,110.2,-0.669,AVOID,high,0.0594,7.3,0.59,,Agree,,
SUPREMEIND,A,CAPITAL_GOODS,3324.0,1582.1491905401972,-0.5392290559628979,AVOID,high,760.5,894.7,1028.9,-0.731,AVOID,high,0.0828,11.7,2.08,,Agree,,
BELRISE,A,AUTO,233.79,102.54450452319664,-0.5467045154133293,AVOID,high,32.1,48.0,64.0,-0.795,AVOID,medium,0.057,9.0,0.63,trough uplift x1.30,Dir-agree-magnitude-off,threshold/judgment difference (<0.30 gap),Δmos 0.25
SETL,A,CAPITAL_GOODS,286.45,125.36594809517564,-0.5548874557245672,AVOID,medium,30.2,35.5,40.8,-0.876,AVOID,high,0.063,9.2,0.78,,Dir-agree-magnitude-off,engine-rich: exit-multiple/sector-P-E leg inflation (VAL-01 family),Δmos 0.32
HONAUT,A,CAPITAL_GOODS,38129.55,17233.929752534234,-0.5558265527697362,AVOID,high,6308.5,8313.9,10319.2,-0.782,AVOID,medium,0.1064,11.1,2.2,,Dir-agree-magnitude-off,threshold/judgment difference (<0.30 gap),Δmos 0.23
RAMCOCEM,A,CEMENT,920.65,406.6417309382141,-0.5575653019930213,AVOID,high,187.2,276.2,365.1,-0.7,AVOID,medium,0.0516,8.4,0.55,trough uplift x1.30,Agree,,
JTEKTINDIA,A,AUTO,134.71,60.08996468113198,-0.5638385375543878,AVOID,medium,20.0,25.9,31.9,-0.808,AVOID,high,0.039,7.6,0.5,trough uplift x1.30,Dir-agree-magnitude-off,threshold/judgment difference (<0.30 gap),Δmos 0.24
TTKPRESTIG,A,MANUFACTURING,667.55,290.0858357414434,-0.5672298437394548,AVOID,medium,78.5,93.4,108.4,-0.86,AVOID,medium,0.0474,8.9,0.5,,Dir-agree-magnitude-off,threshold/judgment difference (<0.30 gap),Δmos 0.29
SHREECEM,A,CEMENT,26800.0,11539.951612141565,-0.5679538894742956,AVOID,high,2575.8,3345.3,4114.7,-0.875,AVOID,high,0.0392,8.2,0.53,trough uplift x1.30,Dir-agree-magnitude-off,engine-rich: exit-multiple/sector-P-E leg inflation (VAL-01 family),Δmos 0.31
ANANTRAJ,A,REALTY,590.4,254.57810121199978,-0.5690230214796009,AVOID,high,91.4,121.7,152.0,-0.794,AVOID,medium,0.0576,7.3,0.57,trough uplift x1.18,Dir-agree-magnitude-off,threshold/judgment difference (<0.30 gap),Δmos 0.22
NAUKRI,A,CONSUMER,,510.0562320584265,-0.5705151296240935,AVOID,high,,,,,ABSTAIN,,,,,,Engine-should-have-abstained,uncomparable,near-zero/negative returns — no defensible capitalization
HARSHA,A,MANUFACTURING,421.1,178.78967102819814,-0.5711963759966467,AVOID,medium,142.2,167.3,192.4,-0.603,AVOID,high,0.0666,10.3,0.98,,Agree,,
MAXHEALTH,A,PHARMA,1110.9,467.287037735812,-0.5712569614314965,AVOID,high,143.0,220.0,297.0,-0.802,ABSTAIN,low,0.1252,22.1,0.5,,Engine-should-have-abstained,threshold/judgment difference (<0.30 gap),independent legs disagree beyond tolerance
ASTRAL,A,CAPITAL_GOODS,1333.65,589.4225387653967,-0.5713914057843247,AVOID,high,267.3,411.2,555.1,-0.692,ABSTAIN,low,0.115,12.1,9.0,,Engine-should-have-abstained,threshold/judgment difference (<0.30 gap),independent legs disagree beyond tolerance
UCOBANK,A,BANK,26.58,11.147930941196282,-0.5717275858165086,AVOID,high,15.8,18.6,21.4,-0.3,AVOID,high,0.0374,9.6,0.63,,Dir-agree-magnitude-off,threshold/judgment difference (<0.30 gap),Δmos 0.27
RATNAMANI,A,MANUFACTURING,2570.0,1104.5120472078709,-0.572358662223993,AVOID,medium,663.4,780.5,897.6,-0.696,AVOID,high,0.078,11.1,1.53,,Agree,,
COCHINSHIP,A,CAPITAL_GOODS,1403.1,599.7301749654878,-0.572567760697393,AVOID,high,229.7,270.2,310.7,-0.807,AVOID,high,0.0732,10.1,1.12,,Dir-agree-magnitude-off,threshold/judgment difference (<0.30 gap),Δmos 0.23
BOROLTD,A,MANUFACTURING,234.91,101.59671877485161,-0.5734993544567751,AVOID,medium,42.9,51.1,59.3,-0.782,AVOID,medium,0.0504,9.1,0.55,,Dir-agree-magnitude-off,threshold/judgment difference (<0.30 gap),Δmos 0.21
SRF,A,CHEMICALS,2888.9,1221.12431996976,-0.5752167808920026,AVOID,high,536.9,697.3,857.6,-0.759,AVOID,high,0.0784,10.9,1.45,,Agree,,
TIMKEN,A,CAPITAL_GOODS,3203.65,1326.7689180568002,-0.5783081975473413,AVOID,high,631.6,743.0,854.5,-0.768,AVOID,high,0.0671,11.7,2.06,,Agree,,
TVSSCS,A,MANUFACTURING,136.5,56.627303873746484,-0.5822096512192232,AVOID,medium,18.0,21.2,24.3,-0.845,AVOID,high,0.036,7.9,0.5,,Dir-agree-magnitude-off,threshold/judgment difference (<0.30 gap),Δmos 0.26
STAR,A,CAPITAL_GOODS,1666.0,694.7652969215613,-0.5881407926246006,AVOID,medium,216.5,333.0,449.6,-0.8,ABSTAIN,low,0.1274,14.9,0.5,,Engine-should-have-abstained,threshold/judgment difference (<0.30 gap),independent legs disagree beyond tolerance
FOSECOIND,A,CHEMICALS,5148.0,2075.0025559638466,-0.5893523538563533,AVOID,medium,645.6,888.6,1131.5,-0.827,AVOID,medium,0.0432,8.1,0.5,trough uplift x1.30,Dir-agree-magnitude-off,threshold/judgment difference (<0.30 gap),Δmos 0.24
UNIMECH,A,DEFENCE,1272.6,522.2806575473708,-0.5897245423822697,AVOID,medium,96.9,115.7,134.6,-0.909,AVOID,medium,0.0516,9.9,0.59,,Dir-agree-magnitude-off,engine-rich: exit-multiple/sector-P-E leg inflation (VAL-01 family),Δmos 0.32
FORTIS,A,PHARMA,965.9,384.8307521665098,-0.5953409546093482,AVOID,high,123.5,189.9,256.4,-0.803,ABSTAIN,low,0.1071,18.4,0.5,,Engine-should-have-abstained,threshold/judgment difference (<0.30 gap),independent legs disagree beyond tolerance
HUBTOWN,A,CONSTRUCTION,199.25,80.76505763165886,-0.5986031627073264,AVOID,medium,65.6,85.1,104.7,-0.573,AVOID,high,0.0384,6.3,0.5,trough uplift x1.30,Agree,,
VARROC,A,AUTO,657.5,253.55925098426542,-0.6088255924340243,AVOID,medium,54.6,83.8,112.9,-0.873,AVOID,medium,0.1,9.1,0.5,trough uplift x1.30,Dir-agree-magnitude-off,threshold/judgment difference (<0.30 gap),Δmos 0.26
MHRIL,A,MANUFACTURING,226.15,87.49746193115439,-0.6113987300979109,AVOID,medium,21.9,28.1,34.4,-0.876,AVOID,medium,0.0942,9.4,0.5,,Dir-agree-magnitude-off,threshold/judgment difference (<0.30 gap),Δmos 0.26
KRT,A,MANUFACTURING,115.65,44.533535722419415,-0.6142278610324028,AVOID,medium,4.9,6.6,8.4,-0.943,AVOID,medium,0.12,10.8,1.88,,Dir-agree-magnitude-off,engine-rich: exit-multiple/sector-P-E leg inflation (VAL-01 family),Δmos 0.33
ASAHIINDIA,A,AUTO,885.25,339.9558866116286,-0.6149771939389224,AVOID,high,80.9,134.7,188.6,-0.848,AVOID,medium,0.1,9.2,0.5,trough uplift x1.30,Dir-agree-magnitude-off,threshold/judgment difference (<0.30 gap),Δmos 0.23
VTL,A,TEXTILES,666.0,242.9807933561019,-0.6158710088434085,AVOID,high,299.5,389.0,478.4,-0.416,AVOID,high,0.03,7.8,0.64,trough uplift x1.20,Agree,,
DLF,A,REALTY,667.3,247.61252372380153,-0.6179408675762976,AVOID,high,87.6,113.7,139.9,-0.83,AVOID,high,0.08,5.4,0.5,trough uplift x1.30,Dir-agree-magnitude-off,threshold/judgment difference (<0.30 gap),Δmos 0.21
SBFC,A,NBFC,93.43,35.59702572292426,-0.6213887925662172,AVOID,high,40.0,47.0,54.1,-0.497,AVOID,high,0.1,10.7,1.45,,Agree,,
AUBANK,A,BANK,1072.1,385.61095002817854,-0.6233532427933399,AVOID,high,400.1,571.5,743.0,-0.467,AVOID,medium,0.1,11.8,2.79,,Agree,,
AMBER,A,CONSUMER_DISC,7802.2,2910.9911406318415,-0.6297626530197976,AVOID,high,479.7,564.4,649.0,-0.928,AVOID,high,0.036,9.8,0.5,,Dir-agree-magnitude-off,threshold/judgment difference (<0.30 gap),Δmos 0.30
JMFINANCIL,A,NBFC,123.69,45.11750563089087,-0.6359730060441273,AVOID,high,97.1,114.2,131.4,-0.077,HOLD,high,0.0495,10.1,0.93,,Adjacent,,Δmos 0.56
MIDWESTLTD,A,CEMENT,1296.1,464.92141209706915,-0.6367801467991647,AVOID,medium,233.6,303.4,373.2,-0.766,AVOID,high,0.0666,9.7,0.93,trough uplift x1.18,Agree,,
BLISSGVS,A,IT_SERVICES,478.0,173.65646628822725,-0.6385169311235902,AVOID,medium,132.7,156.2,179.6,-0.673,AVOID,high,0.0678,13.5,1.23,,Agree,,
RESPONIND,A,MANUFACTURING,220.7,77.78683514204391,-0.6410390625655564,AVOID,medium,41.6,49.0,56.3,-0.778,AVOID,high,0.057,9.6,0.69,,Agree,,
PAISALO,A,NBFC,71.36,26.79892665962332,-0.6417255794168005,AVOID,medium,23.0,27.0,31.1,-0.621,AVOID,high,0.0594,10.9,1.32,,Agree,,
STARHEALTH,A,INSURANCE,582.3,208.19185034969868,-0.6428649963981496,AVOID,medium,40.5,54.0,67.4,-0.907,AVOID,medium,0.12,20.1,0.5,,Dir-agree-magnitude-off,threshold/judgment difference (<0.30 gap),Δmos 0.26
SGMART,A,UTILITIES,672.7,226.40337709671803,-0.6434592486665858,AVOID,medium,66.0,77.7,89.3,-0.885,AVOID,high,0.042,9.5,0.5,,Dir-agree-magnitude-off,threshold/judgment difference (<0.30 gap),Δmos 0.24
HAPPYFORGE,A,AUTO,1614.5,562.1424400340975,-0.6439432226791884,AVOID,medium,285.5,370.8,456.0,-0.77,AVOID,high,0.0852,11.1,1.79,,Agree,,
WELSPUNLIV,A,TEXTILES,163.57,56.93660684288298,-0.6459166241114243,AVOID,high,14.2,19.7,25.1,-0.88,AVOID,medium,0.036,6.1,0.5,trough uplift x1.30,Dir-agree-magnitude-off,threshold/judgment difference (<0.30 gap),Δmos 0.23
CARBORUNIV,A,CAPITAL_GOODS,1072.1,370.47874938023114,-0.6475658776824285,AVOID,high,106.8,125.6,144.5,-0.883,AVOID,high,0.0477,6.3,0.5,,Dir-agree-magnitude-off,threshold/judgment difference (<0.30 gap),Δmos 0.24
PGEL,A,CONSUMER_DISC,583.15,215.97695522796772,-0.6492741876778698,AVOID,high,101.3,155.9,210.4,-0.733,ABSTAIN,low,0.123,17.2,0.5,,Engine-should-have-abstained,threshold/judgment difference (<0.30 gap),independent legs disagree beyond tolerance
THERMAX,A,CAPITAL_GOODS,4809.0,1598.036294536655,-0.6562623586714014,AVOID,high,841.9,990.5,1139.0,-0.794,AVOID,high,0.0947,10.4,1.26,,Agree,,
EMBASSY,A,REALTY,450.1,153.40003406924947,-0.6601682896117645,AVOID,medium,333.6,585.3,837.0,0.3,BUY-zone,low,0.05,12.1,5.37,peak haircut x0.60,Disagree,engine-bearish: trough extrapolation + AVOID asymmetry (VAL-10),
TRIDENT,A,TEXTILES,25.76,8.491645805501818,-0.660741278246032,AVOID,high,4.8,6.3,7.7,-0.757,AVOID,high,0.03,8.4,0.8,,Agree,,
CGCL,A,NBFC,249.52,86.32227492864024,-0.6609227946867773,AVOID,high,88.9,104.6,120.3,-0.581,AVOID,high,0.0594,10.9,1.32,,Agree,,
JSFB,A,BANK,527.8,166.0634561440882,-0.6610258090547291,AVOID,medium,209.4,246.3,283.3,-0.533,AVOID,high,0.0328,9.2,0.52,,Agree,,
BALAMINES,A,CHEMICALS,2260.0,770.4992518421383,-0.6648546098990264,AVOID,medium,328.6,497.6,666.7,-0.78,AVOID,medium,0.0516,8.8,0.55,trough uplift x1.30,Agree,,
SAIL,A,METAL,168.05,53.71739493475438,-0.6657703152392087,AVOID,high,44.8,67.7,90.5,-0.597,AVOID,medium,0.0447,5.3,0.5,trough uplift x1.30,Agree,,
EXIDEIND,A,AUTO,436.3,144.56403159803457,-0.6660953190945039,AVOID,high,70.8,92.0,113.1,-0.789,AVOID,high,0.0372,7.5,0.5,trough uplift x1.30,Agree,,
RELAXO,A,CONSUMER_DISC,395.0,143.96784586681483,-0.6727631642986367,AVOID,medium,60.6,71.3,82.0,-0.819,AVOID,high,0.047,11.4,0.68,,Agree,,
ARVIND,A,TEXTILES,526.1,173.6085185297539,-0.6740664253642094,AVOID,medium,154.0,200.0,246.0,-0.62,AVOID,high,0.07,8.8,0.89,,Agree,,
JUBLINGREA,A,CHEMICALS,735.15,237.17747179723276,-0.6796630580804527,AVOID,high,114.3,172.1,230.0,-0.766,AVOID,medium,0.0534,8.9,0.58,trough uplift x1.30,Agree,,
GARFIBRES,A,TEXTILES,724.8,245.1691868599913,-0.6797476495852768,AVOID,medium,157.4,218.4,279.3,-0.699,AVOID,medium,0.07,10.8,2.09,peak haircut x0.71,Agree,,
DATAPATTNS,A,CAPITAL_GOODS,4087.5,1305.9316631198008,-0.679887326424208,AVOID,high,515.5,634.3,753.1,-0.845,AVOID,medium,0.0938,12.2,2.69,,Agree,,
IOLCP,A,CHEMICALS,155.25,48.27708842262836,-0.6800299017588257,AVOID,medium,30.2,43.7,57.3,-0.718,AVOID,medium,0.0462,8.3,0.5,trough uplift x1.30,Agree,,
WELENT,A,CONSTRUCTION,624.1,200.31821234439263,-0.6801561354871585,AVOID,medium,78.6,102.1,125.6,-0.836,AVOID,high,0.0798,9.4,1.26,,Agree,,
BAJAJHFL,A,NBFC,86.04,26.202181239241813,-0.6959245533336218,AVOID,high,24.4,28.7,33.0,-0.667,AVOID,high,0.0513,10.3,0.99,,Agree,,
SHADOWFAX,A,LOGISTICS,219.8,65.83694710877607,-0.6985211690229138,AVOID,medium,13.6,16.0,18.4,-0.927,AVOID,high,0.0384,7.2,0.5,,Dir-agree-magnitude-off,threshold/judgment difference (<0.30 gap),Δmos 0.23
SONACOMS,A,AUTO,704.6,210.95562749455925,-0.7007084805354908,AVOID,high,77.2,116.8,156.4,-0.834,AVOID,medium,0.0631,9.4,0.78,trough uplift x1.30,Agree,,
UBL,A,CONSUMER,1329.2,399.18718814190277,-0.7019211558080176,AVOID,high,152.5,203.7,254.9,-0.847,AVOID,medium,0.0362,15.7,0.9,,Agree,,
ZENTEC,A,CAPITAL_GOODS,1742.3,526.3695188228863,-0.7022796839237069,AVOID,high,173.1,203.7,234.2,-0.883,AVOID,high,0.069,9.8,0.96,,Agree,,
JINDALSTEL,A,METAL,1052.75,303.8996798553316,-0.7043777433313895,AVOID,high,191.3,248.5,305.6,-0.764,AVOID,high,0.0566,5.1,0.5,trough uplift x1.30,Agree,,
ALKYLAMINE,A,CHEMICALS,1832.2,538.2347783951691,-0.7056735503936299,AVOID,medium,303.3,398.1,492.9,-0.783,AVOID,medium,0.0702,10.3,1.06,trough uplift x1.23,Agree,,
GANESHHOU,A,CONSTRUCTION,819.05,240.1383240624071,-0.7073268445308872,AVOID,medium,282.2,366.5,450.7,-0.553,AVOID,high,0.0816,9.5,1.35,,Agree,,
JWL,A,CAPITAL_GOODS,255.0,74.0073685337752,-0.7085176505168366,AVOID,high,40.8,55.8,70.8,-0.781,AVOID,medium,0.0814,9.2,0.65,,Agree,,
LTF,A,NBFC,305.25,89.9763605170032,-0.7086729463590636,AVOID,high,90.9,107.0,123.0,-0.65,AVOID,high,0.0481,10.0,0.89,,Agree,,
TIINDIA,A,AUTO,2979.0,833.0828946558433,-0.7112564485457358,AVOID,high,206.7,362.7,518.6,-0.878,ABSTAIN,low,0.0881,8.9,0.5,trough uplift x1.30,Engine-should-have-abstained,threshold/judgment difference (<0.30 gap),independent legs disagree beyond tolerance
KMEW,A,LOGISTICS,2419.2,686.3443074190322,-0.7124175364874582,AVOID,medium,359.5,423.0,486.4,-0.825,AVOID,high,0.0834,11.8,1.94,,Agree,,
MOTILALOFS,A,NBFC,967.1,277.66228349008986,-0.7141039090917526,AVOID,high,299.8,352.7,405.6,-0.635,AVOID,high,0.0651,11.2,1.61,,Agree,,
HONASA,A,CONSUMER,460.15,130.9886153958647,-0.7162599038322003,AVOID,high,59.2,77.2,95.2,-0.832,AVOID,medium,0.0659,18.4,1.75,,Agree,,
AXISCADES,A,MANUFACTURING,1600.2,437.2453995698165,-0.717778739062921,AVOID,medium,116.4,146.1,175.8,-0.909,AVOID,medium,0.0594,9.8,0.75,,Agree,,
CAPILLARY,A,IT_SERVICES,483.9,137.78828905187308,-0.7180225334045368,AVOID,medium,59.3,69.8,80.3,-0.856,AVOID,high,0.036,10.3,0.5,,Agree,,
YESBANK,A,BANK,23.02,6.651752938170668,-0.7182654409923479,AVOID,high,7.6,8.9,10.3,-0.612,AVOID,high,0.0311,9.0,0.5,,Agree,,
EMUDHRA,A,NBFC,451.4,123.85939296910317,-0.7200917673014617,AVOID,medium,107.4,126.3,145.3,-0.72,AVOID,high,0.0544,10.5,1.11,,Agree,,
AYE,A,NBFC,172.53,46.826766645542044,-0.7209869114845853,AVOID,medium,51.4,60.5,69.5,-0.65,AVOID,high,0.0342,8.9,0.52,,Agree,,
RVNL,A,CONSTRUCTION,232.8,62.80795440398709,-0.7215959467908374,AVOID,high,27.5,35.7,43.9,-0.847,AVOID,high,0.089,9.0,1.05,,Agree,,
GOODLUCK,A,METAL,1569.4,424.8303108731221,-0.7233457209734814,AVOID,medium,341.3,443.3,545.2,-0.718,AVOID,high,0.07,8.2,0.91,,Agree,,
SAILIFE,A,PHARMA,1295.9,348.0671733436632,-0.7261254439030111,AVOID,high,243.0,373.9,504.8,-0.711,ABSTAIN,low,0.084,18.5,5.6,,Engine-should-have-abstained,threshold/judgment difference (<0.30 gap),independent legs disagree beyond tolerance
ANUP,A,CHEMICALS,2179.0,590.3551672988216,-0.7261422427523211,AVOID,medium,107.5,139.6,171.7,-0.936,AVOID,high,0.0402,7.8,0.5,trough uplift x1.30,Dir-agree-magnitude-off,threshold/judgment difference (<0.30 gap),Δmos 0.21
KAYNES,A,CAPITAL_GOODS,3370.5,931.9589133250414,-0.7263773008440865,AVOID,high,348.1,409.5,471.0,-0.878,AVOID,high,0.0462,7.8,0.5,,Agree,,
ABDL,A,CONSUMER,648.55,168.58755043438939,-0.7264299384431815,AVOID,high,157.5,242.3,327.1,-0.626,ABSTAIN,low,0.0862,23.1,9.0,,Engine-should-have-abstained,threshold/judgment difference (<0.30 gap),independent legs disagree beyond tolerance
TATACAP,A,NBFC,354.4,96.88398954465801,-0.7264709499021513,AVOID,high,89.5,128.8,168.0,-0.637,AVOID,medium,0.048,10.0,0.88,,Agree,,
KPRMILL,A,TEXTILES,1136.6,305.07532025298946,-0.7279271200811651,AVOID,high,174.9,235.9,297.0,-0.792,AVOID,medium,0.07,10.3,1.74,peak haircut x0.79,Agree,,
CGPOWER,A,CAPITAL_GOODS,905.15,250.76864910403705,-0.7280018991224718,AVOID,high,80.9,95.2,109.5,-0.895,AVOID,high,0.0901,11.8,2.23,,Agree,,
DIVISLAB,A,PHARMA,7258.05,1917.3244768031398,-0.7340558323319037,AVOID,high,1744.5,2683.9,3623.3,-0.63,ABSTAIN,low,0.0919,19.8,9.0,,Engine-should-have-abstained,threshold/judgment difference (<0.30 gap),independent legs disagree beyond tolerance
OLECTRA,A,AUTO,1342.9,350.87080723235607,-0.7399223132218841,AVOID,high,201.1,261.2,321.3,-0.805,AVOID,high,0.0876,11.3,1.99,,Agree,,
BHARATFORG,A,AUTO,2189.75,566.6236012707419,-0.7399496988063969,AVOID,high,195.2,281.1,367.1,-0.872,AVOID,medium,0.0688,9.9,0.95,trough uplift x1.28,Agree,,
PSB,A,BANK,24.92,6.293845052371141,-0.7448785953639587,AVOID,medium,14.2,16.7,19.2,-0.329,AVOID,high,0.0423,10.1,0.77,,Dir-agree-magnitude-off,engine-bearish: terminal-ROE cap forbids premium book multiples (VAL-02-fin),Δmos 0.42
NATIONALUM,A,METAL,343.6,86.21074031651553,-0.7451271535358004,AVOID,high,35.0,47.5,60.0,-0.862,AVOID,medium,0.036,5.6,0.5,trough uplift x1.30,Agree,,
ROSSTECH,A,MANUFACTURING,989.15,246.08040538267852,-0.7505141122495275,AVOID,medium,62.3,73.3,84.2,-0.926,AVOID,high,0.0846,11.6,2.06,,Agree,,
JAIBALAJI,A,METAL,63.7,16.012592189220868,-0.7513572641425331,AVOID,medium,8.5,11.0,13.6,-0.827,AVOID,high,0.036,5.6,0.5,trough uplift x1.30,Agree,,
MUTHOOTMF,A,NBFC,254.44,59.07872626407422,-0.7527672988614236,AVOID,medium,71.5,84.1,96.7,-0.669,AVOID,high,0.03,8.2,0.5,,Agree,,
AETHER,A,CHEMICALS,1451.3,362.4037863618897,-0.752996328815506,AVOID,medium,107.3,162.2,217.1,-0.888,AVOID,medium,0.0534,8.9,0.58,trough uplift x1.30,Agree,,
OMNI,A,CONSTRUCTION,556.4,141.17499458220001,-0.7535137589136621,AVOID,medium,47.9,62.3,76.6,-0.888,AVOID,high,0.0702,8.7,0.9,,Agree,,
CREDITACC,A,NBFC,1498.5,360.23491079152444,-0.7550255621954951,AVOID,high,354.4,417.0,479.5,-0.722,AVOID,high,0.0446,9.8,0.78,,Agree,,
SANSERA,A,AUTO,3325.6,786.5793709201259,-0.7560994198697283,AVOID,medium,382.3,551.5,720.7,-0.834,AVOID,medium,0.0636,9.5,0.79,trough uplift x1.30,Agree,,
SYRMA,A,CAPITAL_GOODS,1333.0,330.16938597610374,-0.7570676285953176,AVOID,high,142.0,167.1,192.1,-0.875,AVOID,high,0.0726,10.1,1.09,,Agree,,
RBLBANK,A,BANK,372.2,88.6406818701417,-0.7583405619679888,AVOID,high,109.0,128.2,147.4,-0.656,AVOID,high,0.03,8.5,0.5,,Agree,,
TATVA,A,CHEMICALS,1713.7,339.5921288296604,-0.7622070381418246,AVOID,medium,132.5,172.1,211.6,-0.9,AVOID,high,0.036,7.5,0.5,trough uplift x1.30,Agree,,
AEROFLEX,A,MANUFACTURING,408.1,95.38171441323017,-0.7633795226662611,AVOID,medium,39.3,46.2,53.1,-0.887,AVOID,high,0.0744,10.9,1.32,,Agree,,
TATAPOWER,A,UTILITIES,375.25,89.07586654817426,-0.7638810694548065,AVOID,high,152.3,234.4,316.4,-0.375,AVOID,low,0.0936,12.7,3.37,,Dir-agree-magnitude-off,engine-bearish: level bias (VAL-02 family),Δmos 0.39
IRCTC,A,CONSUMER,505.8,116.9069381025855,-0.7678805954480581,AVOID,high,39.9,52.8,65.7,-0.896,AVOID,medium,0.0432,15.0,0.6,,Agree,,
BANDHANBNK,A,BANK,212.18,49.269129159344175,-0.7686134919487899,AVOID,high,62.3,73.3,84.3,-0.655,AVOID,high,0.03,8.5,0.5,,Agree,,
BORORENEW,A,MANUFACTURING,596.65,139.6161032483247,-0.7705569379649553,AVOID,medium,64.9,77.4,89.9,-0.87,AVOID,medium,0.0504,9.1,0.55,,Agree,,
SOBHA,A,REALTY,1460.0,324.7189271998924,-0.7778940306430285,AVOID,high,105.7,163.0,220.3,-0.888,AVOID,medium,0.036,5.6,0.5,trough uplift x1.30,Agree,,
AVALON,A,MANUFACTURING,1713.9,381.7601048661813,-0.778265606745553,AVOID,medium,179.5,266.7,353.9,-0.844,ABSTAIN,low,0.0942,12.2,3.53,,Engine-should-have-abstained,threshold/judgment difference (<0.30 gap),independent legs disagree beyond tolerance
BDL,A,CAPITAL_GOODS,1255.2,273.0647885785289,-0.7825917288387508,AVOID,high,82.5,97.1,111.6,-0.923,AVOID,high,0.0595,8.9,0.69,,Agree,,
SGFIN,A,NBFC,676.6,133.75288774022144,-0.7881310189446832,AVOID,medium,154.0,181.1,208.3,-0.732,AVOID,high,0.0391,9.3,0.64,,Agree,,
HEG,A,CAPITAL_GOODS,595.25,123.59448839111222,-0.7887634790785981,AVOID,high,109.9,129.3,148.7,-0.783,AVOID,high,0.0426,7.5,0.5,,Agree,,
PIRAMALFIN,A,NBFC,2158.8,444.21580981673577,-0.7908588466022901,AVOID,high,498.6,586.5,674.5,-0.728,AVOID,high,0.03,8.2,0.5,,Agree,,
ADANIGREEN,A,UTILITIES,1514.25,321.9907496626452,-0.7914162404206484,AVOID,high,78.3,101.0,123.8,-0.933,AVOID,medium,0.0472,10.2,0.6,,Agree,,
POKARNA,A,CEMENT,974.0,204.52979708997898,-0.7921445151524604,AVOID,medium,176.3,256.0,335.7,-0.737,AVOID,medium,0.0564,8.8,0.65,trough uplift x1.30,Agree,,
LMW,A,CAPITAL_GOODS,16120.0,3311.3259667788193,-0.7927701378822943,AVOID,medium,697.9,944.5,1191.0,-0.941,AVOID,medium,0.036,6.9,0.5,,Agree,,
ASTERDM,A,PHARMA,792.6,168.51858052299934,-0.7935833163608534,AVOID,high,88.7,110.0,131.3,-0.861,AVOID,medium,0.03,13.0,0.83,,Agree,,
KRN,A,CAPITAL_GOODS,1234.0,254.39152756555978,-0.796389044689003,AVOID,medium,112.5,132.3,152.2,-0.893,AVOID,high,0.0798,10.8,1.43,,Agree,,
MANAPPURAM,A,NBFC,338.0,64.35578041700674,-0.8004781261292613,AVOID,high,81.2,95.5,109.8,-0.717,AVOID,high,0.03,8.3,0.5,,Agree,,
MOSCHIP,A,MANUFACTURING,236.7,47.42863548047707,-0.802174617391128,AVOID,medium,20.0,24.1,28.1,-0.898,AVOID,medium,0.0777,11.1,1.51,,Agree,,
AMAGI,A,IT_SERVICES,593.35,111.47339241311002,-0.8027019603307788,AVOID,medium,31.1,36.6,42.1,-0.938,AVOID,high,0.036,10.3,0.5,,Agree,,
ASTRAMICRO,A,DEFENCE,1722.95,330.22319944197676,-0.8050745531893178,AVOID,medium,248.5,299.0,349.6,-0.826,AVOID,medium,0.0881,13.7,2.74,,Agree,,
FLUOROCHEM,A,CHEMICALS,4144.0,767.2116821454008,-0.8118656983459046,AVOID,high,351.4,495.7,639.9,-0.88,AVOID,medium,0.0438,8.1,0.5,trough uplift x1.30,Agree,,
OPTIEMUS,A,IT_SERVICES,606.8,110.08754318633929,-0.813078286465168,AVOID,medium,64.7,80.5,96.2,-0.867,AVOID,medium,0.051,11.7,0.64,,Agree,,
AZAD,A,CAPITAL_GOODS,2348.0,436.0455897825737,-0.8140530533976231,AVOID,medium,137.3,161.5,185.7,-0.931,AVOID,high,0.0522,8.3,0.54,,Agree,,
GRAVITA,A,METAL,1813.8,334.765005903231,-0.8149651747163216,AVOID,high,371.1,481.9,592.8,-0.734,AVOID,high,0.07,9.1,1.47,,Agree,,
SHILPAMED,A,IT_SERVICES,624.45,113.54034691198446,-0.8169442210205813,AVOID,medium,118.5,143.1,167.8,-0.771,AVOID,medium,0.0564,12.3,0.78,,Agree,,
TFCILTD,A,NBFC,82.82,15.50938252582139,-0.8178794912421161,AVOID,medium,19.1,22.5,25.8,-0.729,AVOID,high,0.0423,9.6,0.72,,Agree,,
CYIENTDLM,A,MANUFACTURING,596.6,103.66289522189611,-0.8195912021895299,AVOID,medium,62.4,73.4,84.4,-0.877,AVOID,high,0.0432,8.5,0.5,,Agree,,
DYNAMATECH,A,CAPITAL_GOODS,10299.0,1847.2040518476194,-0.8225377988425767,AVOID,medium,254.0,380.6,507.2,-0.963,ABSTAIN,low,0.036,6.9,0.5,,Engine-should-have-abstained,threshold/judgment difference (<0.30 gap),independent legs disagree beyond tolerance
CHOICEIN,A,NBFC,812.6,141.54023812492528,-0.8262563823422018,AVOID,high,97.4,114.5,131.7,-0.859,AVOID,high,0.0585,10.8,1.28,,Agree,,
PFOCUS,A,MANUFACTURING,255.7,48.59975743316818,-0.832107792057318,AVOID,medium,38.6,48.3,58.0,-0.811,AVOID,medium,0.0866,11.7,2.27,,Agree,,
LLOYDSENGG,A,METAL,90.89,14.451564580813445,-0.8343660219964075,AVOID,medium,8.1,11.1,14.2,-0.878,AVOID,medium,0.0558,7.1,0.52,trough uplift x1.20,Agree,,
TITAGARH,A,CAPITAL_GOODS,836.0,138.59069843317042,-0.8390445404643511,AVOID,high,108.0,138.0,167.9,-0.835,AVOID,medium,0.0765,7.5,0.5,,Agree,,
MTARTECH,A,CAPITAL_GOODS,5744.0,956.7615819054358,-0.8417529636279465,AVOID,medium,244.0,287.1,330.1,-0.95,AVOID,high,0.0684,9.7,0.94,,Agree,,
ZAGGLE,A,NBFC,207.2,32.72361034587603,-0.8438833531516815,AVOID,medium,75.4,88.7,102.0,-0.572,AVOID,high,0.0446,9.8,0.78,,Dir-agree-magnitude-off,threshold/judgment difference (<0.30 gap),Δmos 0.27
VOLTAS,A,CONSUMER_DISC,1286.4,212.46113356481524,-0.8439277649564274,AVOID,high,157.9,236.7,315.5,-0.816,ABSTAIN,low,0.0625,11.6,0.61,,Engine-should-have-abstained,threshold/judgment difference (<0.30 gap),independent legs disagree beyond tolerance
PARAS,A,TELECOM,1176.9,178.38140706599995,-0.8483538152971181,AVOID,medium,108.2,127.3,146.5,-0.892,AVOID,high,0.074,11.9,1.49,,Agree,,
BHEL,A,CAPITAL_GOODS,,64.18042904879853,-0.8487380885015354,AVOID,high,,,,,ABSTAIN,,,,,,Engine-should-have-abstained,uncomparable,near-zero/negative returns — no defensible capitalization
BEML,A,CAPITAL_GOODS,1864.0,258.0995462073103,-0.8560194431511154,AVOID,high,277.8,326.9,375.9,-0.825,AVOID,high,0.0763,9.4,0.77,,Agree,,
MIDHANI,A,METAL,408.35,54.51585218555944,-0.866382715231472,AVOID,medium,39.5,53.2,66.8,-0.87,AVOID,medium,0.0516,6.8,0.5,trough uplift x1.26,Agree,,
HFCL,A,TELECOM,213.4,28.179986255097575,-0.8678051027109932,AVOID,high,13.7,16.1,18.5,-0.924,AVOID,high,0.0404,8.1,0.5,,Agree,,
GODREJPROP,A,REALTY,2092.0,277.8042842585007,-0.8680264682857479,AVOID,high,113.3,198.9,284.4,-0.905,ABSTAIN,low,0.0577,7.3,0.57,trough uplift x1.18,Engine-should-have-abstained,threshold/judgment difference (<0.30 gap),independent legs disagree beyond tolerance
LENSKART,A,CONSUMER,542.0,70.24544887738988,-0.8694322511572679,AVOID,high,29.9,37.7,45.4,-0.93,AVOID,medium,0.036,14.1,0.5,,Agree,,
AVANTEL,A,TELECOM,170.05,21.739979915184342,-0.8718841421699314,AVOID,medium,3.5,4.5,5.6,-0.973,AVOID,medium,0.036,7.6,0.5,,Agree,,
BLACKBUCK,A,IT_SERVICES,569.75,73.51187120265972,-0.8732116743658852,AVOID,medium,97.0,114.1,131.2,-0.8,AVOID,high,0.0678,13.5,1.23,,Agree,,
INOXGREEN,A,CONSTRUCTION,188.68,22.47655622525494,-0.8789630790239368,AVOID,medium,17.0,22.1,27.1,-0.883,AVOID,high,0.0366,6.1,0.5,trough uplift x1.30,Agree,,
WHEELS,A,METAL,1468.3,166.34830589806617,-0.8863119833938858,AVOID,medium,65.8,85.4,105.1,-0.942,AVOID,high,0.063,7.5,0.66,,Agree,,
ATGL,A,ENERGY,721.75,79.84688494434646,-0.8869264533819352,AVOID,high,68.0,88.4,108.7,-0.878,AVOID,high,0.07,11.4,1.87,,Agree,,
ITI,A,TELECOM,284.1,29.67429270642955,-0.8958248456856958,AVOID,high,33.1,50.9,68.7,-0.821,ABSTAIN,low,0.0922,14.1,4.15,,Engine-should-have-abstained,threshold/judgment difference (<0.30 gap),independent legs disagree beyond tolerance
PREMEXPLN,A,CHEMICALS,663.2,68.16467348981871,-0.8973423592020803,AVOID,medium,82.8,130.5,178.2,-0.803,AVOID,medium,0.0954,12.3,3.33,,Agree,,
IGIL,A,MANUFACTURING,342.8,35.05610101642864,-0.8982258643738463,AVOID,high,23.2,27.4,31.5,-0.92,AVOID,high,0.0552,9.5,0.65,,Agree,,
MBAPL,A,CHEMICALS,,13.637747004635255,-0.8990170529090318,AVOID,medium,,,,,ABSTAIN,,,,,,Method-limited-unchecked,input-gap: spot multiples/ROE unavailable to this method,input_gap
GRWRHITECH,A,MANUFACTURING,6971.1,651.1085907640163,-0.9050723734124484,AVOID,medium,592.5,911.5,1230.5,-0.869,ABSTAIN,low,0.0764,11.0,1.43,,Engine-should-have-abstained,threshold/judgment difference (<0.30 gap),independent legs disagree beyond tolerance
NYKAA,A,CONSUMER,322.85,29.923406720455034,-0.906911162792176,AVOID,high,13.7,21.0,28.4,-0.935,ABSTAIN,low,0.0852,21.7,9.0,,Engine-should-have-abstained,threshold/judgment difference (<0.30 gap),independent legs disagree beyond tolerance
POONAWALLA,A,NBFC,468.35,43.96097787953937,-0.9073237527573745,AVOID,high,52.2,61.4,70.6,-0.869,AVOID,high,0.03,8.2,0.5,,Agree,,
CERA,A,MANUFACTURING,1234.85,555.1242543932938,-0.9077176869099337,AVOID,medium,632.9,973.7,1314.6,-0.211,REDUCE,low,0.1063,12.7,9.0,,Dir-agree-magnitude-off,engine-bearish: level bias (VAL-02 family),Δmos 0.70
IBULLSLTD,A,MANUFACTURING,31.04,2.4262159164537915,-0.9166248825960897,AVOID,medium,10.7,16.4,22.1,-0.471,ABSTAIN,low,0.12,16.9,0.5,,Engine-should-have-abstained,engine-bearish: level bias (VAL-02 family),independent legs disagree beyond tolerance
LINDEINDIA,A,CHEMICALS,7106.55,541.7179657004682,-0.9237661179706631,AVOID,high,532.7,691.8,850.9,-0.903,AVOID,high,0.0772,10.8,1.38,,Agree,,
PTCIL,A,CAPITAL_GOODS,17881.0,1185.632976681124,-0.9320047613304396,AVOID,high,420.0,494.1,568.2,-0.972,AVOID,high,0.0402,7.3,0.5,,Agree,,
VIYASH,A,IT_SERVICES,267.2,15.887293189558774,-0.9408624858010096,AVOID,medium,32.8,41.6,50.4,-0.844,AVOID,medium,0.0462,11.3,0.53,,Agree,,
IFCI,A,NBFC,73.04,4.048589363325554,-0.943909817631954,AVOID,high,5.5,6.5,7.5,-0.911,AVOID,high,0.03,8.2,0.5,,Agree,,
AEGISVOPAK,A,ENERGY,303.4,14.948781579052408,-0.9444592919225249,AVOID,high,11.5,15.7,19.8,-0.948,AVOID,medium,0.048,8.4,0.5,trough uplift x1.30,Agree,,
MAHLIFE,A,CONSTRUCTION,372.4,17.17537463807909,-0.9541010832761115,AVOID,medium,86.1,118.9,151.6,-0.681,AVOID,medium,0.0492,7.1,0.5,trough uplift x1.30,Dir-agree-magnitude-off,threshold/judgment difference (<0.30 gap),Δmos 0.27
ELLEN,A,CHEMICALS,289.05,9.72331031425152,-0.966002411488631,AVOID,medium,58.7,83.0,107.4,-0.713,AVOID,medium,0.0642,9.8,0.85,trough uplift x1.29,Dir-agree-magnitude-off,threshold/judgment difference (<0.30 gap),Δmos 0.25
PTC,A,METAL,172.56,490.33403015282306,-0.9726696376928364,AVOID,medium,398.0,516.8,635.7,1.995,BUY-zone,high,0.0402,5.9,0.5,trough uplift x1.30,Disagree,engine-bearish: trough extrapolation + AVOID asymmetry (VAL-10),
PRSMJOHNSN,A,CEMENT,109.94,2.4450004066534525,-0.9777423722653305,AVOID,medium,1.4,1.8,2.2,-0.984,AVOID,high,0.0414,7.5,0.5,trough uplift x1.30,Agree,,
RAJESHEXPO,C,CONSUMER_DISC,,7836.869360774046,90.15818728363436,LOW CONF,low,,,,,DATA-DEFECT,,,,,,Data-defect,known live data bug (platform audit DATA-01/02),known live data bug (platform audit DATA-01/02)
CLEANMAX,C,UTILITIES,,15362.341765622012,11.220461192921814,LOW CONF,low,,,,,ABSTAIN,,,,,,Abstention-justified,near-zero/negative returns — no defensible capitalization,near-zero/negative returns — no defensible capitalization
ASHOKA,C,CONSTRUCTION,124.0,772.3130526543443,5.231849049095008,LOW CONF,low,710.9,1247.1,1783.4,9.057,ABSTAIN,low,0.1,14.5,9.0,peak haircut x0.60,Abstention-justified,,thin data both sides
LICI,C,INSURANCE,433.3,2621.2105604548487,5.049412786648624,LOW CONF,high,546.1,642.4,738.8,0.483,BUY-zone,high,0.1,15.5,4.5,,Engine-wrongly-abstained,,independent model reaches a supported value
KISSHT,C,MANUFACTURING,318.1,1750.452910434941,4.66489615027489,LOW CONF,low,337.4,519.1,700.8,0.632,ABSTAIN,low,0.12,14.1,0.5,,Abstention-justified,,thin data both sides
OSWALPUMPS,C,CAPITAL_GOODS,389.0,2042.1133790276363,4.12000345750943,LOW CONF,medium,999.6,1537.8,2076.0,2.953,ABSTAIN,low,0.16,27.4,0.5,,Abstention-justified,,thin data both sides
CHOLAHLDNG,C,NBFC,1552.9,7752.355820138024,3.9700960508642287,LOW CONF,high,1472.0,1731.7,1991.5,0.115,ACC-zone,high,0.1,14.2,4.5,,Engine-wrongly-abstained,,independent model reaches a supported value
PFC,C,NBFC,404.75,1976.9397126466397,3.9257249598770145,LOW CONF,medium,1099.3,1500.5,1901.6,2.707,BUY-zone,medium,0.1,13.5,4.5,,Engine-wrongly-abstained,,independent model reaches a supported value
KALPATARU,C,CONSTRUCTION,272.1,1178.0195317676896,3.323007456028219,LOW CONF,medium,476.3,618.6,760.9,1.273,BUY-zone,high,0.1,9.5,1.5,,Engine-wrongly-abstained,,independent model reaches a supported value
EFCIL,C,CONSUMER_DISC,190.49,781.8342968700891,3.1316614536283316,LOW CONF,medium,291.6,448.6,605.7,1.355,ABSTAIN,low,0.16,33.3,0.5,,Abstention-justified,,thin data both sides
GRMOVER,C,CONSUMER,91.83,341.46153218325543,2.7515000239865466,LOW CONF,medium,135.5,208.4,281.3,1.269,ABSTAIN,low,0.16,32.2,0.5,,Abstention-justified,,thin data both sides
TMPV,C,AUTO,,1242.6300901293362,2.7027118299443864,LOW CONF,medium,,,,,ABSTAIN,,,,,,Abstention-justified,input-gap: spot multiples/ROE unavailable to this method,input-gap: spot multiples/ROE unavailable to this method
CEIGALL,C,CONSTRUCTION,340.85,1233.8736043182305,2.6051821893885476,LOW CONF,medium,315.9,554.2,792.5,0.626,ABSTAIN,low,0.1,13.4,8.59,peak haircut x0.60,Abstention-justified,,thin data both sides
RELINFRA,C,CONSTRUCTION,63.3,219.17070568121707,2.298776425063472,LOW CONF,low,627.6,1101.0,1574.4,16.393,ABSTAIN,low,0.1,13.2,7.95,peak haircut x0.60,Abstention-justified,,thin data both sides
NAVNETEDUL,C,CONSUMER_DISC,150.0,434.4646562991345,1.9808895800969777,LOW CONF,medium,92.8,109.2,125.6,-0.272,AVOID,high,0.08,13.5,1.3,,Engine-wrongly-abstained,,independent model reaches a supported value
SENCO,C,CONSUMER_DISC,364.0,1081.6829937599634,1.967173210149399,LOW CONF,medium,443.7,682.6,921.5,0.875,ABSTAIN,low,0.1371,23.9,0.5,,Abstention-justified,,thin data both sides
GHCL,C,CHEMICALS,435.35,1223.1491321625012,1.8287445239650817,LOW CONF,medium,433.0,562.3,691.6,0.292,BUY-zone,high,0.0798,11.0,1.53,,Engine-wrongly-abstained,,independent model reaches a supported value
ARSSBL,C,NBFC,531.75,1483.0373338260042,1.7563188064789599,LOW CONF,medium,345.5,531.6,717.6,-0.0,HOLD,low,0.12,10.5,4.36,,Abstention-justified,,my confidence low too
MAHABANK,C,BANK,80.39,218.39771880446926,1.7402474128540686,LOW CONF,high,135.8,168.4,201.0,1.095,BUY-zone,medium,0.1,14.2,4.5,,Engine-wrongly-abstained,,independent model reaches a supported value
CANBK,C,BANK,125.01,343.192509407135,1.725913498070969,LOW CONF,high,314.9,476.0,637.1,2.808,ABSTAIN,low,0.1,13.0,4.5,,Abstention-justified,,thin data both sides
HAPPSTMNDS,C,IT_SERVICES,383.2,974.1621048588511,1.5839843630208252,LOW CONF,medium,171.8,202.1,232.4,-0.473,AVOID,high,0.0756,14.4,1.74,,Engine-wrongly-abstained,,independent model reaches a supported value
GATEWAY,C,MANUFACTURING,58.22,146.5472130084781,1.5332275368794834,LOW CONF,medium,43.2,50.8,58.4,-0.127,REDUCE,high,0.0678,10.4,1.02,,Engine-wrongly-abstained,,independent model reaches a supported value
GOKULAGRO,C,CONSUMER,213.58,534.7860914665673,1.5215054527161453,LOW CONF,medium,247.3,380.4,513.6,0.781,ABSTAIN,low,0.156,37.5,0.5,,Abstention-justified,,thin data both sides
RECLTD,C,NBFC,351.9,878.3772627100776,1.512520774342327,LOW CONF,medium,881.3,1131.0,1380.6,2.214,BUY-zone,medium,0.1,13.2,4.5,,Engine-wrongly-abstained,,independent model reaches a supported value
GMRP&UI,C,UTILITIES,97.03,236.10722037848356,1.4285869201654346,LOW CONF,medium,67.7,104.2,140.6,0.073,ACC-zone,low,0.12,19.6,0.5,,Abstention-justified,,my confidence low too
LICHSGFIN,C,NBFC,552.9,1291.913083823728,1.3566455378032247,LOW CONF,high,1217.9,1556.9,1896.0,1.816,BUY-zone,medium,0.1,11.3,2.41,,Engine-wrongly-abstained,,independent model reaches a supported value
SAATVIKGL,C,MANUFACTURING,466.4,1087.578017715415,1.3439181416280495,LOW CONF,medium,203.0,312.3,421.6,-0.33,AVOID,low,0.12,15.0,0.5,,Abstention-justified,,my confidence low too
PARADEEP,C,CHEMICALS,139.63,325.468553418334,1.3174918357899033,LOW CONF,high,95.4,123.9,152.4,-0.113,REDUCE,high,0.0882,11.7,2.24,,Engine-wrongly-abstained,,independent model reaches a supported value
TSFINV,C,NBFC,,1087.7794609846774,1.3124563371272904,LOW CONF,medium,,,,,ABSTAIN,,,,,,Abstention-justified,near-zero/negative returns — no defensible capitalization,near-zero/negative returns — no defensible capitalization
IOC,C,ENERGY,138.95,320.97027302086804,1.2635421228552046,LOW CONF,medium,62.8,103.9,145.0,-0.252,AVOID,medium,0.0359,10.5,1.25,,Engine-wrongly-abstained,,independent model reaches a supported value
BBTC,C,CONSUMER,1495.6,3247.7272669214126,1.1923364836785557,LOW CONF,high,3865.3,5946.6,8027.9,2.976,ABSTAIN,low,0.16,41.4,0.5,,Abstention-justified,,thin data both sides
CHENNPETRO,C,ENERGY,1125.0,2627.278690642871,1.1908594818569638,LOW CONF,high,333.5,585.0,836.6,-0.48,ABSTAIN,low,0.07,11.1,1.7,,Abstention-justified,,thin data both sides
GESHIP,C,MANUFACTURING,1345.4,2935.659001711303,1.1891566008287122,LOW CONF,high,3242.8,4988.9,6735.1,2.708,ABSTAIN,low,0.1041,12.8,8.76,,Abstention-justified,,thin data both sides
BANKBARODA,C,BANK,246.75,543.3565196199654,1.1883065631090028,LOW CONF,high,460.2,572.8,685.4,1.321,BUY-zone,medium,0.1,11.4,2.07,,Engine-wrongly-abstained,,independent model reaches a supported value
KRBL,C,CONSUMER,354.75,773.656870229471,1.1671060790741485,LOW CONF,medium,439.8,517.5,595.1,0.459,BUY-zone,high,0.0672,18.6,1.88,,Engine-wrongly-abstained,,independent model reaches a supported value
ITC,C,CONSUMER,281.9,596.6453674121406,1.1255624061707894,LOW CONF,medium,254.0,298.9,343.7,0.06,ACC-zone,high,0.09,26.3,9.0,,Engine-wrongly-abstained,,independent model reaches a supported value
ASHOKLEY,C,CAPITAL_GOODS,155.2,329.127648558875,1.120804488426284,LOW CONF,high,93.1,143.3,193.4,-0.077,HOLD,low,0.1568,22.2,0.5,,Abstention-justified,,my confidence low too
NIITMTS,C,MANUFACTURING,234.78,499.9930614379553,1.1187942259426873,LOW CONF,medium,197.0,303.1,409.1,0.291,BUY-zone,low,0.0966,12.4,4.18,,Abstention-justified,,my confidence low too
VSTIND,C,CONSUMER,233.25,491.9731081707158,1.1128327600202526,LOW CONF,medium,261.8,402.7,543.6,0.726,ABSTAIN,low,0.1213,28.9,0.5,,Abstention-justified,,thin data both sides
MARINE,C,LOGISTICS,252.95,521.7577083397671,1.1038617271764801,LOW CONF,medium,359.4,422.8,486.2,0.671,BUY-zone,high,0.0834,11.8,1.94,,Engine-wrongly-abstained,,independent model reaches a supported value
SUNTV,C,CONSUMER_DISC,499.95,1006.8342051424203,1.015078965560733,LOW CONF,high,502.5,773.1,1043.7,0.546,ABSTAIN,low,0.0943,15.9,5.54,,Abstention-justified,,thin data both sides
ROUTE,C,TELECOM,563.8,1130.6903252584223,1.014413549364729,LOW CONF,medium,302.5,355.8,409.2,-0.369,AVOID,high,0.0558,9.8,0.73,,Engine-wrongly-abstained,,independent model reaches a supported value
UNIONBANK,C,BANK,168.55,339.59484490673344,1.0121754156943379,LOW CONF,high,391.2,601.8,812.5,2.571,ABSTAIN,low,0.1,12.5,4.5,,Abstention-justified,,thin data both sides
RSYSTEMS,C,IT_SERVICES,252.89,509.0379476926664,1.006298075408586,LOW CONF,medium,190.8,293.5,396.3,0.161,BUY-zone,low,0.141,23.9,0.5,,Abstention-justified,,my confidence low too
SHAREINDIA,C,NBFC,179.43,237.35865888969997,0.33919351664240555,LOW CONF,medium,131.7,155.0,178.2,-0.136,REDUCE,high,0.08,10.7,1.25,,Engine-wrongly-abstained,,independent model reaches a supported value
ELECTCAST,C,MANUFACTURING,,89.94925062989972,0.19375249674717623,LOW CONF,medium,,,,,ABSTAIN,,,,,,Abstention-justified,near-zero/negative returns — no defensible capitalization,near-zero/negative returns — no defensible capitalization
IIFLCAPS,C,NBFC,337.7,343.2290951770183,0.018030832498942023,LOW CONF,medium,216.0,332.3,448.7,-0.016,HOLD,low,0.1003,12.7,5.89,,Abstention-justified,,my confidence low too
JINDALPOLY,C,MANUFACTURING,,649.5969979598195,-0.013295362710078971,LOW CONF,medium,,,,,ABSTAIN,,,,,,Abstention-justified,near-zero/negative returns — no defensible capitalization,near-zero/negative returns — no defensible capitalization
PURVA,C,CONSTRUCTION,,200.7329157293078,-0.09685541379776928,LOW CONF,medium,,,,,ABSTAIN,,,,,,Abstention-justified,near-zero/negative returns — no defensible capitalization,near-zero/negative returns — no defensible capitalization
CROMPTON,C,CONSUMER_DISC,,219.59024778983562,-0.1470567186256142,LOW CONF,medium,,,,,ABSTAIN,,,,,,Abstention-justified,input-gap: spot multiples/ROE unavailable to this method,input-gap: spot multiples/ROE unavailable to this method
SHOPERSTOP,C,CONSUMER_DISC,,327.5321155310111,-0.16157144366821685,LOW CONF,medium,,,,,ABSTAIN,,,,,,Abstention-justified,input-gap: spot multiples/ROE unavailable to this method,input-gap: spot multiples/ROE unavailable to this method
CRAMC,C,NBFC,255.76,213.34970041303347,-0.18005495613745778,LOW CONF,medium,67.8,104.3,140.8,-0.592,ABSTAIN,low,0.12,14.7,0.5,,Abstention-justified,,thin data both sides
ICRA,C,MANUFACTURING,5208.5,4093.5797935706264,-0.2130001358126259,LOW CONF,medium,2027.0,2872.3,3717.5,-0.449,AVOID,medium,0.093,12.1,3.26,,Engine-wrongly-abstained,,independent model reaches a supported value
ZEEL,C,CONSUMER_DISC,,83.05557504814578,-0.21534648041430526,LOW CONF,high,,,,,ABSTAIN,,,,,,Abstention-justified,near-zero/negative returns — no defensible capitalization,near-zero/negative returns — no defensible capitalization
GREAVESCOT,C,AUTO,,183.2742550348954,-0.25805904366085586,LOW CONF,medium,,,,,ABSTAIN,,,,,,Abstention-justified,near-zero/negative returns — no defensible capitalization,near-zero/negative returns — no defensible capitalization
BHARATCOAL,C,MANUFACTURING,,26.778761782008786,-0.2596416427423615,LOW CONF,medium,,,,,ABSTAIN,,,,,,Abstention-justified,near-zero/negative returns — no defensible capitalization,near-zero/negative returns — no defensible capitalization
EASEMYTRIP,C,MANUFACTURING,6.9,5.047503175303039,-0.2642123651161752,LOW CONF,medium,2.2,3.4,4.5,-0.512,ABSTAIN,low,0.12,16.9,0.5,,Abstention-justified,,thin data both sides
ZYDUSWELL,C,CONSUMER,,426.3644171354832,-0.2751986109044059,LOW CONF,high,,,,,ABSTAIN,,,,,,Abstention-justified,near-zero/negative returns — no defensible capitalization,near-zero/negative returns — no defensible capitalization
PVRINOX,C,CONSUMER_DISC,,696.0878258601916,-0.30286647385058424,LOW CONF,high,,,,,ABSTAIN,,,,,,Abstention-justified,near-zero/negative returns — no defensible capitalization,near-zero/negative returns — no defensible capitalization
SUDARSCHEM,C,CHEMICALS,1046.0,710.0403080637888,-0.3157227311099227,LOW CONF,medium,435.3,763.7,1092.1,-0.27,AVOID,low,0.1,16.7,9.0,peak haircut x0.60,Abstention-justified,,my confidence low too
MEDIASSIST,C,NBFC,360.0,236.8183036353135,-0.32884142373440983,LOW CONF,medium,121.0,186.1,251.3,-0.483,ABSTAIN,low,0.12,10.7,2.55,,Abstention-justified,,thin data both sides
RELIGARE,C,NBFC,,169.23860108623614,-0.33761799966248085,LOW CONF,medium,,,,,ABSTAIN,,,,,,Abstention-justified,near-zero/negative returns — no defensible capitalization,near-zero/negative returns — no defensible capitalization
BSE,C,NBFC,3581.8,2299.8554913108565,-0.3579230321028347,LOW CONF,high,264.0,406.2,548.3,-0.887,ABSTAIN,low,0.12,14.9,0.5,,Abstention-justified,,thin data both sides
IEX,C,NBFC,125.51,77.0533378704852,-0.3742623203631217,LOW CONF,high,24.3,37.4,50.6,-0.702,ABSTAIN,low,0.12,14.8,0.5,,Abstention-justified,,thin data both sides
JPPOWER,C,UTILITIES,,10.554480021772463,-0.3751047944480484,LOW CONF,high,,,,,ABSTAIN,,,,,,Abstention-justified,near-zero/negative returns — no defensible capitalization,near-zero/negative returns — no defensible capitalization
IIFL,C,NBFC,557.25,340.04577278684155,-0.38397504929920007,LOW CONF,high,338.6,398.4,458.1,-0.285,AVOID,high,0.059,10.8,1.3,,Engine-wrongly-abstained,,independent model reaches a supported value
BAJAJELEC,C,MANUFACTURING,,202.46362613443483,-0.3874020389275799,LOW CONF,medium,,,,,ABSTAIN,,,,,,Abstention-justified,input-gap: spot multiples/ROE unavailable to this method,input-gap: spot multiples/ROE unavailable to this method
RUSTOMJEE,C,CONSTRUCTION,,248.54988941584094,-0.39818428712871445,LOW CONF,medium,,,,,ABSTAIN,,,,,,Abstention-justified,near-zero/negative returns — no defensible capitalization,near-zero/negative returns — no defensible capitalization
SYMPHONY,C,CAPITAL_GOODS,,389.3780093055442,-0.444341049867222,LOW CONF,medium,,,,,ABSTAIN,,,,,,Abstention-justified,input-gap: spot multiples/ROE unavailable to this method,input-gap: spot multiples/ROE unavailable to this method
JYOTICNC,C,CAPITAL_GOODS,796.4,429.02869773452704,-0.45108917894763684,LOW CONF,high,111.0,170.8,230.6,-0.786,ABSTAIN,low,0.16,18.0,0.5,,Abstention-justified,,thin data both sides
RAYMONDLSL,C,CONSUMER_DISC,727.25,390.9717755593521,-0.4602074063794669,LOW CONF,medium,251.2,386.5,521.7,-0.469,ABSTAIN,low,0.16,37.7,0.5,,Abstention-justified,,thin data both sides
OFSS,C,IT_SERVICES,11809.0,6319.2522457652,-0.4630139152136981,LOW CONF,high,3580.5,5508.5,7436.4,-0.534,ABSTAIN,low,0.1078,22.2,0.5,,Abstention-justified,,thin data both sides
DEVYANI,C,CONSUMER,,59.74279469788743,-0.463564741870455,LOW CONF,medium,,,,,ABSTAIN,,,,,,Abstention-justified,near-zero/negative returns — no defensible capitalization,near-zero/negative returns — no defensible capitalization
KIRLPNU,C,CAPITAL_GOODS,1724.2,903.321439804247,-0.46507879445475986,LOW CONF,medium,335.2,515.7,696.2,-0.701,ABSTAIN,low,0.1289,15.8,0.5,,Abstention-justified,,thin data both sides
NXST,C,REALTY,,88.00985295215654,-0.46982016293881607,LOW CONF,medium,,,,,ABSTAIN,,,,,,Abstention-justified,near-zero/negative returns — no defensible capitalization,near-zero/negative returns — no defensible capitalization
THYROCARE,C,PHARMA,562.25,272.07888784958,-0.4739895836644176,LOW CONF,medium,176.2,271.1,365.9,-0.518,ABSTAIN,low,0.1302,32.7,0.5,,Abstention-justified,,thin data both sides
TITAN,C,CONSUMER_DISC,4574.5,2424.2872256956684,-0.47731027237539764,LOW CONF,high,828.9,1275.2,1721.5,-0.721,ABSTAIN,low,0.16,35.8,0.5,,Abstention-justified,,thin data both sides
SMLMAH,C,AUTO,4005.2,2133.3852527656372,-0.4777770359430047,LOW CONF,medium,1008.5,1769.4,2530.2,-0.558,ABSTAIN,low,0.1,14.9,9.0,peak haircut x0.60,Abstention-justified,,thin data both sides
ASHAPURMIN,C,METAL,692.4,357.3882316665626,-0.48204604106295273,LOW CONF,medium,202.5,355.3,508.1,-0.487,ABSTAIN,low,0.07,10.6,2.93,peak haircut x0.60,Abstention-justified,,thin data both sides
BLUEJET,C,PHARMA,591.25,299.4106496446278,-0.48221245197643264,LOW CONF,high,223.4,343.7,464.1,-0.419,ABSTAIN,low,0.08,20.1,7.29,,Abstention-justified,,thin data both sides
TATACOMM,C,TELECOM,1817.65,938.9084792917541,-0.48329289566245437,LOW CONF,high,628.9,800.7,972.5,-0.559,AVOID,medium,0.093,19.1,9.0,,Engine-wrongly-abstained,,independent model reaches a supported value
PRIVISCL,C,CHEMICALS,3673.7,1888.597472861845,-0.4839897615131571,LOW CONF,medium,970.8,1703.2,2435.6,-0.536,ABSTAIN,low,0.1,14.1,8.55,peak haircut x0.76,Abstention-justified,,thin data both sides
NESTLEIND,C,CONSUMER,1422.0,733.5512968396089,-0.486020672057449,LOW CONF,high,310.1,477.1,644.0,-0.665,ABSTAIN,low,0.1044,33.4,0.5,,Abstention-justified,,thin data both sides
APOLLO,C,PHARMA,,4525.165886657595,-0.48729142457992347,LOW CONF,medium,,,,,DATA-DEFECT,,,,,,Data-defect,known live data bug (platform audit DATA-01/02),known live data bug (platform audit DATA-01/02)
APOLLOHOSP,C,PHARMA,8790.4,4525.165886657595,-0.48729142457992347,LOW CONF,high,2026.1,3117.1,4208.1,-0.645,ABSTAIN,low,0.16,30.8,0.5,,Abstention-justified,,thin data both sides
BIOCON,C,PHARMA,437.4,221.03216941714027,-0.4935101525730058,LOW CONF,high,109.9,129.3,148.7,-0.704,ABSTAIN,low,0.16,45.8,0.5,,Abstention-justified,,thin data both sides
NUVOCO,C,CEMENT,,175.54453176823725,-0.4941079776131491,LOW CONF,high,,,,,ABSTAIN,,,,,,Abstention-justified,near-zero/negative returns — no defensible capitalization,near-zero/negative returns — no defensible capitalization
SAPPHIRE,C,CONSUMER,,91.1160540648096,-0.49676320520926986,LOW CONF,medium,,,,,ABSTAIN,,,,,,Abstention-justified,near-zero/negative returns — no defensible capitalization,near-zero/negative returns — no defensible capitalization
PPLPHARMA,C,PHARMA,,87.56653875282652,-0.4968307834693644,LOW CONF,medium,,,,,ABSTAIN,,,,,,Abstention-justified,input-gap: spot multiples/ROE unavailable to this method,input-gap: spot multiples/ROE unavailable to this method
TENNIND,C,AUTO,558.45,276.82533736908977,-0.5006757983963027,LOW CONF,medium,111.2,187.2,263.2,-0.665,ABSTAIN,low,0.1,16.1,9.0,peak haircut x0.60,Abstention-justified,,thin data both sides
PRECWIRE,C,MANUFACTURING,363.55,185.03522230789557,-0.5013871670495943,LOW CONF,medium,55.0,84.6,114.2,-0.767,ABSTAIN,low,0.12,13.8,0.5,,Abstention-justified,,thin data both sides
FIRSTCRY,C,CONSUMER,,104.76271019717913,-0.5019126601189601,LOW CONF,medium,,,,,ABSTAIN,,,,,,Abstention-justified,input-gap: spot multiples/ROE unavailable to this method,input-gap: spot multiples/ROE unavailable to this method
GLAXO,C,PHARMA,2475.0,1208.603286410845,-0.502673324660174,LOW CONF,high,1464.1,2252.5,3040.8,-0.09,HOLD,low,0.16,45.8,0.5,,Abstention-justified,,my confidence low too
ABSLAMC,C,NBFC,1118.6,560.6743830525809,-0.5081803657433501,LOW CONF,high,469.1,557.6,646.1,-0.502,AVOID,medium,0.0992,13.4,4.5,,Engine-wrongly-abstained,,independent model reaches a supported value
ADANIPOWER,C,UTILITIES,214.45,106.20502427073173,-0.5096041729199255,LOW CONF,high,51.5,79.2,106.9,-0.631,ABSTAIN,low,0.1198,17.1,0.5,,Abstention-justified,,thin data both sides
JBCHEPHARM,C,PHARMA,2415.3,1183.8857268890488,-0.5098390564778501,LOW CONF,high,520.1,800.1,1080.2,-0.669,ABSTAIN,low,0.1026,21.8,0.5,,Abstention-justified,,thin data both sides
COHANCE,C,PHARMA,,214.08511478321356,-0.5145462249813751,LOW CONF,high,,,,,ABSTAIN,,,,,,Abstention-justified,near-zero/negative returns — no defensible capitalization,near-zero/negative returns — no defensible capitalization
SUDEEPPHRM,C,IT_SERVICES,866.9,411.6568876138718,-0.5224398055523529,LOW CONF,medium,167.8,258.2,348.6,-0.702,ABSTAIN,low,0.1182,20.2,0.5,,Abstention-justified,,thin data both sides
ASIANPAINT,C,CONSUMER_DISC,2692.0,1279.934205737544,-0.5240110800529773,LOW CONF,high,680.9,911.7,1142.6,-0.661,AVOID,medium,0.08,17.6,5.71,,Engine-wrongly-abstained,,independent model reaches a supported value
BOSCHLTD,C,AUTO,40845.0,19517.929399840865,-0.5252267234288284,LOW CONF,high,8830.9,15492.8,22154.8,-0.621,ABSTAIN,low,0.1,12.8,5.09,,Abstention-justified,,thin data both sides
VIJAYA,C,PHARMA,1335.8,634.1937989311712,-0.5253040427161892,LOW CONF,high,206.0,316.9,427.9,-0.763,ABSTAIN,low,0.1086,22.9,0.5,,Abstention-justified,,thin data both sides
NEULANDLAB,C,PHARMA,19551.75,8678.402201938921,-0.5264173423225691,LOW CONF,high,2943.4,4528.2,6113.1,-0.768,ABSTAIN,low,0.1475,26.0,0.5,,Abstention-justified,,thin data both sides
EICHERMOT,C,AUTO,7563.95,3564.8104287289684,-0.528682431582076,LOW CONF,high,2346.5,4116.7,5886.9,-0.456,ABSTAIN,low,0.1,13.6,7.04,,Abstention-justified,,thin data both sides
BIRET,C,REALTY,341.0,159.69761699668913,-0.5302873114012496,LOW CONF,medium,583.8,1024.1,1464.5,2.003,ABSTAIN,low,0.1,14.3,9.0,peak haircut x0.60,Abstention-justified,,thin data both sides
TRENT,C,CONSUMER,2902.75,1332.1524995412642,-0.5313282790806135,LOW CONF,high,586.4,902.1,1217.9,-0.689,ABSTAIN,low,0.16,39.9,0.5,,Abstention-justified,,thin data both sides
SWSOLAR,C,CONSTRUCTION,,103.24351874535131,-0.5353367894803938,LOW CONF,medium,,,,,ABSTAIN,,,,,,Abstention-justified,input-gap: spot multiples/ROE unavailable to this method,input-gap: spot multiples/ROE unavailable to this method
DIXON,C,CONSUMER_DISC,14557.0,6603.11022748703,-0.5409086958571209,LOW CONF,high,5012.2,7711.0,10409.9,-0.47,ABSTAIN,low,0.16,35.4,0.5,,Abstention-justified,,thin data both sides
BHARTIHEXA,C,TELECOM,1595.05,735.8393633269161,-0.5424738150053372,LOW CONF,high,446.2,686.5,926.8,-0.57,ABSTAIN,low,0.1451,24.4,0.5,,Abstention-justified,,thin data both sides
TORNTPHARM,C,PHARMA,4766.6,2281.8111603533234,-0.5425031758053326,LOW CONF,high,1076.3,1655.9,2235.5,-0.653,ABSTAIN,low,0.1529,32.6,0.5,,Abstention-justified,,thin data both sides
EBGNG,C,MANUFACTURING,556.0,247.74184329489844,-0.543753511427443,LOW CONF,medium,199.0,306.2,413.4,-0.449,ABSTAIN,low,0.1044,12.8,9.0,,Abstention-justified,,thin data both sides
SHANTIGEAR,C,CAPITAL_GOODS,423.5,194.25232332241941,-0.5471973815328218,LOW CONF,medium,110.3,169.7,229.1,-0.599,ABSTAIN,low,0.1044,13.3,5.52,,Abstention-justified,,thin data both sides
EUREKAFORB,C,CAPITAL_GOODS,,205.85067983827338,-0.5517677085720776,LOW CONF,medium,,,,,ABSTAIN,,,,,,Abstention-justified,near-zero/negative returns — no defensible capitalization,near-zero/negative returns — no defensible capitalization
PILANIINVS,C,NBFC,4360.0,1960.7527599534712,-0.5518381842807087,LOW CONF,medium,1438.3,2212.8,2987.2,-0.492,ABSTAIN,low,0.12,15.1,0.5,,Abstention-justified,,thin data both sides
BOSCH-HCIL,C,AUTO,,18276.699403554383,-0.5526447337277106,LOW CONF,medium,,,,,DATA-DEFECT,,,,,,Data-defect,known live data bug (platform audit DATA-01/02),known live data bug (platform audit DATA-01/02)
TRITURBINE,C,CAPITAL_GOODS,614.7,274.3504719534468,-0.5530659412666827,LOW CONF,high,117.8,181.3,244.7,-0.705,ABSTAIN,low,0.1452,20.1,0.5,,Abstention-justified,,thin data both sides
BALUFORGE,C,AUTO,448.0,199.06319492063886,-0.5568988426919558,LOW CONF,medium,228.9,355.2,481.4,-0.207,REDUCE,medium,0.0972,12.0,3.27,,Engine-wrongly-abstained,,independent model reaches a supported value
NBCC,C,CONSTRUCTION,97.96,43.02553283846706,-0.5580325337599685,LOW CONF,high,21.9,38.5,55.0,-0.607,ABSTAIN,low,0.1,12.8,6.64,peak haircut x0.60,Abstention-justified,,thin data both sides
CUMMINSIND,C,CAPITAL_GOODS,5452.6,2441.8213686976474,-0.5633366651112934,LOW CONF,high,1055.2,1623.3,2191.5,-0.702,ABSTAIN,low,0.16,23.4,0.5,,Abstention-justified,,thin data both sides
CRISIL,C,NBFC,4235.0,1845.611509564168,-0.5649810235317569,LOW CONF,high,1494.3,1758.0,2021.7,-0.585,AVOID,high,0.1073,13.9,4.5,,Engine-wrongly-abstained,,independent model reaches a supported value
LALPATHLAB,C,PHARMA,1693.9,733.9094536392663,-0.5678818572543181,LOW CONF,high,410.6,631.7,852.7,-0.627,ABSTAIN,low,0.1218,25.5,0.5,,Abstention-justified,,thin data both sides
CEMPRO,C,CONSTRUCTION,1620.0,684.2441305543192,-0.5696577795255854,LOW CONF,high,287.8,504.9,722.0,-0.688,ABSTAIN,low,0.1,12.8,6.77,peak haircut x0.60,Abstention-justified,,thin data both sides
GRAPHITE,C,CAPITAL_GOODS,,275.64469585202977,-0.571314625424526,LOW CONF,high,,,,,ABSTAIN,,,,,,Abstention-justified,near-zero/negative returns — no defensible capitalization,near-zero/negative returns — no defensible capitalization
INOXINDIA,C,CAPITAL_GOODS,2000.5,839.653732972259,-0.5750525163357159,LOW CONF,medium,264.7,407.3,549.8,-0.796,ABSTAIN,low,0.1386,17.4,0.5,,Abstention-justified,,thin data both sides
SAMMAANCAP,C,NBFC,,68.9239166998446,-0.5772057618706625,LOW CONF,medium,,,,,ABSTAIN,,,,,,Abstention-justified,input-gap: spot multiples/ROE unavailable to this method,input-gap: spot multiples/ROE unavailable to this method
SJS,C,AUTO,2164.9,901.7593781209295,-0.5814142050220817,LOW CONF,medium,565.0,991.2,1417.5,-0.542,ABSTAIN,low,0.1,13.1,5.76,,Abstention-justified,,thin data both sides
INGERRAND,C,CAPITAL_GOODS,4569.8,1916.7435449767988,-0.5825543285615474,LOW CONF,medium,1147.3,1765.0,2382.8,-0.614,ABSTAIN,low,0.16,26.9,0.5,,Abstention-justified,,thin data both sides
CMPDI,C,METAL,253.83,105.61844918219373,-0.5836219775203275,LOW CONF,medium,43.2,75.7,108.3,-0.702,ABSTAIN,low,0.07,10.9,3.49,peak haircut x0.60,Abstention-justified,,thin data both sides
SEDEMAC,C,MANUFACTURING,2666.9,1107.4114547125905,-0.5886898474548393,LOW CONF,medium,348.7,536.5,724.2,-0.799,ABSTAIN,low,0.12,16.9,0.5,,Abstention-justified,,thin data both sides
ANANDRATHI,C,NBFC,2083.8,847.1323671782484,-0.5900641823478111,LOW CONF,high,103.4,159.0,214.7,-0.924,ABSTAIN,low,0.12,15.0,0.5,,Abstention-justified,,thin data both sides
SBCL,C,MANUFACTURING,746.2,296.6578999509692,-0.5941752394651585,LOW CONF,medium,106.4,163.7,221.0,-0.781,ABSTAIN,low,0.1194,13.8,0.5,,Abstention-justified,,thin data both sides
TRIVENI,C,CAPITAL_GOODS,474.45,249.23171712347232,-0.5949098462032144,LOW CONF,medium,117.8,181.3,244.7,-0.618,ABSTAIN,low,0.1452,20.1,0.5,,Abstention-justified,,thin data both sides
PRAJIND,C,CONSTRUCTION,,139.53787402630667,-0.597815610242667,LOW CONF,medium,,,,,ABSTAIN,,,,,,Abstention-justified,near-zero/negative returns — no defensible capitalization,near-zero/negative returns — no defensible capitalization
BAJAJ-AUTO,C,AUTO,1054.85,423.46080716033794,-0.5991093371576844,LOW CONF,high,443.9,610.2,776.4,-0.422,AVOID,medium,0.1,12.3,4.09,,Engine-wrongly-abstained,,independent model reaches a supported value
NAVINFLUOR,C,CHEMICALS,7856.0,3022.2967020528367,-0.5999607277229866,LOW CONF,high,1330.6,2334.4,3338.1,-0.703,ABSTAIN,low,0.1,12.6,4.62,,Abstention-justified,,thin data both sides
RADICO,C,CONSUMER,4062.0,1638.8724430452803,-0.600275013891395,LOW CONF,high,505.1,777.0,1049.0,-0.809,ABSTAIN,low,0.1399,29.6,0.5,,Abstention-justified,,thin data both sides
CORONA,C,IT_SERVICES,2046.7,816.0347314506869,-0.6025740362096689,LOW CONF,medium,406.1,624.8,843.5,-0.695,ABSTAIN,low,0.1488,25.3,0.5,,Abstention-justified,,thin data both sides
3MINDIA,C,MANUFACTURING,35295.0,13834.513631640102,-0.6032545560183509,LOW CONF,high,3208.6,4936.4,6664.1,-0.86,ABSTAIN,low,0.12,15.5,0.5,,Abstention-justified,,thin data both sides
GRSE,C,CAPITAL_GOODS,2566.0,1021.4705937987145,-0.6033894025242809,LOW CONF,high,815.4,1254.5,1693.6,-0.511,ABSTAIN,low,0.16,23.6,0.5,,Abstention-justified,,thin data both sides
LGEINDIA,C,CONSUMER_DISC,1577.0,626.8578294505406,-0.604131462298364,LOW CONF,high,303.8,467.3,630.9,-0.704,ABSTAIN,low,0.132,23.0,0.5,,Abstention-justified,,thin data both sides
GRINDWELL,C,MANUFACTURING,2031.5,813.7200715095757,-0.6061564921787059,LOW CONF,medium,476.5,560.6,644.7,-0.724,AVOID,high,0.0807,12.2,2.66,,Engine-wrongly-abstained,,independent model reaches a supported value
SUMICHEM,C,CHEMICALS,540.45,208.91201676416725,-0.6102387746937179,LOW CONF,high,105.2,169.3,233.3,-0.687,AVOID,medium,0.096,12.3,3.46,,Engine-wrongly-abstained,,independent model reaches a supported value
SWIGGY,C,CONSUMER,,107.44739398480378,-0.6119211399400304,LOW CONF,medium,,,,,ABSTAIN,,,,,,Abstention-justified,input-gap: spot multiples/ROE unavailable to this method,input-gap: spot multiples/ROE unavailable to this method
ANTHEM,C,PHARMA,795.0,296.52251256379935,-0.6189636178825503,LOW CONF,high,136.6,210.2,283.8,-0.736,ABSTAIN,low,0.117,24.5,0.5,,Abstention-justified,,thin data both sides
ATLANTAELE,C,MANUFACTURING,1758.0,641.4650083248887,-0.6211074965594279,LOW CONF,medium,177.2,272.7,368.1,-0.845,ABSTAIN,low,0.12,14.2,0.5,,Abstention-justified,,thin data both sides
SMARTWORKS,C,REALTY,,169.97130445387532,-0.6280715438646055,LOW CONF,medium,,,,,ABSTAIN,,,,,,Abstention-justified,near-zero/negative returns — no defensible capitalization,near-zero/negative returns — no defensible capitalization
HIRECT,C,MANUFACTURING,1238.0,450.30081406943316,-0.6375848578918043,LOW CONF,medium,217.3,334.4,451.4,-0.73,ABSTAIN,low,0.111,13.3,9.0,,Abstention-justified,,thin data both sides
SHREEJISPG,C,LOGISTICS,596.0,214.65485961662023,-0.6401728947839741,LOW CONF,medium,90.1,138.7,187.2,-0.767,ABSTAIN,low,0.1192,17.2,0.5,,Abstention-justified,,thin data both sides
PRUDENT,C,NBFC,2851.5,1036.6366597533786,-0.6417236953917956,LOW CONF,medium,350.8,539.6,728.5,-0.811,ABSTAIN,low,0.12,14.4,0.5,,Abstention-justified,,thin data both sides
SCHAEFFLER,C,AUTO,4157.95,1473.303570396532,-0.6445759986498765,LOW CONF,high,822.6,1443.2,2063.7,-0.653,ABSTAIN,low,0.1,13.1,5.94,,Abstention-justified,,thin data both sides
GROWW,C,NBFC,208.25,72.97648899167325,-0.6484754865526337,LOW CONF,high,47.6,60.7,73.9,-0.708,AVOID,medium,0.0936,13.1,4.5,,Engine-wrongly-abstained,,independent model reaches a supported value
BBOX,C,IT_SERVICES,841.6,290.26591656984806,-0.6512903453029216,LOW CONF,medium,204.6,314.7,424.9,-0.626,ABSTAIN,low,0.1014,17.7,9.0,,Abstention-justified,,thin data both sides
TIPSMUSIC,C,MANUFACTURING,703.4,233.36983248701682,-0.6513746153465538,LOW CONF,medium,205.1,241.3,277.5,-0.657,AVOID,high,0.0705,15.2,9.0,,Engine-wrongly-abstained,,independent model reaches a supported value
HDFCAMC,C,NBFC,2650.0,901.7615539810912,-0.6534618576661704,LOW CONF,high,294.9,453.6,612.4,-0.829,ABSTAIN,low,0.1147,14.3,0.5,,Abstention-justified,,thin data both sides
PIDILITIND,C,CHEMICALS,1560.55,540.0714011597956,-0.6537115919724316,LOW CONF,high,282.8,496.1,709.5,-0.682,ABSTAIN,low,0.1,14.2,8.83,peak haircut x0.75,Abstention-justified,,thin data both sides
KSB,C,CAPITAL_GOODS,907.85,308.8618590724626,-0.654652139461662,LOW CONF,medium,160.4,215.7,271.1,-0.762,AVOID,medium,0.0966,12.5,3.16,,Engine-wrongly-abstained,,independent model reaches a supported value
RKFORGE,C,AUTO,,195.75826210087425,-0.6564137567338758,LOW CONF,high,,,,,ABSTAIN,,,,,,Abstention-justified,near-zero/negative returns — no defensible capitalization,near-zero/negative returns — no defensible capitalization
LLOYDSME,C,METAL,1798.55,613.2591529638095,-0.6598107544439954,LOW CONF,high,193.5,339.5,485.4,-0.811,ABSTAIN,low,0.07,10.9,3.47,peak haircut x0.60,Abstention-justified,,thin data both sides
UTIAMC,C,NBFC,929.55,315.1717493289238,-0.6634398533515683,LOW CONF,high,237.2,279.1,321.0,-0.7,AVOID,high,0.0473,10.0,0.86,,Engine-wrongly-abstained,,independent model reaches a supported value
UNOMINDA,C,AUTO,1155.0,382.3111183292714,-0.6681903156315993,LOW CONF,high,223.1,391.4,559.7,-0.661,ABSTAIN,low,0.1,12.8,5.18,,Abstention-justified,,thin data both sides
GUJTHEM,C,IT_SERVICES,365.5,121.26889066530302,-0.6690259534243913,LOW CONF,medium,68.6,105.6,142.6,-0.711,ABSTAIN,low,0.0972,17.2,8.88,,Abstention-justified,,thin data both sides
JAINREC,C,METAL,330.85,108.5412210741319,-0.6701376050018785,LOW CONF,high,49.2,86.4,123.6,-0.739,ABSTAIN,low,0.07,10.4,2.74,peak haircut x0.60,Abstention-justified,,thin data both sides
JSWCEMENT,C,CEMENT,,46.094506558521076,-0.671574588111713,LOW CONF,medium,,,,,ABSTAIN,,,,,,Abstention-justified,input-gap: spot multiples/ROE unavailable to this method,input-gap: spot multiples/ROE unavailable to this method
NUVAMA,C,NBFC,1851.7,599.6650420526635,-0.6766258401355353,LOW CONF,high,767.7,903.2,1038.7,-0.512,AVOID,high,0.1017,13.5,4.5,,Engine-wrongly-abstained,,independent model reaches a supported value
WAKEFIT,C,MANUFACTURING,130.2,41.6437927077059,-0.6799093565895011,LOW CONF,medium,76.7,118.1,159.4,-0.093,HOLD,low,0.1003,12.6,5.71,,Abstention-justified,,my confidence low too
ANGELONE,C,NBFC,323.85,105.00624961570387,-0.6815097069587387,LOW CONF,high,97.1,114.3,131.4,-0.647,AVOID,high,0.0675,11.4,1.76,,Engine-wrongly-abstained,,independent model reaches a supported value
ZFCVINDIA,C,AUTO,,732.0211623313099,-0.6818129347425411,LOW CONF,high,,,,,ABSTAIN,,,,,,Abstention-justified,near-zero/negative returns — no defensible capitalization,near-zero/negative returns — no defensible capitalization
ASTRAZEN,C,IT_SERVICES,8068.5,2535.4149390133625,-0.6850024923576391,LOW CONF,medium,876.4,1348.3,1820.2,-0.833,ABSTAIN,low,0.129,21.9,0.5,,Abstention-justified,,thin data both sides
QPOWER,C,MANUFACTURING,1141.1,360.8390965888599,-0.6913266923961848,LOW CONF,medium,111.2,171.0,230.9,-0.85,ABSTAIN,low,0.12,16.0,0.5,,Abstention-justified,,thin data both sides
TATACHEM,C,CHEMICALS,,215.0735939021427,-0.6920701640745326,LOW CONF,medium,,,,,ABSTAIN,,,,,,Abstention-justified,input-gap: spot multiples/ROE unavailable to this method,input-gap: spot multiples/ROE unavailable to this method
IXIGO,C,MANUFACTURING,207.18,60.6862526173245,-0.6958082575572707,LOW CONF,medium,6.9,8.7,10.5,-0.958,AVOID,medium,0.0451,8.7,0.5,,Engine-wrongly-abstained,,independent model reaches a supported value
TATAINVEST,C,NBFC,661.3,196.7735273783785,-0.7028936624212917,LOW CONF,high,165.3,233.2,301.1,-0.647,AVOID,medium,0.12,17.7,0.5,,Engine-wrongly-abstained,,independent model reaches a supported value
KOLTEPATIL,C,CONSTRUCTION,,114.54165612613471,-0.7052074221435216,LOW CONF,medium,,,,,ABSTAIN,,,,,,Abstention-justified,input-gap: spot multiples/ROE unavailable to this method,input-gap: spot multiples/ROE unavailable to this method
CAMS,C,NBFC,768.5,219.64739618689848,-0.7086324916271162,LOW CONF,high,84.0,129.3,174.5,-0.832,ABSTAIN,low,0.12,14.8,0.5,,Abstention-justified,,thin data both sides
NETWEB,C,IT_SERVICES,4243.9,1225.732042811158,-0.7105982804903532,LOW CONF,high,529.4,814.5,1099.6,-0.808,ABSTAIN,low,0.16,28.0,0.5,,Abstention-justified,,thin data both sides
SUNFLAG,C,METAL,,98.59098899349615,-0.7139388104062203,LOW CONF,medium,,,,,ABSTAIN,,,,,,Abstention-justified,near-zero/negative returns — no defensible capitalization,near-zero/negative returns — no defensible capitalization
63MOONS,C,IT_SERVICES,,198.37024775928586,-0.7167151049492526,LOW CONF,medium,,,,,ABSTAIN,,,,,,Abstention-justified,input-gap: spot multiples/ROE unavailable to this method,input-gap: spot multiples/ROE unavailable to this method
JIOFIN,C,NBFC,,68.36398870941359,-0.7186435562210323,LOW CONF,high,,,,,ABSTAIN,,,,,,Abstention-justified,near-zero/negative returns — no defensible capitalization,near-zero/negative returns — no defensible capitalization
INDUSINDBK,C,BANK,1032.45,287.37406403971585,-0.7189220813383062,LOW CONF,high,238.4,341.0,443.7,-0.67,AVOID,medium,0.12,19.1,0.5,,Engine-wrongly-abstained,,independent model reaches a supported value
KFINTECH,C,NBFC,882.05,246.43797089569307,-0.7228854482225423,LOW CONF,high,39.1,46.0,52.9,-0.948,AVOID,high,0.03,8.2,0.5,,Engine-wrongly-abstained,,independent model reaches a supported value
360ONE,C,NBFC,1108.05,306.5640773046666,-0.7249806429490745,LOW CONF,high,376.6,579.5,782.3,-0.477,ABSTAIN,low,0.1089,12.5,4.5,,Abstention-justified,,thin data both sides
RUBICON,C,IT_SERVICES,1509.1,391.08982527352066,-0.7283343808880797,LOW CONF,medium,161.5,248.5,335.4,-0.835,ABSTAIN,low,0.1146,19.6,0.5,,Abstention-justified,,thin data both sides
INDIGO,C,AVIATION,,1424.7568603081918,-0.7285401809453764,LOW CONF,medium,,,,,ABSTAIN,,,,,,Abstention-justified,input-gap: spot multiples/ROE unavailable to this method,input-gap: spot multiples/ROE unavailable to this method
VEDPOWER,C,MANUFACTURING,,10.158792253809963,-0.7304645196654295,LOW CONF,medium,,,,,ABSTAIN,,,,,,Abstention-justified,input-gap: spot multiples/ROE unavailable to this method,input-gap: spot multiples/ROE unavailable to this method
ENRIN,C,CAPITAL_GOODS,3385.2,916.1186473542191,-0.7309727050908233,LOW CONF,high,379.5,583.8,788.1,-0.828,ABSTAIN,low,0.16,23.1,0.5,,Abstention-justified,,thin data both sides
INDOSTAR,C,NBFC,,69.52629401711667,-0.7361430967092346,LOW CONF,medium,,,,,ABSTAIN,,,,,,Abstention-justified,near-zero/negative returns — no defensible capitalization,near-zero/negative returns — no defensible capitalization
SOLARINDS,C,CHEMICALS,18400.0,4807.752819054091,-0.7389927894107443,LOW CONF,high,1881.4,3300.6,4719.9,-0.821,ABSTAIN,low,0.1,15.1,9.0,peak haircut x0.61,Abstention-justified,,thin data both sides
CENTUM,C,MANUFACTURING,3720.5,959.0940357333924,-0.7395818415560041,LOW CONF,medium,425.7,655.0,884.2,-0.824,ABSTAIN,low,0.12,15.5,0.5,,Abstention-justified,,thin data both sides
GABRIEL,C,AUTO,1400.0,344.93585423783725,-0.7406497336557615,LOW CONF,high,176.6,309.8,442.9,-0.779,ABSTAIN,low,0.1,12.7,4.94,,Abstention-justified,,thin data both sides
IDFCFIRSTB,C,BANK,,20.446991808291727,-0.7416678230158973,LOW CONF,high,,,,,ABSTAIN,,,,,,Abstention-justified,near-zero/negative returns — no defensible capitalization,near-zero/negative returns — no defensible capitalization
SCHNEIDER,C,CAPITAL_GOODS,1336.4,327.80889927705294,-0.7425921481923417,LOW CONF,high,109.3,168.1,226.9,-0.874,ABSTAIN,low,0.16,23.2,0.5,,Abstention-justified,,thin data both sides
MCX,C,NBFC,2747.3,687.9560055893563,-0.7494697721815892,LOW CONF,high,222.3,342.0,461.7,-0.876,ABSTAIN,low,0.1161,14.4,0.5,,Abstention-justified,,thin data both sides
AGIIL,C,CONSTRUCTION,335.0,82.93983300293479,-0.754215934203779,LOW CONF,medium,59.4,104.1,148.9,-0.689,ABSTAIN,low,0.1,11.9,4.73,peak haircut x0.69,Abstention-justified,,thin data both sides
TDPOWERSYS,C,CAPITAL_GOODS,1145.4,273.1401189003118,-0.7577900869909446,LOW CONF,medium,137.9,212.2,286.5,-0.815,ABSTAIN,low,0.1338,16.8,0.5,,Abstention-justified,,thin data both sides
ABB,C,CAPITAL_GOODS,7509.85,1831.173406188437,-0.7611772538391344,LOW CONF,high,626.6,964.0,1301.4,-0.872,ABSTAIN,low,0.1195,15.0,0.5,,Abstention-justified,,thin data both sides
NEOGEN,C,CHEMICALS,,512.2734755487754,-0.7625615408812165,LOW CONF,medium,,,,,ABSTAIN,,,,,,Abstention-justified,near-zero/negative returns — no defensible capitalization,near-zero/negative returns — no defensible capitalization
RTNINDIA,C,UTILITIES,,7.531034804113248,-0.7631750061599608,LOW CONF,medium,,,,,ABSTAIN,,,,,,Abstention-justified,input-gap: spot multiples/ROE unavailable to this method,input-gap: spot multiples/ROE unavailable to this method
MMTC,C,MANUFACTURING,63.85,14.825532034170584,-0.7662693987991395,LOW CONF,high,43.3,66.6,89.9,0.043,HOLD,low,0.1098,13.2,9.0,,Abstention-justified,,my confidence low too
GVT&D,C,CAPITAL_GOODS,4675.8,1005.6961200945785,-0.7685234607465237,LOW CONF,high,508.9,782.9,1056.9,-0.833,ABSTAIN,low,0.16,27.5,0.5,,Abstention-justified,,thin data both sides
LAURUSLABS,C,PHARMA,1559.5,350.0169407322502,-0.7706010350424366,LOW CONF,high,189.7,291.9,394.0,-0.813,ABSTAIN,low,0.1008,21.4,0.5,,Abstention-justified,,thin data both sides
NAM-INDIA,C,NBFC,1189.1,270.9174255917559,-0.7717052114335924,LOW CONF,high,107.3,165.1,222.8,-0.861,ABSTAIN,low,0.1188,14.6,0.5,,Abstention-justified,,thin data both sides
LLOYDSENT,C,NBFC,82.4,17.256276216131706,-0.7768488786223754,LOW CONF,medium,14.6,17.6,20.5,-0.787,AVOID,medium,0.054,9.4,0.6,,Engine-wrongly-abstained,,independent model reaches a supported value
PAGEIND,C,TEXTILES,39475.0,8684.589199700196,-0.7818490530092892,LOW CONF,high,4743.2,6507.3,8271.3,-0.835,AVOID,medium,0.05,13.3,5.97,peak haircut x0.60,Engine-wrongly-abstained,,independent model reaches a supported value
FUSION,C,NBFC,225.8,48.27557641483145,-0.7824542543606352,LOW CONF,medium,39.1,60.2,81.3,-0.733,ABSTAIN,low,0.12,16.0,0.5,,Abstention-justified,,thin data both sides
ACUTAAS,C,PHARMA,3648.6,759.7315478039404,-0.7864723024721921,LOW CONF,high,625.9,962.9,1299.9,-0.736,ABSTAIN,low,0.1296,27.2,0.5,,Abstention-justified,,thin data both sides
AEGISLOG,C,ENERGY,1294.2,276.2003515105043,-0.7934332873304133,LOW CONF,high,297.8,386.8,475.8,-0.701,AVOID,high,0.07,11.2,1.73,,Engine-wrongly-abstained,,independent model reaches a supported value
CDSL,C,NBFC,1385.5,286.1882716859617,-0.7968278633494521,LOW CONF,high,303.0,369.5,436.0,-0.733,AVOID,medium,0.0972,13.3,4.5,,Engine-wrongly-abstained,,independent model reaches a supported value
MAHSCOOTER,C,CAPITAL_GOODS,13016.0,2654.2094259824194,-0.797357655673964,LOW CONF,medium,6123.7,8403.7,10683.8,-0.354,AVOID,low,0.16,27.5,0.5,,Abstention-justified,,my confidence low too
HSCL,C,CHEMICALS,771.95,149.97463731539756,-0.7973863316463151,LOW CONF,high,145.3,233.6,321.9,-0.697,AVOID,medium,0.096,12.3,3.46,,Engine-wrongly-abstained,,independent model reaches a supported value
RHIM,C,CAPITAL_GOODS,,82.01900733314524,-0.7995135484401241,LOW CONF,medium,,,,,ABSTAIN,,,,,,Abstention-justified,near-zero/negative returns — no defensible capitalization,near-zero/negative returns — no defensible capitalization
SHAILY,C,CHEMICALS,2760.0,516.552475577695,-0.8128839833450354,LOW CONF,medium,428.2,751.2,1074.2,-0.728,ABSTAIN,low,0.1,14.4,9.0,peak haircut x0.72,Abstention-justified,,thin data both sides
NAZARA,C,IT_SERVICES,,56.003607778150666,-0.8161706621429488,LOW CONF,medium,,,,,ABSTAIN,,,,,,Abstention-justified,near-zero/negative returns — no defensible capitalization,near-zero/negative returns — no defensible capitalization
CPPLUS,C,CAPITAL_GOODS,3672.0,663.3887645807145,-0.8162357992851207,LOW CONF,high,566.7,871.9,1177.1,-0.763,ABSTAIN,low,0.1176,14.8,0.5,,Abstention-justified,,thin data both sides
PWL,C,CONSUMER,,24.14737795307843,-0.8180714386116293,LOW CONF,medium,,,,,ABSTAIN,,,,,,Abstention-justified,input-gap: spot multiples/ROE unavailable to this method,input-gap: spot multiples/ROE unavailable to this method
MEESHO,C,CONSUMER,,34.15203702593325,-0.8181661323291808,LOW CONF,medium,,,,,ABSTAIN,,,,,,Abstention-justified,input-gap: spot multiples/ROE unavailable to this method,input-gap: spot multiples/ROE unavailable to this method
LXCHEM,C,CHEMICALS,176.55,30.1400336236508,-0.8245223939004961,LOW CONF,medium,23.6,30.6,37.6,-0.827,AVOID,high,0.036,7.5,0.5,trough uplift x1.30,Engine-wrongly-abstained,,independent model reaches a supported value
POCL,C,METAL,1404.7,230.69731791698942,-0.8295298027658394,LOW CONF,medium,273.9,365.6,457.3,-0.74,AVOID,medium,0.07,9.4,1.7,peak haircut x0.78,Engine-wrongly-abstained,,independent model reaches a supported value
DELHIVERY,C,MANUFACTURING,,79.64517188928039,-0.8378724236350527,LOW CONF,high,,,,,ABSTAIN,,,,,,Abstention-justified,near-zero/negative returns — no defensible capitalization,near-zero/negative returns — no defensible capitalization
TURTLEMINT,C,IT_SERVICES,,21.687811060063726,-0.8401782530577471,LOW CONF,medium,,,,,ABSTAIN,,,,,,Abstention-justified,input-gap: spot multiples/ROE unavailable to this method,input-gap: spot multiples/ROE unavailable to this method
GVPIL,C,CONSTRUCTION,832.55,124.13438997043227,-0.8426587363325531,LOW CONF,medium,330.2,550.9,771.6,-0.338,AVOID,medium,0.1,14.8,9.0,peak haircut x0.60,Engine-wrongly-abstained,,independent model reaches a supported value
DIACABS,C,MANUFACTURING,,33.471750235939126,-0.8493213728462271,LOW CONF,low,,,,,ABSTAIN,,,,,,Abstention-justified,input-gap: spot multiples/ROE unavailable to this method,input-gap: spot multiples/ROE unavailable to this method
SIGNATURE,C,REALTY,802.8,120.04109786331834,-0.8514802377193711,LOW CONF,high,523.0,849.0,1175.0,0.058,ACC-zone,medium,0.1,14.3,9.0,peak haircut x0.60,Engine-wrongly-abstained,,independent model reaches a supported value
RITES,C,CONSTRUCTION,,31.13388682004626,-0.8570331688476546,LOW CONF,high,,,,,ABSTAIN,,,,,,Abstention-justified,near-zero/negative returns — no defensible capitalization,near-zero/negative returns — no defensible capitalization
URBANCO,C,CONSUMER,,18.520168127225702,-0.8580394900565254,LOW CONF,medium,,,,,ABSTAIN,,,,,,Abstention-justified,input-gap: spot multiples/ROE unavailable to this method,input-gap: spot multiples/ROE unavailable to this method
ICICIAMC,C,NBFC,3182.8,440.81787595121085,-0.8602795955780632,LOW CONF,high,311.2,478.8,646.3,-0.85,ABSTAIN,low,0.12,16.6,0.5,,Abstention-justified,,thin data both sides
AAVAS,C,NBFC,,201.95482148474318,-0.8644871358218189,LOW CONF,high,,,,,ABSTAIN,,,,,,Abstention-justified,near-zero/negative returns — no defensible capitalization,near-zero/negative returns — no defensible capitalization
E2E,C,IT_SERVICES,,54.12394175356067,-0.8662780932586519,LOW CONF,medium,,,,,ABSTAIN,,,,,,Abstention-justified,input-gap: spot multiples/ROE unavailable to this method,input-gap: spot multiples/ROE unavailable to this method
MAHLOG,C,LOGISTICS,,51.2400125560015,-0.8668917715131796,LOW CONF,medium,,,,,ABSTAIN,,,,,,Abstention-justified,near-zero/negative returns — no defensible capitalization,near-zero/negative returns — no defensible capitalization
CUPID,C,CONSUMER,214.7,27.601519277361405,-0.8698655385320065,LOW CONF,medium,14.4,22.2,30.0,-0.897,ABSTAIN,low,0.144,34.3,0.5,,Abstention-justified,,thin data both sides
GODIGIT,C,INSURANCE,312.4,36.66077600345248,-0.8699972482147075,LOW CONF,high,41.4,48.7,56.0,-0.844,AVOID,high,0.0509,11.3,1.11,,Engine-wrongly-abstained,,independent model reaches a supported value
DBREALTY,C,CONSTRUCTION,116.0,14.361284414038854,-0.874770802109881,LOW CONF,medium,137.8,241.7,345.7,1.084,ABSTAIN,low,0.1,14.8,9.0,peak haircut x0.60,Abstention-justified,,thin data both sides
POWERINDIA,C,CAPITAL_GOODS,32097.55,3961.3321814377737,-0.8759564057793088,LOW CONF,high,2957.1,4549.4,6141.7,-0.858,ABSTAIN,low,0.1145,14.4,9.0,,Abstention-justified,,thin data both sides
NSIL,C,METAL,5452.0,645.0625217191264,-0.8801333231033863,LOW CONF,low,35277.8,61890.9,88504.0,10.352,ABSTAIN,low,0.07,11.9,5.79,peak haircut x0.60,Abstention-justified,,thin data both sides
HINDCOPPER,C,METAL,499.3,57.22313296940241,-0.8812058688615271,LOW CONF,high,28.2,49.5,70.7,-0.901,ABSTAIN,low,0.07,10.2,2.47,peak haircut x0.62,Abstention-justified,,thin data both sides
ORCHPHARMA,C,IT_SERVICES,,122.78175874636332,-0.8820653551566965,LOW CONF,medium,,,,,ABSTAIN,,,,,,Abstention-justified,near-zero/negative returns — no defensible capitalization,near-zero/negative returns — no defensible capitalization
KWIL,C,CONSUMER,,3.6870481350657807,-0.8867266317952142,LOW CONF,medium,,,,,ABSTAIN,,,,,,Abstention-justified,input-gap: spot multiples/ROE unavailable to this method,input-gap: spot multiples/ROE unavailable to this method
ETERNAL,C,CONSUMER,281.4,32.31749290394242,-0.8872383359946182,LOW CONF,high,20.3,26.7,33.0,-0.905,ABSTAIN,low,0.16,50.4,0.5,,Abstention-justified,,thin data both sides
CARTRADE,C,CONSUMER,2777.6,303.57120234748777,-0.8875037234213496,LOW CONF,high,265.9,312.8,359.8,-0.887,ABSTAIN,low,0.16,50.4,0.5,,Abstention-justified,,thin data both sides
INDOTHAI,C,NBFC,218.3,24.280342634015113,-0.8885200062717397,LOW CONF,medium,34.0,52.2,70.5,-0.761,ABSTAIN,low,0.12,14.1,0.5,,Abstention-justified,,thin data both sides
BHAGCHEM,C,CHEMICALS,,29.924486206519298,-0.8905068195882938,LOW CONF,medium,,,,,ABSTAIN,,,,,,Abstention-justified,near-zero/negative returns — no defensible capitalization,near-zero/negative returns — no defensible capitalization
GMRAIRPORT,C,MANUFACTURING,,12.06022741475939,-0.8908872938138117,LOW CONF,low,,,,,ABSTAIN,,,,,,Abstention-justified,input-gap: spot multiples/ROE unavailable to this method,input-gap: spot multiples/ROE unavailable to this method
PINELABS,C,NBFC,,16.22129607805332,-0.8928792440199874,LOW CONF,high,,,,,ABSTAIN,,,,,,Abstention-justified,near-zero/negative returns — no defensible capitalization,near-zero/negative returns — no defensible capitalization
RTNPOWER,C,UTILITIES,8.75,0.850136099418791,-0.9023953961631699,LOW CONF,medium,1.9,2.9,4.0,-0.666,ABSTAIN,low,0.12,21.2,0.5,,Abstention-justified,,thin data both sides
GUJALKALI,C,CHEMICALS,,51.70625385578714,-0.911004726582122,LOW CONF,medium,,,,,ABSTAIN,,,,,,Abstention-justified,input-gap: spot multiples/ROE unavailable to this method,input-gap: spot multiples/ROE unavailable to this method
NIVABUPA,C,INSURANCE,,7.003723644450277,-0.918599213802298,LOW CONF,high,,,,,ABSTAIN,,,,,,Abstention-justified,near-zero/negative returns — no defensible capitalization,near-zero/negative returns — no defensible capitalization
SPARC,C,IT_SERVICES,227.42,18.960160522251858,-0.9193870726094734,LOW CONF,medium,897.6,1381.0,1864.3,5.072,ABSTAIN,low,0.16,35.9,0.5,,Abstention-justified,,thin data both sides
RPEL,C,METAL,1284.6,101.03800718823291,-0.9224574004695065,LOW CONF,medium,56.3,98.8,141.3,-0.923,ABSTAIN,low,0.07,10.4,2.7,peak haircut x0.60,Abstention-justified,,thin data both sides
ATHERENERG,C,AUTO,,94.04290550413734,-0.9256283863154312,LOW CONF,medium,,,,,ABSTAIN,,,,,,Abstention-justified,input-gap: spot multiples/ROE unavailable to this method,input-gap: spot multiples/ROE unavailable to this method
VIPIND,C,CONSUMER_DISC,,21.165729382816295,-0.9289740624737709,LOW CONF,medium,,,,,ABSTAIN,,,,,,Abstention-justified,input-gap: spot multiples/ROE unavailable to this method,input-gap: spot multiples/ROE unavailable to this method
IDEAFORGE,C,DEFENCE,,57.88052801682747,-0.93140085568376,LOW CONF,medium,,,,,ABSTAIN,,,,,,Abstention-justified,input-gap: spot multiples/ROE unavailable to this method,input-gap: spot multiples/ROE unavailable to this method
SUVEN,C,IT_SERVICES,,22.111981216524224,-0.9321510241898613,LOW CONF,medium,,,,,ABSTAIN,,,,,,Abstention-justified,input-gap: spot multiples/ROE unavailable to this method,input-gap: spot multiples/ROE unavailable to this method
BLUESTONE,C,CONSUMER_DISC,,36.54139230449583,-0.9387249227727076,LOW CONF,medium,,,,,ABSTAIN,,,,,,Abstention-justified,near-zero/negative returns — no defensible capitalization,near-zero/negative returns — no defensible capitalization
NACLIND,C,CHEMICALS,210.0,12.79209387961672,-0.9400136277626414,LOW CONF,medium,57.1,100.2,143.4,-0.523,ABSTAIN,low,0.1,16.7,9.0,peak haircut x0.60,Abstention-justified,,thin data both sides
PAYTM,C,NBFC,,78.51307094599706,-0.9413600187123781,LOW CONF,high,,,,,ABSTAIN,,,,,,Abstention-justified,near-zero/negative returns — no defensible capitalization,near-zero/negative returns — no defensible capitalization
APLAPOLLO,C,CAPITAL_GOODS,1815.4,104.53443865110707,-0.9417245854325415,LOW CONF,high,40.9,61.9,82.8,-0.966,ABSTAIN,low,0.16,27.5,0.5,,Abstention-justified,,thin data both sides
CANHLIFE,C,INSURANCE,149.5,8.132148705774982,-0.9456588793466422,LOW CONF,high,9.4,11.0,12.7,-0.926,AVOID,high,0.0355,9.8,0.61,,Engine-wrongly-abstained,,independent model reaches a supported value
GMDCLTD,C,METAL,,30.571654437178758,-0.9474713841285589,LOW CONF,high,,,,,ABSTAIN,,,,,,Abstention-justified,near-zero/negative returns — no defensible capitalization,near-zero/negative returns — no defensible capitalization
FACT,C,CHEMICALS,,41.73421467808318,-0.9501293963337717,LOW CONF,medium,,,,,ABSTAIN,,,,,,Abstention-justified,input-gap: spot multiples/ROE unavailable to this method,input-gap: spot multiples/ROE unavailable to this method
NTPCGREEN,C,UTILITIES,,4.2269093107924816,-0.9540553335783426,LOW CONF,high,,,,,ABSTAIN,,,,,,Abstention-justified,near-zero/negative returns — no defensible capitalization,near-zero/negative returns — no defensible capitalization
SWANCORP,C,CHEMICALS,,12.522261762835456,-0.9596771477609549,LOW CONF,high,,,,,ABSTAIN,,,,,,Abstention-justified,near-zero/negative returns — no defensible capitalization,near-zero/negative returns — no defensible capitalization
POLICYBZR,C,NBFC,1582.8,63.00392445964607,-0.960129145386884,LOW CONF,high,103.3,121.5,139.7,-0.923,AVOID,high,0.0414,9.5,0.69,,Engine-wrongly-abstained,,independent model reaches a supported value
ZOTA,C,IT_SERVICES,,51.750194442994186,-0.9616977318903159,LOW CONF,medium,,,,,ABSTAIN,,,,,,Abstention-justified,input-gap: spot multiples/ROE unavailable to this method,input-gap: spot multiples/ROE unavailable to this method
KIOCL,C,METAL,371.9,12.076320021711606,-0.9673082836445274,LOW CONF,medium,38.3,67.3,96.2,-0.819,ABSTAIN,low,0.07,12.1,6.67,peak haircut x0.60,Abstention-justified,,thin data both sides
MFSL,C,NBFC,,49.724587951348596,-0.9680474309527383,LOW CONF,high,,,,,ABSTAIN,,,,,,Abstention-justified,near-zero/negative returns — no defensible capitalization,near-zero/negative returns — no defensible capitalization
AEQUS,C,DEFENCE,,7.2098509106241515,-0.9685420353827647,LOW CONF,medium,,,,,ABSTAIN,,,,,,Abstention-justified,input-gap: spot multiples/ROE unavailable to this method,input-gap: spot multiples/ROE unavailable to this method
STLTECH,C,MANUFACTURING,,15.300528344309992,-0.9705985235505188,LOW CONF,medium,,,,,ABSTAIN,,,,,,Abstention-justified,near-zero/negative returns — no defensible capitalization,near-zero/negative returns — no defensible capitalization
HEMIPROP,C,REALTY,,1.4706151618783267,-0.9891515553121988,LOW CONF,medium,,,,,ABSTAIN,,,,,,Abstention-justified,input-gap: spot multiples/ROE unavailable to this method,input-gap: spot multiples/ROE unavailable to this method
VOGL,C,ENERGY,,0.22654166496235828,-0.9936649422549675,LOW CONF,low,,,,,ABSTAIN,,,,,,Abstention-justified,input-gap: spot multiples/ROE unavailable to this method,input-gap: spot multiples/ROE unavailable to this method
INDIACEM,C,CEMENT,,2.3563888989250765,-0.9942131903268048,LOW CONF,medium,,,,,ABSTAIN,,,,,,Abstention-justified,input-gap: spot multiples/ROE unavailable to this method,input-gap: spot multiples/ROE unavailable to this method
WESTLIFE,C,CONSUMER_DISC,506.9,,,NO DATA,medium,11.0,13.8,16.6,-0.973,AVOID,medium,0.03,10.1,0.5,,Engine-wrongly-abstained,,independent model reaches a supported value
BAGMANE,C,MANUFACTURING,,,,NO DATA,low,,,,,ABSTAIN,,,,,,Abstention-justified,input-gap: spot multiples/ROE unavailable to this method,input-gap: spot multiples/ROE unavailable to this method
RATEGAIN,C,IT_SERVICES,,,,NO DATA,low,,,,,ABSTAIN,,,,,,Abstention-justified,input-gap: spot multiples/ROE unavailable to this method,input-gap: spot multiples/ROE unavailable to this method
BAJAJHIND,C,CONSUMER,,,,LOW CONF,medium,,,,,ABSTAIN,,,,,,Abstention-justified,near-zero/negative returns — no defensible capitalization,near-zero/negative returns — no defensible capitalization
ALOKINDS,C,CONSUMER_DISC,,,,NO DATA,low,,,,,ABSTAIN,,,,,,Abstention-justified,input-gap: spot multiples/ROE unavailable to this method,input-gap: spot multiples/ROE unavailable to this method
AGARWALEYE,C,MANUFACTURING,,,,NO DATA,low,,,,,ABSTAIN,,,,,,Abstention-justified,input-gap: spot multiples/ROE unavailable to this method,input-gap: spot multiples/ROE unavailable to this method
AGL,C,MANUFACTURING,,,,NO DATA,low,,,,,ABSTAIN,,,,,,Abstention-justified,input-gap: spot multiples/ROE unavailable to this method,input-gap: spot multiples/ROE unavailable to this method
CCAVENUE,C,MANUFACTURING,,,,NO DATA,low,,,,,ABSTAIN,,,,,,Abstention-justified,input-gap: spot multiples/ROE unavailable to this method,input-gap: spot multiples/ROE unavailable to this method
CMSINFO,C,IT_SERVICES,,,,NO DATA,low,,,,,ABSTAIN,,,,,,Abstention-justified,input-gap: spot multiples/ROE unavailable to this method,input-gap: spot multiples/ROE unavailable to this method
EQUITASBNK,C,MANUFACTURING,,,,NO DATA,low,,,,,ABSTAIN,,,,,,Abstention-justified,input-gap: spot multiples/ROE unavailable to this method,input-gap: spot multiples/ROE unavailable to this method
DBL,C,CONSTRUCTION,407.85,,,NO DATA,low,660.2,1158.2,1656.2,1.84,ABSTAIN,low,0.1,11.9,4.77,peak haircut x0.68,Abstention-justified,,thin data both sides
EDELWEISS,C,NBFC,120.63,,,LOW CONF,medium,78.1,91.8,105.6,-0.239,REDUCE,high,0.0882,11.6,2.24,,Engine-wrongly-abstained,,independent model reaches a supported value
GMMPFAUDLR,C,CAPITAL_GOODS,,,,NO DATA,low,,,,,ABSTAIN,,,,,,Abstention-justified,input-gap: spot multiples/ROE unavailable to this method,input-gap: spot multiples/ROE unavailable to this method
HCG,C,PHARMA,,,,NO DATA,low,,,,,ABSTAIN,,,,,,Abstention-justified,input-gap: spot multiples/ROE unavailable to this method,input-gap: spot multiples/ROE unavailable to this method
HGINFRA,C,CONSTRUCTION,,,,NO DATA,low,,,,,ABSTAIN,,,,,,Abstention-justified,input-gap: spot multiples/ROE unavailable to this method,input-gap: spot multiples/ROE unavailable to this method
IONEXCHANG,C,UTILITIES,,,,NO DATA,low,,,,,ABSTAIN,,,,,,Abstention-justified,input-gap: spot multiples/ROE unavailable to this method,input-gap: spot multiples/ROE unavailable to this method
KITEX,C,CONSUMER_DISC,,,,LOW CONF,low,,,,,ABSTAIN,,,,,,Abstention-justified,input-gap: spot multiples/ROE unavailable to this method,input-gap: spot multiples/ROE unavailable to this method
RAIN,C,MANUFACTURING,,,,NO DATA,low,,,,,ABSTAIN,,,,,,Abstention-justified,input-gap: spot multiples/ROE unavailable to this method,input-gap: spot multiples/ROE unavailable to this method
RBA,C,CONSUMER_DISC,,,,LOW CONF,medium,,,,,ABSTAIN,,,,,,Abstention-justified,input-gap: spot multiples/ROE unavailable to this method,input-gap: spot multiples/ROE unavailable to this method
RENUKA,C,CONSUMER,,,,NO DATA,low,,,,,ABSTAIN,,,,,,Abstention-justified,input-gap: spot multiples/ROE unavailable to this method,input-gap: spot multiples/ROE unavailable to this method
SAFARI,C,CONSUMER_DISC,,,,NO DATA,low,,,,,ABSTAIN,,,,,,Abstention-justified,input-gap: spot multiples/ROE unavailable to this method,input-gap: spot multiples/ROE unavailable to this method
KSCL,C,MANUFACTURING,842.9,,,NO DATA,medium,765.3,1177.4,1589.6,0.397,BUY-zone,low,0.1008,12.6,6.0,,Abstention-justified,,my confidence low too
TARC,C,CONSTRUCTION,,,,LOW CONF,medium,,,,,ABSTAIN,,,,,,Abstention-justified,near-zero/negative returns — no defensible capitalization,near-zero/negative returns — no defensible capitalization
TI,C,MANUFACTURING,,,,NO DATA,low,,,,,ABSTAIN,,,,,,Abstention-justified,input-gap: spot multiples/ROE unavailable to this method,input-gap: spot multiples/ROE unavailable to this method
VGUARD,C,MANUFACTURING,,,,NO DATA,low,,,,,ABSTAIN,,,,,,Abstention-justified,input-gap: spot multiples/ROE unavailable to this method,input-gap: spot multiples/ROE unavailable to this method
DBCORP,C,CONSUMER_DISC,,,,NO DATA,low,,,,,ABSTAIN,,,,,,Abstention-justified,input-gap: spot multiples/ROE unavailable to this method,input-gap: spot multiples/ROE unavailable to this method
DCAL,C,IT_SERVICES,191.23,,,LOW CONF,medium,188.1,221.3,254.5,0.157,BUY-zone,low,0.16,35.9,0.5,,Abstention-justified,,my confidence low too
DREDGECORP,C,CONSTRUCTION,1017.4,,,LOW CONF,medium,2485.6,4360.7,6235.8,3.286,ABSTAIN,low,0.1,14.5,9.0,peak haircut x0.60,Abstention-justified,,thin data both sides
HEIDELBERG,C,CEMENT,,,,NO DATA,low,,,,,ABSTAIN,,,,,,Abstention-justified,input-gap: spot multiples/ROE unavailable to this method,input-gap: spot multiples/ROE unavailable to this method
ISGEC,C,CONSTRUCTION,,,,NO DATA,low,,,,,ABSTAIN,,,,,,Abstention-justified,input-gap: spot multiples/ROE unavailable to this method,input-gap: spot multiples/ROE unavailable to this method
INDIQUBE,C,REALTY,,,,LOW CONF,medium,,,,,ABSTAIN,,,,,,Abstention-justified,input-gap: spot multiples/ROE unavailable to this method,input-gap: spot multiples/ROE unavailable to this method
POLYPLEX,C,MANUFACTURING,,,,NO DATA,low,,,,,ABSTAIN,,,,,,Abstention-justified,input-gap: spot multiples/ROE unavailable to this method,input-gap: spot multiples/ROE unavailable to this method
JSWHL,C,NBFC,11074.0,,,LOW CONF,medium,4297.3,6611.2,8925.2,-0.403,ABSTAIN,low,0.12,16.0,0.5,,Abstention-justified,,thin data both sides
MAXESTATES,C,REALTY,,,,LOW CONF,medium,,,,,ABSTAIN,,,,,,Abstention-justified,near-zero/negative returns — no defensible capitalization,near-zero/negative returns — no defensible capitalization
RPSGVENT,C,NBFC,,,,LOW CONF,medium,,,,,ABSTAIN,,,,,,Abstention-justified,input-gap: spot multiples/ROE unavailable to this method,input-gap: spot multiples/ROE unavailable to this method
ABFRL,C,CONSUMER,,,,LOW CONF,medium,,,,,ABSTAIN,,,,,,Abstention-justified,input-gap: spot multiples/ROE unavailable to this method,input-gap: spot multiples/ROE unavailable to this method
ABREL,C,REALTY,,,,LOW CONF,medium,,,,,ABSTAIN,,,,,,Abstention-justified,input-gap: spot multiples/ROE unavailable to this method,input-gap: spot multiples/ROE unavailable to this method
ACMESOLAR,C,UTILITIES,,,,LOW CONF,high,,,,,ABSTAIN,,,,,,Abstention-justified,near-zero/negative returns — no defensible capitalization,near-zero/negative returns — no defensible capitalization
HINDPETRO,C,ENERGY,404.6,,,LOW CONF,high,192.9,338.4,484.0,-0.163,REDUCE,low,0.07,12.6,3.1,peak haircut x0.70,Abstention-justified,,my confidence low too
EMBDL,C,CONSTRUCTION,,,,LOW CONF,medium,,,,,ABSTAIN,,,,,,Abstention-justified,input-gap: spot multiples/ROE unavailable to this method,input-gap: spot multiples/ROE unavailable to this method
JBMA,C,AUTO,,,,LOW CONF,high,,,,,ABSTAIN,,,,,,Abstention-justified,near-zero/negative returns — no defensible capitalization,near-zero/negative returns — no defensible capitalization
SHILCTECH,C,MANUFACTURING,4488.9,,,NO DATA,medium,977.8,1504.4,2030.9,-0.665,ABSTAIN,low,0.12,15.8,0.5,,Abstention-justified,,thin data both sides
NSLNISP,C,METAL,42.86,,,LOW CONF,high,52.1,91.4,130.7,1.132,ABSTAIN,low,0.07,11.9,5.79,peak haircut x0.60,Abstention-justified,,thin data both sides
OLAELEC,C,AUTO,,,,LOW CONF,medium,,,,,ABSTAIN,,,,,,Abstention-justified,input-gap: spot multiples/ROE unavailable to this method,input-gap: spot multiples/ROE unavailable to this method
SINDHUTRAD,C,ENERGY,,,,LOW CONF,medium,,,,,ABSTAIN,,,,,,Abstention-justified,near-zero/negative returns — no defensible capitalization,near-zero/negative returns — no defensible capitalization
ONESOURCE,C,PHARMA,,,,LOW CONF,medium,,,,,ABSTAIN,,,,,,Abstention-justified,input-gap: spot multiples/ROE unavailable to this method,input-gap: spot multiples/ROE unavailable to this method
RPOWER,C,UTILITIES,,,,LOW CONF,medium,,,,,ABSTAIN,,,,,,Abstention-justified,input-gap: spot multiples/ROE unavailable to this method,input-gap: spot multiples/ROE unavailable to this method
PHOENIXLTD,C,REALTY,,,,LOW CONF,high,,,,,ABSTAIN,,,,,,Abstention-justified,near-zero/negative returns — no defensible capitalization,near-zero/negative returns — no defensible capitalization
IDEA,C,TELECOM,,,,NO DATA,low,,,,,ABSTAIN,,,,,,Abstention-justified,input-gap: spot multiples/ROE unavailable to this method,input-gap: spot multiples/ROE unavailable to this method
WOCKPHARMA,C,PHARMA,1937.0,,,NO DATA,high,128.3,151.0,173.6,-0.922,AVOID,high,0.036,11.3,0.5,,Engine-wrongly-abstained,,independent model reaches a supported value
TTML,C,TELECOM,,,,NO DATA,low,,,,,ABSTAIN,,,,,,Abstention-justified,input-gap: spot multiples/ROE unavailable to this method,input-gap: spot multiples/ROE unavailable to this method
TEJASNET,C,TELECOM,,,,LOW CONF,medium,,,,,ABSTAIN,,,,,,Abstention-justified,near-zero/negative returns — no defensible capitalization,near-zero/negative returns — no defensible capitalization
CHEMPLASTS,C,CHEMICALS,,,,LOW CONF,medium,,,,,ABSTAIN,,,,,,Abstention-justified,input-gap: spot multiples/ROE unavailable to this method,input-gap: spot multiples/ROE unavailable to this method
ITDC,C,CONSUMER_DISC,,,,NO DATA,low,,,,,ABSTAIN,,,,,,Abstention-justified,input-gap: spot multiples/ROE unavailable to this method,input-gap: spot multiples/ROE unavailable to this method
SUNCLAY,C,MANUFACTURING,1390.0,,,NO DATA,medium,727.6,1119.4,1511.2,-0.195,REDUCE,low,0.117,13.6,0.5,,Abstention-justified,,my confidence low too
SWANDEF,C,LOGISTICS,,,,LOW CONF,low,,,,,ABSTAIN,,,,,,Abstention-justified,input-gap: spot multiples/ROE unavailable to this method,input-gap: spot multiples/ROE unavailable to this method
TVSHLTD,C,AUTO,14046.0,,,NO DATA,medium,6341.1,10310.3,14279.5,-0.266,AVOID,medium,0.1,16.1,9.0,peak haircut x0.60,Engine-wrongly-abstained,,independent model reaches a supported value
UEL,C,MANUFACTURING,,,,LOW CONF,medium,,,,,ABSTAIN,,,,,,Abstention-justified,near-zero/negative returns — no defensible capitalization,near-zero/negative returns — no defensible capitalization
SIGMAADV,C,MANUFACTURING,,,,NO DATA,low,,,,,ABSTAIN,,,,,,Abstention-justified,input-gap: spot multiples/ROE unavailable to this method,input-gap: spot multiples/ROE unavailable to this method
VAML,C,METAL,,,,NO DATA,low,,,,,DATA-DEFECT,,,,,,Data-defect,known live data bug (platform audit DATA-01/02),known live data bug (platform audit DATA-01/02)
VISL,C,METAL,,,,NO DATA,low,,,,,DATA-DEFECT,,,,,,Data-defect,known live data bug (platform audit DATA-01/02),known live data bug (platform audit DATA-01/02)
NETWORK18,C,MANUFACTURING,,,,LOW CONF,medium,,,,,ABSTAIN,,,,,,Abstention-justified,near-zero/negative returns — no defensible capitalization,near-zero/negative returns — no defensible capitalization
